¿A qué clase farmacológica pertenece Etinilestradiol/levonorgestrel?	Anticonceptivo hormonal combinado (Píldora combinada con progestágeno de 2.ª generación)	Farmacoterapia::Ginecología y obstetricia
¿Cuál es el mecanismo de acción de Etinilestradiol/levonorgestrel?	Inhibe la ovulación (supresión de FSH y LH), espesa el moco cervical y altera el endometrio.	Farmacoterapia::Ginecología y obstetricia
¿Qué distingue a Etinilestradiol/levonorgestrel de los demás fármacos de su clase (Anticonceptivo hormonal combinado)?	<b>La combinación con MENOR riesgo TROMBÓTICO</b> entre las píldoras (levonorgestrel): <b>primera elección</b> en una mujer sin otras necesidades.	Farmacoterapia::Ginecología y obstetricia
¿Cuál es la dosis de Etinilestradiol/levonorgestrel en Anticoncepción?	30 µg EE / 150 µg LNG (1 comprimido) — Cada 24 h a la misma hora (21 días + 7 de descanso), vía VO	Farmacoterapia::Ginecología y obstetricia
¿Cuánto dura el tratamiento con Etinilestradiol/levonorgestrel?	Mientras se desee anticoncepción.	Farmacoterapia::Ginecología y obstetricia
¿Cómo se suspende Etinilestradiol/levonorgestrel?	Suspensión directa.	Farmacoterapia::Ginecología y obstetricia
¿Qué hay que monitorizar durante el tratamiento con Etinilestradiol/levonorgestrel?	PA anual.	Farmacoterapia::Ginecología y obstetricia
¿Cuál es la vida media de Etinilestradiol/levonorgestrel?	EE 10-20 h.	Farmacoterapia::Ginecología y obstetricia
¿Requiere Etinilestradiol/levonorgestrel ajuste en insuficiencia renal?	No precisa.	Farmacoterapia::Ginecología y obstetricia
Interacción crítica de Etinilestradiol/levonorgestrel con Rifampicina, carbamazepina, fenitoína, topiramato, hipérico: ¿qué ocurre y qué se hace?	<b>Fallo anticonceptivo</b>. Manejo: Método no hormonal o DIU	Farmacoterapia::Ginecología y obstetricia
Interacción crítica de Etinilestradiol/levonorgestrel con Lamotrigina: ¿qué ocurre y qué se hace?	Reduce sus niveles a la mitad. Manejo: Ajustar lamotrigina	Farmacoterapia::Ginecología y obstetricia
Efecto adverso grave de Etinilestradiol/levonorgestrel: <b>Tromboembolia venosa</b> — ¿en qué consiste?	<b>Tromboembolia venosa</b>	Farmacoterapia::Ginecología y obstetricia
Efecto adverso grave de Etinilestradiol/levonorgestrel: Ictus e infarto — ¿en qué consiste?	Ictus e infarto (fumadoras, migraña con aura)	Farmacoterapia::Ginecología y obstetricia
Efecto adverso grave de Etinilestradiol/levonorgestrel: Adenoma hepático — ¿en qué consiste?	Adenoma hepático	Farmacoterapia::Ginecología y obstetricia
¿Está contraindicado Etinilestradiol/levonorgestrel en: Fumadora ≥35 años?	Sí — Fumadora ≥35 años	Farmacoterapia::Ginecología y obstetricia
¿Está contraindicado Etinilestradiol/levonorgestrel en: Migraña con aura?	Sí — Migraña con aura	Farmacoterapia::Ginecología y obstetricia
¿Está contraindicado Etinilestradiol/levonorgestrel en: Antecedente de ETV o trombofilia?	Sí — Antecedente de ETV o trombofilia	Farmacoterapia::Ginecología y obstetricia
¿Está contraindicado Etinilestradiol/levonorgestrel en: HTA no controlada?	Sí — HTA no controlada	Farmacoterapia::Ginecología y obstetricia
¿Está contraindicado Etinilestradiol/levonorgestrel en: Cáncer de mama?	Sí — Cáncer de mama	Farmacoterapia::Ginecología y obstetricia
¿Está contraindicado Etinilestradiol/levonorgestrel en: <6 semanas posparto con lactancia?	Sí — <6 semanas posparto con lactancia	Farmacoterapia::Ginecología y obstetricia
Particularidad de Etinilestradiol/levonorgestrel que hay que tener en cuenta:	Olvido <24 h: tomarla en cuanto se recuerde; >24 h: método barrera 7 días.	Farmacoterapia::Ginecología y obstetricia
¿A qué clase farmacológica pertenece Etinilestradiol/drospirenona?	Anticonceptivo hormonal combinado (Píldora con progestágeno antimineralocorticoide y antiandrogénico)	Farmacoterapia::Ginecología y obstetricia
¿Cuál es el mecanismo de acción de Etinilestradiol/drospirenona?	Inhibición ovulatoria; la drospirenona deriva de la espironolactona.	Farmacoterapia::Ginecología y obstetricia
¿Qué distingue a Etinilestradiol/drospirenona de los demás fármacos de su clase (Anticonceptivo hormonal combinado)?	<b>Drospirenona: efecto ANTIANDROGÉNICO y ANTIMINERALOCORTICOIDE</b> (menos retención de líquidos; útil en acné, SOP y síndrome premenstrual).	Farmacoterapia::Ginecología y obstetricia
¿Cuál es la dosis de Etinilestradiol/drospirenona en Anticoncepción en mujer con acné, hirsutismo o síndrome premenstrual?	20-30 µg EE / 3 mg drospirenona — Cada 24 h (pauta 24+4 o 21+7), vía VO	Farmacoterapia::Ginecología y obstetricia
¿Cuánto dura el tratamiento con Etinilestradiol/drospirenona?	Según deseo.	Farmacoterapia::Ginecología y obstetricia
¿Cómo se suspende Etinilestradiol/drospirenona?	—	Farmacoterapia::Ginecología y obstetricia
¿Qué hay que monitorizar durante el tratamiento con Etinilestradiol/drospirenona?	PA, K si riesgo.	Farmacoterapia::Ginecología y obstetricia
¿Cuál es la vida media de Etinilestradiol/drospirenona?	Drospirenona 30 h.	Farmacoterapia::Ginecología y obstetricia
¿Requiere Etinilestradiol/drospirenona ajuste en insuficiencia renal?	Contraindicada en ERC grave (K).	Farmacoterapia::Ginecología y obstetricia
Interacción crítica de Etinilestradiol/drospirenona con Inductores enzimáticos: ¿qué ocurre y qué se hace?	Fallo anticonceptivo. Manejo: Otro método	Farmacoterapia::Ginecología y obstetricia
Efecto adverso grave de Etinilestradiol/drospirenona: <b>Tromboembolia venosa</b> — ¿en qué consiste?	<b>Tromboembolia venosa</b> (mayor que levonorgestrel)	Farmacoterapia::Ginecología y obstetricia
Efecto adverso grave de Etinilestradiol/drospirenona: Hiperpotasemia — ¿en qué consiste?	Hiperpotasemia	Farmacoterapia::Ginecología y obstetricia
¿Está contraindicado Etinilestradiol/drospirenona en: Las de todo anticonceptivo combinado?	Sí — Las de todo anticonceptivo combinado	Farmacoterapia::Ginecología y obstetricia
¿Está contraindicado Etinilestradiol/drospirenona en: ERC grave, insuficiencia suprarrenal?	Sí — ERC grave, insuficiencia suprarrenal	Farmacoterapia::Ginecología y obstetricia
Particularidad de Etinilestradiol/drospirenona que hay que tener en cuenta:	Reservarla cuando su beneficio antiandrogénico compensa el mayor riesgo trombótico.	Farmacoterapia::Ginecología y obstetricia
¿A qué clase farmacológica pertenece Anillo vaginal (etonogestrel/etinilestradiol)?	Anticonceptivo hormonal combinado (Combinado de liberación vaginal mensual)	Farmacoterapia::Ginecología y obstetricia
¿Cuál es el mecanismo de acción de Anillo vaginal (etonogestrel/etinilestradiol)?	Liberación continua de etonogestrel y EE: inhibición ovulatoria.	Farmacoterapia::Ginecología y obstetricia
¿Qué distingue a Anillo vaginal (etonogestrel/etinilestradiol) de los demás fármacos de su clase (Anticonceptivo hormonal combinado)?	<b>Una aplicación al MES</b> (3 semanas puesto + 1 de descanso): sin olvidos diarios.	Farmacoterapia::Ginecología y obstetricia
¿Cuál es la dosis de Anillo vaginal (etonogestrel/etinilestradiol) en Anticoncepción en mujeres con problemas de cumplimiento oral?	1 anillo (15 µg EE + 120 µg ENG/día) — 3 semanas colocado y 1 semana de descanso, vía vaginal	Farmacoterapia::Ginecología y obstetricia
¿Cuánto dura el tratamiento con Anillo vaginal (etonogestrel/etinilestradiol)?	Según deseo.	Farmacoterapia::Ginecología y obstetricia
¿Cómo se suspende Anillo vaginal (etonogestrel/etinilestradiol)?	—	Farmacoterapia::Ginecología y obstetricia
¿Qué hay que monitorizar durante el tratamiento con Anillo vaginal (etonogestrel/etinilestradiol)?	PA.	Farmacoterapia::Ginecología y obstetricia
¿Cuál es la vida media de Anillo vaginal (etonogestrel/etinilestradiol)?	—	Farmacoterapia::Ginecología y obstetricia
¿Requiere Anillo vaginal (etonogestrel/etinilestradiol) ajuste en insuficiencia renal?	No precisa.	Farmacoterapia::Ginecología y obstetricia
Interacción crítica de Anillo vaginal (etonogestrel/etinilestradiol) con Inductores enzimáticos: ¿qué ocurre y qué se hace?	Fallo anticonceptivo. Manejo: Otro método	Farmacoterapia::Ginecología y obstetricia
Efecto adverso grave de Anillo vaginal (etonogestrel/etinilestradiol): Tromboembolia venosa — ¿en qué consiste?	Tromboembolia venosa	Farmacoterapia::Ginecología y obstetricia
¿Está contraindicado Anillo vaginal (etonogestrel/etinilestradiol) en: Las de los anticonceptivos combinados?	Sí — Las de los anticonceptivos combinados	Farmacoterapia::Ginecología y obstetricia
¿Está contraindicado Anillo vaginal (etonogestrel/etinilestradiol) en: Prolapso genital?	Sí — Prolapso genital	Farmacoterapia::Ginecología y obstetricia
Particularidad de Anillo vaginal (etonogestrel/etinilestradiol) que hay que tener en cuenta:	Si vomita a menudo o tiene malabsorción, el anillo evita el fallo de la píldora.	Farmacoterapia::Ginecología y obstetricia
¿A qué clase farmacológica pertenece Desogestrel (píldora de solo gestágeno)?	Anticoncepción de solo gestágeno y de urgencia (Píldora de solo progestágeno)	Farmacoterapia::Ginecología y obstetricia
¿Cuál es el mecanismo de acción de Desogestrel (píldora de solo gestágeno)?	Inhibe la ovulación (a esa dosis) y espesa el moco cervical.	Farmacoterapia::Ginecología y obstetricia
¿Qué distingue a Desogestrel (píldora de solo gestágeno) de los demás fármacos de su clase (Anticoncepción de solo gestágeno y de urgencia)?	<b>SIN estrógeno</b>: utilizable en <b>lactancia, fumadoras, migraña con aura, HTA y riesgo trombótico</b>.	Farmacoterapia::Ginecología y obstetricia
¿Cuál es la dosis de Desogestrel (píldora de solo gestágeno) en Anticoncepción cuando el estrógeno está contraindicado o en la lactancia?	75 µg — Cada 24 h de forma continua, vía VO	Farmacoterapia::Ginecología y obstetricia
¿Cuánto dura el tratamiento con Desogestrel (píldora de solo gestágeno)?	Según deseo.	Farmacoterapia::Ginecología y obstetricia
¿Cómo se suspende Desogestrel (píldora de solo gestágeno)?	—	Farmacoterapia::Ginecología y obstetricia
¿Qué hay que monitorizar durante el tratamiento con Desogestrel (píldora de solo gestágeno)?	Patrón de sangrado.	Farmacoterapia::Ginecología y obstetricia
¿Cuál es la vida media de Desogestrel (píldora de solo gestágeno)?	30 h.	Farmacoterapia::Ginecología y obstetricia
¿Requiere Desogestrel (píldora de solo gestágeno) ajuste en insuficiencia renal?	No precisa.	Farmacoterapia::Ginecología y obstetricia
Interacción crítica de Desogestrel (píldora de solo gestágeno) con Inductores enzimáticos: ¿qué ocurre y qué se hace?	Fallo anticonceptivo. Manejo: DIU o DMPA	Farmacoterapia::Ginecología y obstetricia
Efecto adverso grave de Desogestrel (píldora de solo gestágeno): Quistes ováricos funcionales — ¿en qué consiste?	Quistes ováricos funcionales	Farmacoterapia::Ginecología y obstetricia
¿Está contraindicado Desogestrel (píldora de solo gestágeno) en: Cáncer de mama?	Sí — Cáncer de mama	Farmacoterapia::Ginecología y obstetricia
¿Está contraindicado Desogestrel (píldora de solo gestágeno) en: Hepatopatía grave?	Sí — Hepatopatía grave	Farmacoterapia::Ginecología y obstetricia
¿Está contraindicado Desogestrel (píldora de solo gestágeno) en: ETV activa?	Sí — ETV activa	Farmacoterapia::Ginecología y obstetricia
Particularidad de Desogestrel (píldora de solo gestágeno) que hay que tener en cuenta:	Anticoncepción en la lactancia: gestágeno solo o DIU.	Farmacoterapia::Ginecología y obstetricia
¿A qué clase farmacológica pertenece DIU de levonorgestrel?	Anticoncepción de solo gestágeno y de urgencia (Dispositivo intrauterino liberador de levonorgestrel)	Farmacoterapia::Ginecología y obstetricia
¿Cuál es el mecanismo de acción de DIU de levonorgestrel?	Liberación local de levonorgestrel: atrofia endometrial y espesamiento del moco; inhibición ovulatoria parcial.	Farmacoterapia::Ginecología y obstetricia
¿Qué distingue a DIU de levonorgestrel de los demás fármacos de su clase (Anticoncepción de solo gestágeno y de urgencia)?	<b>El método reversible MÁS EFICAZ junto al implante</b> (fallo <0,2%) y de <b>larga duración (5-8 años)</b>.	Farmacoterapia::Ginecología y obstetricia
¿Cuál es la dosis de DIU de levonorgestrel en Anticoncepción de larga duración?	52 mg de levonorgestrel (20 µg/día) — Inserción única, vía intrauterina	Farmacoterapia::Ginecología y obstetricia
¿Cuál es la dosis de DIU de levonorgestrel en Menorragia idiopática?	52 mg — Inserción única, vía intrauterina	Farmacoterapia::Ginecología y obstetricia
¿Cuánto dura el tratamiento con DIU de levonorgestrel?	5-8 años.	Farmacoterapia::Ginecología y obstetricia
¿Cómo se suspende DIU de levonorgestrel?	Retirada en consulta; fertilidad inmediata.	Farmacoterapia::Ginecología y obstetricia
¿Qué hay que monitorizar durante el tratamiento con DIU de levonorgestrel?	Revisión a las 4-6 semanas (hilos).	Farmacoterapia::Ginecología y obstetricia
¿Cuál es la vida media de DIU de levonorgestrel?	—	Farmacoterapia::Ginecología y obstetricia
¿Requiere DIU de levonorgestrel ajuste en insuficiencia renal?	No precisa.	Farmacoterapia::Ginecología y obstetricia
Efecto adverso grave de DIU de levonorgestrel: Perforación uterina — ¿en qué consiste?	Perforación uterina (inserción)	Farmacoterapia::Ginecología y obstetricia
Efecto adverso grave de DIU de levonorgestrel: Expulsión — ¿en qué consiste?	Expulsión	Farmacoterapia::Ginecología y obstetricia
Efecto adverso grave de DIU de levonorgestrel: EIP en las primeras semanas — ¿en qué consiste?	EIP en las primeras semanas	Farmacoterapia::Ginecología y obstetricia
¿Está contraindicado DIU de levonorgestrel en: Embarazo?	Sí — Embarazo	Farmacoterapia::Ginecología y obstetricia
¿Está contraindicado DIU de levonorgestrel en: EIP o ITS activa?	Sí — EIP o ITS activa	Farmacoterapia::Ginecología y obstetricia
¿Está contraindicado DIU de levonorgestrel en: Malformación uterina, cáncer de cérvix o endometrio?	Sí — Malformación uterina, cáncer de cérvix o endometrio	Farmacoterapia::Ginecología y obstetricia
¿Está contraindicado DIU de levonorgestrel en: Sangrado genital no filiado?	Sí — Sangrado genital no filiado	Farmacoterapia::Ginecología y obstetricia
Particularidad de DIU de levonorgestrel que hay que tener en cuenta:	Útil también en mujeres con inductores enzimáticos (antiepilépticos) por su acción local.	Farmacoterapia::Ginecología y obstetricia
¿A qué clase farmacológica pertenece Implante subdérmico de etonogestrel?	Anticoncepción de solo gestágeno y de urgencia (Implante de larga duración (3 años))	Farmacoterapia::Ginecología y obstetricia
¿Cuál es el mecanismo de acción de Implante subdérmico de etonogestrel?	Liberación sostenida de etonogestrel: inhibición ovulatoria.	Farmacoterapia::Ginecología y obstetricia
¿Qué distingue a Implante subdérmico de etonogestrel de los demás fármacos de su clase (Anticoncepción de solo gestágeno y de urgencia)?	<b>El método reversible MÁS EFICAZ</b> (fallo 0,05%) durante <b>3 años</b>.	Farmacoterapia::Ginecología y obstetricia
¿Cuál es la dosis de Implante subdérmico de etonogestrel en Anticoncepción de larga duración?	68 mg de etonogestrel — Inserción subdérmica única, vía SC	Farmacoterapia::Ginecología y obstetricia
¿Cuánto dura el tratamiento con Implante subdérmico de etonogestrel?	3 años.	Farmacoterapia::Ginecología y obstetricia
¿Cómo se suspende Implante subdérmico de etonogestrel?	Retirada en consulta; fertilidad rápida.	Farmacoterapia::Ginecología y obstetricia
¿Qué hay que monitorizar durante el tratamiento con Implante subdérmico de etonogestrel?	Palpación del implante.	Farmacoterapia::Ginecología y obstetricia
¿Cuál es la vida media de Implante subdérmico de etonogestrel?	25 h.	Farmacoterapia::Ginecología y obstetricia
¿Requiere Implante subdérmico de etonogestrel ajuste en insuficiencia renal?	No precisa.	Farmacoterapia::Ginecología y obstetricia
Interacción crítica de Implante subdérmico de etonogestrel con Inductores enzimáticos (rifampicina, carbamazepina, efavirenz): ¿qué ocurre y qué se hace?	Fallo anticonceptivo. Manejo: DIU	Farmacoterapia::Ginecología y obstetricia
Efecto adverso grave de Implante subdérmico de etonogestrel: Migración del implante — ¿en qué consiste?	Migración del implante (raro)	Farmacoterapia::Ginecología y obstetricia
¿Está contraindicado Implante subdérmico de etonogestrel en: Cáncer de mama?	Sí — Cáncer de mama	Farmacoterapia::Ginecología y obstetricia
¿Está contraindicado Implante subdérmico de etonogestrel en: Hepatopatía grave?	Sí — Hepatopatía grave	Farmacoterapia::Ginecología y obstetricia
¿Está contraindicado Implante subdérmico de etonogestrel en: ETV activa?	Sí — ETV activa	Farmacoterapia::Ginecología y obstetricia
Particularidad de Implante subdérmico de etonogestrel que hay que tener en cuenta:	Adolescentes: los métodos de larga duración (implante, DIU) evitan la mayoría de embarazos no deseados.	Farmacoterapia::Ginecología y obstetricia
¿A qué clase farmacológica pertenece Levonorgestrel 1,5 mg (anticoncepción de urgencia)?	Anticoncepción de solo gestágeno y de urgencia (Progestágeno a dosis alta poscoital)	Farmacoterapia::Ginecología y obstetricia
¿Cuál es el mecanismo de acción de Levonorgestrel 1,5 mg (anticoncepción de urgencia)?	Retrasa o inhibe la ovulación si se toma antes del pico de LH. No es abortivo.	Farmacoterapia::Ginecología y obstetricia
¿Qué distingue a Levonorgestrel 1,5 mg (anticoncepción de urgencia) de los demás fármacos de su clase (Anticoncepción de solo gestágeno y de urgencia)?	<b>Hasta 72 h tras el coito</b> (eficacia decreciente con el tiempo); sin receta.	Farmacoterapia::Ginecología y obstetricia
¿Cuál es la dosis de Levonorgestrel 1,5 mg (anticoncepción de urgencia) en Anticoncepción de urgencia (≤72 h)?	1,5 mg (3 mg si IMC >30 o inductores enzimáticos) — Dosis única, vía VO	Farmacoterapia::Ginecología y obstetricia
¿Cuánto dura el tratamiento con Levonorgestrel 1,5 mg (anticoncepción de urgencia)?	Dosis única.	Farmacoterapia::Ginecología y obstetricia
¿Cómo se suspende Levonorgestrel 1,5 mg (anticoncepción de urgencia)?	—	Farmacoterapia::Ginecología y obstetricia
¿Qué hay que monitorizar durante el tratamiento con Levonorgestrel 1,5 mg (anticoncepción de urgencia)?	Test de embarazo si no hay regla en 3 semanas.	Farmacoterapia::Ginecología y obstetricia
¿Cuál es la vida media de Levonorgestrel 1,5 mg (anticoncepción de urgencia)?	24-32 h.	Farmacoterapia::Ginecología y obstetricia
¿Requiere Levonorgestrel 1,5 mg (anticoncepción de urgencia) ajuste en insuficiencia renal?	No precisa.	Farmacoterapia::Ginecología y obstetricia
Interacción crítica de Levonorgestrel 1,5 mg (anticoncepción de urgencia) con Inductores enzimáticos: ¿qué ocurre y qué se hace?	Menor eficacia. Manejo: Doble dosis o DIU de cobre	Farmacoterapia::Ginecología y obstetricia
Efecto adverso grave de Levonorgestrel 1,5 mg (anticoncepción de urgencia): Embarazo ectópico si fracasa — ¿en qué consiste?	Embarazo ectópico si fracasa (no causado por el fármaco)	Farmacoterapia::Ginecología y obstetricia
¿Está contraindicado Levonorgestrel 1,5 mg (anticoncepción de urgencia) en: Embarazo establecido?	Sí — Embarazo establecido (ineficaz)	Farmacoterapia::Ginecología y obstetricia
Particularidad de Levonorgestrel 1,5 mg (anticoncepción de urgencia) que hay que tener en cuenta:	No sustituye a un método regular: aprovechar para ofrecer uno.	Farmacoterapia::Ginecología y obstetricia
¿A qué clase farmacológica pertenece Ulipristal acetato?	Anticoncepción de solo gestágeno y de urgencia (Modulador selectivo del receptor de progesterona)	Farmacoterapia::Ginecología y obstetricia
¿Cuál es el mecanismo de acción de Ulipristal acetato?	Modulador del receptor de progesterona que retrasa la ovulación aun cuando la LH ya ha empezado a subir.	Farmacoterapia::Ginecología y obstetricia
¿Qué distingue a Ulipristal acetato de los demás fármacos de su clase (Anticoncepción de solo gestágeno y de urgencia)?	<b>Hasta 120 h (5 días) y MÁS EFICAZ que el levonorgestrel</b>, incluso cerca del pico de LH.	Farmacoterapia::Ginecología y obstetricia
¿Cuál es la dosis de Ulipristal acetato en Anticoncepción de urgencia (≤120 h)?	30 mg — Dosis única, vía VO	Farmacoterapia::Ginecología y obstetricia
¿Cuánto dura el tratamiento con Ulipristal acetato?	Dosis única.	Farmacoterapia::Ginecología y obstetricia
¿Cómo se suspende Ulipristal acetato?	Anticoncepción hormonal a los 5 días + barrera.	Farmacoterapia::Ginecología y obstetricia
¿Qué hay que monitorizar durante el tratamiento con Ulipristal acetato?	Test de embarazo si retraso.	Farmacoterapia::Ginecología y obstetricia
¿Cuál es la vida media de Ulipristal acetato?	32 h.	Farmacoterapia::Ginecología y obstetricia
¿Requiere Ulipristal acetato ajuste en insuficiencia renal?	No precisa.	Farmacoterapia::Ginecología y obstetricia
Efecto adverso grave de Ulipristal acetato: Hepatotoxicidad — ¿en qué consiste?	Hepatotoxicidad (uso crónico en miomas)	Farmacoterapia::Ginecología y obstetricia
¿Está contraindicado Ulipristal acetato en: Embarazo establecido?	Sí — Embarazo establecido	Farmacoterapia::Ginecología y obstetricia
¿Está contraindicado Ulipristal acetato en: Insuficiencia hepática grave?	Sí — Insuficiencia hepática grave	Farmacoterapia::Ginecología y obstetricia
Particularidad de Ulipristal acetato que hay que tener en cuenta:	Entre 72 y 120 h: ulipristal o DIU de cobre, no levonorgestrel.	Farmacoterapia::Ginecología y obstetricia
¿A qué clase farmacológica pertenece Carbetocina?	Uterotónico (Análogo de oxitocina de acción prolongada)	Farmacoterapia::Ginecología y obstetricia
¿Cuál es el mecanismo de acción de Carbetocina?	Agonista del receptor de oxitocina con vida media 4-10 veces mayor.	Farmacoterapia::Ginecología y obstetricia
¿Qué distingue a Carbetocina de los demás fármacos de su clase (Uterotónico)?	<b>Análogo de oxitocina de acción LARGA: dosis ÚNICA</b> de 100 µg en la prevención de la hemorragia posparto (sobre todo tras <b>cesárea</b>).	Farmacoterapia::Ginecología y obstetricia
¿Cuál es la dosis de Carbetocina en Prevención de la hemorragia posparto tras cesárea o parto vaginal?	100 µg — Dosis única tras la extracción fetal, vía IV / IM	Farmacoterapia::Ginecología y obstetricia
¿Cuánto dura el tratamiento con Carbetocina?	Dosis única.	Farmacoterapia::Ginecología y obstetricia
¿Cómo se suspende Carbetocina?	—	Farmacoterapia::Ginecología y obstetricia
¿Qué hay que monitorizar durante el tratamiento con Carbetocina?	Tono uterino, PA.	Farmacoterapia::Ginecología y obstetricia
¿Cuál es la vida media de Carbetocina?	40 min (efecto horas).	Farmacoterapia::Ginecología y obstetricia
¿Requiere Carbetocina ajuste en insuficiencia renal?	Precaución.	Farmacoterapia::Ginecología y obstetricia
Efecto adverso grave de Carbetocina: Isquemia miocárdica — ¿en qué consiste?	Isquemia miocárdica (cardiópatas)	Farmacoterapia::Ginecología y obstetricia
¿Está contraindicado Carbetocina en: Durante el embarazo antes del parto?	Sí — Durante el embarazo antes del parto	Farmacoterapia::Ginecología y obstetricia
¿Está contraindicado Carbetocina en: Preeclampsia grave o eclampsia, cardiopatía grave?	Sí — Preeclampsia grave o eclampsia, cardiopatía grave	Farmacoterapia::Ginecología y obstetricia
Particularidad de Carbetocina que hay que tener en cuenta:	Si la hemorragia ya está establecida, se usa oxitocina en perfusión, no carbetocina.	Farmacoterapia::Ginecología y obstetricia
¿A qué clase farmacológica pertenece Metilergometrina?	Uterotónico (Alcaloide del cornezuelo (ergótico))	Farmacoterapia::Ginecología y obstetricia
¿Cuál es el mecanismo de acción de Metilergometrina?	Agonista parcial de receptores alfa-adrenérgicos, serotoninérgicos y dopaminérgicos del miometrio y los vasos.	Farmacoterapia::Ginecología y obstetricia
¿Qué distingue a Metilergometrina de los demás fármacos de su clase (Uterotónico)?	<b>Contracción uterina TÓNICA sostenida</b> (no rítmica): segunda línea en la hemorragia posparto por atonía.	Farmacoterapia::Ginecología y obstetricia
¿Cuál es la dosis de Metilergometrina en Hemorragia posparto por atonía (tras oxitocina)?	0,2 mg — Cada 2-4 h (máx. 5 dosis), vía IM	Farmacoterapia::Ginecología y obstetricia
¿Cuánto dura el tratamiento con Metilergometrina?	Dosis puntuales.	Farmacoterapia::Ginecología y obstetricia
¿Cómo se suspende Metilergometrina?	—	Farmacoterapia::Ginecología y obstetricia
¿Qué hay que monitorizar durante el tratamiento con Metilergometrina?	<b>PA</b>, isquemia.	Farmacoterapia::Ginecología y obstetricia
¿Cuál es la vida media de Metilergometrina?	3 h.	Farmacoterapia::Ginecología y obstetricia
¿Requiere Metilergometrina ajuste en insuficiencia renal?	Precaución.	Farmacoterapia::Ginecología y obstetricia
Interacción crítica de Metilergometrina con Claritromicina, ritonavir, azoles: ¿qué ocurre y qué se hace?	<b>Ergotismo (isquemia grave)</b>. Manejo: Contraindicado	Farmacoterapia::Ginecología y obstetricia
Interacción crítica de Metilergometrina con Triptanes: ¿qué ocurre y qué se hace?	Vasoespasmo. Manejo: Evitar	Farmacoterapia::Ginecología y obstetricia
Efecto adverso grave de Metilergometrina: <b>Crisis hipertensiva, ictus, infarto</b> — ¿en qué consiste?	<b>Crisis hipertensiva, ictus, infarto</b>	Farmacoterapia::Ginecología y obstetricia
Efecto adverso grave de Metilergometrina: Isquemia periférica — ¿en qué consiste?	Isquemia periférica	Farmacoterapia::Ginecología y obstetricia
¿Está contraindicado Metilergometrina en: <b>HTA, preeclampsia</b>?	Sí — <b>HTA, preeclampsia</b>	Farmacoterapia::Ginecología y obstetricia
¿Está contraindicado Metilergometrina en: Cardiopatía isquémica, enfermedad vascular periférica?	Sí — Cardiopatía isquémica, enfermedad vascular periférica	Farmacoterapia::Ginecología y obstetricia
¿Está contraindicado Metilergometrina en: Uso con inhibidores potentes del CYP3A4?	Sí — Uso con inhibidores potentes del CYP3A4	Farmacoterapia::Ginecología y obstetricia
Particularidad de Metilergometrina que hay que tener en cuenta:	Antes de pinchar metilergometrina, mirar la PA.	Farmacoterapia::Ginecología y obstetricia
¿A qué clase farmacológica pertenece Carboprost (PGF2-alfa)?	Uterotónico (Análogo de prostaglandina F2-alfa)	Farmacoterapia::Ginecología y obstetricia
¿Cuál es el mecanismo de acción de Carboprost (PGF2-alfa)?	Agonista del receptor FP: contracción miometrial potente.	Farmacoterapia::Ginecología y obstetricia
¿Qué distingue a Carboprost (PGF2-alfa) de los demás fármacos de su clase (Uterotónico)?	<b>Tercera línea en la HEMORRAGIA POSPARTO</b> refractaria a oxitocina y ergóticos.	Farmacoterapia::Ginecología y obstetricia
¿Cuál es la dosis de Carboprost (PGF2-alfa) en Hemorragia posparto refractaria?	250 µg — Cada 15-90 min (máx. 8 dosis = 2 mg), vía IM	Farmacoterapia::Ginecología y obstetricia
¿Cuánto dura el tratamiento con Carboprost (PGF2-alfa)?	Dosis puntuales.	Farmacoterapia::Ginecología y obstetricia
¿Cómo se suspende Carboprost (PGF2-alfa)?	—	Farmacoterapia::Ginecología y obstetricia
¿Qué hay que monitorizar durante el tratamiento con Carboprost (PGF2-alfa)?	SpO2, broncoespasmo.	Farmacoterapia::Ginecología y obstetricia
¿Cuál es la vida media de Carboprost (PGF2-alfa)?	Minutos.	Farmacoterapia::Ginecología y obstetricia
¿Requiere Carboprost (PGF2-alfa) ajuste en insuficiencia renal?	Precaución.	Farmacoterapia::Ginecología y obstetricia
Efecto adverso grave de Carboprost (PGF2-alfa): <b>Broncoespasmo</b> — ¿en qué consiste?	<b>Broncoespasmo</b>	Farmacoterapia::Ginecología y obstetricia
Efecto adverso grave de Carboprost (PGF2-alfa): Hipertensión pulmonar, hipoxemia — ¿en qué consiste?	Hipertensión pulmonar, hipoxemia	Farmacoterapia::Ginecología y obstetricia
¿Está contraindicado Carboprost (PGF2-alfa) en: <b>Asma</b>?	Sí — <b>Asma</b>	Farmacoterapia::Ginecología y obstetricia
¿Está contraindicado Carboprost (PGF2-alfa) en: Cardiopatía o enfermedad pulmonar activa?	Sí — Cardiopatía o enfermedad pulmonar activa	Farmacoterapia::Ginecología y obstetricia
Particularidad de Carboprost (PGF2-alfa) que hay que tener en cuenta:	Asmática con atonía: misoprostol o ergóticos (si PA normal), no carboprost.	Farmacoterapia::Ginecología y obstetricia
¿A qué clase farmacológica pertenece Atosibán?	Fármaco del parto pretérmino (Antagonista del receptor de oxitocina (tocolítico))	Farmacoterapia::Ginecología y obstetricia
¿Cuál es el mecanismo de acción de Atosibán?	Antagonista competitivo de los receptores de oxitocina y vasopresina V1a del miometrio.	Farmacoterapia::Ginecología y obstetricia
¿Qué distingue a Atosibán de los demás fármacos de su clase (Fármaco del parto pretérmino)?	<b>Tocolítico con MENOS efectos maternos</b> (sin taquicardia, hipotensión ni edema pulmonar): preferido en cardiópatas y gestación múltiple.	Farmacoterapia::Ginecología y obstetricia
¿Cuál es la dosis de Atosibán en Amenaza de parto pretérmino 24-34 semanas?	6,75 mg en bolo, 300 µg/min 3 h, después 100 µg/min — Perfusión continua, vía IV	Farmacoterapia::Ginecología y obstetricia
¿Cuánto dura el tratamiento con Atosibán?	Máx. 48 h.	Farmacoterapia::Ginecología y obstetricia
¿Cómo se suspende Atosibán?	—	Farmacoterapia::Ginecología y obstetricia
¿Qué hay que monitorizar durante el tratamiento con Atosibán?	Dinámica uterina, bienestar fetal.	Farmacoterapia::Ginecología y obstetricia
¿Cuál es la vida media de Atosibán?	1,7 h.	Farmacoterapia::Ginecología y obstetricia
¿Requiere Atosibán ajuste en insuficiencia renal?	Sin datos.	Farmacoterapia::Ginecología y obstetricia
Efecto adverso grave de Atosibán: Hipersensibilidad — ¿en qué consiste?	Hipersensibilidad (rara)	Farmacoterapia::Ginecología y obstetricia
¿Está contraindicado Atosibán en: Corioamnionitis, sufrimiento fetal?	Sí — Corioamnionitis, sufrimiento fetal	Farmacoterapia::Ginecología y obstetricia
¿Está contraindicado Atosibán en: Desprendimiento de placenta?	Sí — Desprendimiento de placenta	Farmacoterapia::Ginecología y obstetricia
¿Está contraindicado Atosibán en: <24 o >34 semanas?	Sí — <24 o >34 semanas	Farmacoterapia::Ginecología y obstetricia
¿Está contraindicado Atosibán en: RPM >30 semanas?	Sí — RPM >30 semanas	Farmacoterapia::Ginecología y obstetricia
Particularidad de Atosibán que hay que tener en cuenta:	Ningún tocolítico mejora el pronóstico neonatal por sí mismo: sirve para ganar tiempo.	Farmacoterapia::Ginecología y obstetricia
¿A qué clase farmacológica pertenece Indometacina (uso tocolítico)?	Fármaco del parto pretérmino (AINE inhibidor de prostaglandinas (tocolítico))	Farmacoterapia::Ginecología y obstetricia
¿Cuál es el mecanismo de acción de Indometacina (uso tocolítico)?	Inhibe la COX y la síntesis de prostaglandinas que inician las contracciones.	Farmacoterapia::Ginecología y obstetricia
¿Qué distingue a Indometacina (uso tocolítico) de los demás fármacos de su clase (Fármaco del parto pretérmino)?	<b>Tocolítico eficaz antes de las 32 semanas</b> (inhibe las prostaglandinas uterinas).	Farmacoterapia::Ginecología y obstetricia
¿Cuál es la dosis de Indometacina (uso tocolítico) en Amenaza de parto pretérmino <32 semanas?	50-100 mg de carga, después 25 mg — Cada 6 h, vía VO / rectal	Farmacoterapia::Ginecología y obstetricia
¿Cuánto dura el tratamiento con Indometacina (uso tocolítico)?	≤48 h.	Farmacoterapia::Ginecología y obstetricia
¿Cómo se suspende Indometacina (uso tocolítico)?	—	Farmacoterapia::Ginecología y obstetricia
¿Qué hay que monitorizar durante el tratamiento con Indometacina (uso tocolítico)?	Líquido amniótico y ductus (eco) si >48 h.	Farmacoterapia::Ginecología y obstetricia
¿Cuál es la vida media de Indometacina (uso tocolítico)?	4,5 h.	Farmacoterapia::Ginecología y obstetricia
¿Requiere Indometacina (uso tocolítico) ajuste en insuficiencia renal?	Evitar en ERC.	Farmacoterapia::Ginecología y obstetricia
Efecto adverso grave de Indometacina (uso tocolítico): <b>Cierre del ductus fetal</b> — ¿en qué consiste?	<b>Cierre del ductus fetal</b>	Farmacoterapia::Ginecología y obstetricia
Efecto adverso grave de Indometacina (uso tocolítico): Oligohidramnios — ¿en qué consiste?	Oligohidramnios	Farmacoterapia::Ginecología y obstetricia
Efecto adverso grave de Indometacina (uso tocolítico): Enterocolitis necrotizante neonatal — ¿en qué consiste?	Enterocolitis necrotizante neonatal	Farmacoterapia::Ginecología y obstetricia
¿Está contraindicado Indometacina (uso tocolítico) en: ≥32 semanas?	Sí — ≥32 semanas	Farmacoterapia::Ginecología y obstetricia
¿Está contraindicado Indometacina (uso tocolítico) en: Oligohidramnios, cardiopatía fetal ductus-dependiente?	Sí — Oligohidramnios, cardiopatía fetal ductus-dependiente	Farmacoterapia::Ginecología y obstetricia
¿Está contraindicado Indometacina (uso tocolítico) en: Úlcera, alteración renal o plaquetaria materna?	Sí — Úlcera, alteración renal o plaquetaria materna	Farmacoterapia::Ginecología y obstetricia
Particularidad de Indometacina (uso tocolítico) que hay que tener en cuenta:	Mismo fármaco que cierra el ductus del prematuro tras nacer.	Farmacoterapia::Ginecología y obstetricia
¿A qué clase farmacológica pertenece Betametasona (maduración pulmonar fetal)?	Fármaco del parto pretérmino (Glucocorticoide prenatal)	Farmacoterapia::Ginecología y obstetricia
¿Cuál es el mecanismo de acción de Betametasona (maduración pulmonar fetal)?	Glucocorticoide que acelera la maduración del surfactante y del epitelio alveolar fetal.	Farmacoterapia::Ginecología y obstetricia
¿Qué distingue a Betametasona (maduración pulmonar fetal) de los demás fármacos de su clase (Fármaco del parto pretérmino)?	<b>La intervención que MÁS mejora el pronóstico del prematuro</b>: reduce distrés respiratorio, hemorragia intraventricular, enterocolitis y mortalidad.	Farmacoterapia::Ginecología y obstetricia
¿Cuál es la dosis de Betametasona (maduración pulmonar fetal) en Riesgo de parto pretérmino entre 24 y 34+6 semanas?	12 mg — Cada 24 h, vía IM	Farmacoterapia::Ginecología y obstetricia
¿Cuánto dura el tratamiento con Betametasona (maduración pulmonar fetal)?	2 dosis.	Farmacoterapia::Ginecología y obstetricia
¿Cómo se suspende Betametasona (maduración pulmonar fetal)?	—	Farmacoterapia::Ginecología y obstetricia
¿Qué hay que monitorizar durante el tratamiento con Betametasona (maduración pulmonar fetal)?	Glucemia materna (diabéticas).	Farmacoterapia::Ginecología y obstetricia
¿Cuál es la vida media de Betametasona (maduración pulmonar fetal)?	36-54 h biológica.	Farmacoterapia::Ginecología y obstetricia
¿Requiere Betametasona (maduración pulmonar fetal) ajuste en insuficiencia renal?	No precisa.	Farmacoterapia::Ginecología y obstetricia
Efecto adverso grave de Betametasona (maduración pulmonar fetal): Hipoglucemia neonatal — ¿en qué consiste?	Hipoglucemia neonatal (más en tardíos)	Farmacoterapia::Ginecología y obstetricia
¿Está contraindicado Betametasona (maduración pulmonar fetal) en: Infección sistémica materna grave?	Sí — Infección sistémica materna grave (relativa)	Farmacoterapia::Ginecología y obstetricia
Particularidad de Betametasona (maduración pulmonar fetal) que hay que tener en cuenta:	Corioamnionitis no contraindica los corticoides, pero sí retrasar el parto.	Farmacoterapia::Ginecología y obstetricia
¿A qué clase farmacológica pertenece Anticonceptivos hormonales combinados?	Visión de clase: anticonceptivos combinados (Combinación de estrógeno (etinilestradiol o estradiol) y progestágeno)	Farmacoterapia::Ginecología y obstetricia
¿Cuál es el mecanismo de acción de Anticonceptivos hormonales combinados?	El efecto anticonceptivo lo aporta sobre todo el PROGESTÁGENO, que inhibe el pico de LH y con él la OVULACIÓN, espesa el moco cervical haciéndolo impenetrable al espermatozoide y atrofia el endometrio. El ESTRÓGENO cumple dos funciones distintas: refuerza la inhibición de la FSH, impidiendo el desarrollo folicular, y sobre todo ESTABILIZA EL ENDOMETRIO para evitar el sangrado irregular, que es el motivo principal de abandono. Toda la seguridad de la clase depende del estrógeno: el etinilestradiol aumenta la síntesis hepática de factores de coagulación y de angiotensinógeno, y de ahí salen el riesgo TROMBÓTICO y el aumento de la tensión arterial. Los progestágenos de tercera y cuarta generación (desogestrel, gestodeno, drospirenona) tienen mejor perfil androgénico y cutáneo pero MÁS riesgo trombótico que el levonorgestrel, que es de segunda generación: es un intercambio que conviene tener claro al prescribir.	Farmacoterapia::Ginecología y obstetricia
¿Qué distingue a Anticonceptivos hormonales combinados de los demás fármacos de su clase (Visión de clase: anticonceptivos combinados)?	<b>Contienen ESTRÓGENO</b>: <b>riesgo de tromboembolia venosa</b> e ictus; contraindicados en migraña con aura, fumadoras >35 años, HTA no controlada, trombofilia y posparto inmediato.	Farmacoterapia::Ginecología y obstetricia
¿Cuál es la dosis de Anticonceptivos hormonales combinados en ANTICONCEPCIÓN?	Etinilestradiol 20-35 microgramos con un progestágeno, un comprimido al día durante 21 días y 7 de descanso, o en pauta continua — Un comprimido diario a la misma hora, vía VO	Farmacoterapia::Ginecología y obstetricia
¿A qué objetivo se ajusta la dosis de Anticonceptivos hormonales combinados en ANTICONCEPCIÓN?	Ausencia de ovulación con buen control del ciclo y mínimo sangrado intermenstrual	Farmacoterapia::Ginecología y obstetricia
¿Cuál es la dosis de Anticonceptivos hormonales combinados en DISMENORREA y sangrado menstrual abundante?	Etinilestradiol 20-30 microgramos con levonorgestrel, un comprimido al día en régimen CONTINUO sin descanso — Diaria continua, vía VO	Farmacoterapia::Ginecología y obstetricia
¿Cuál es la dosis de Anticonceptivos hormonales combinados en SÍNDROME DE OVARIO POLIQUÍSTICO con hirsutismo y acné?	Etinilestradiol 30-35 microgramos con drospirenona 3 mg o acetato de ciproterona 2 mg, un comprimido al día — Diaria, vía VO	Farmacoterapia::Ginecología y obstetricia
¿Cuál es la dosis de Anticonceptivos hormonales combinados en ENDOMETRIOSIS, control del dolor?	Etinilestradiol 20 microgramos con un progestágeno, un comprimido al día en pauta CONTINUA sin semana de descanso — Diaria continua, vía VO	Farmacoterapia::Ginecología y obstetricia
¿Cuánto dura el tratamiento con Anticonceptivos hormonales combinados?	Mientras se desee anticoncepción y no aparezcan contraindicaciones. NO hay que hacer descansos periódicos: es un mito sin fundamento que solo produce embarazos no deseados.	Farmacoterapia::Ginecología y obstetricia
¿Cómo se suspende Anticonceptivos hormonales combinados?	La fertilidad se recupera de forma prácticamente inmediata al suspenderla, sin retraso relevante.	Farmacoterapia::Ginecología y obstetricia
¿Qué hay que monitorizar durante el tratamiento con Anticonceptivos hormonales combinados?	Tensión arterial anual. No se requiere control analítico rutinario en la mujer sana.	Farmacoterapia::Ginecología y obstetricia
¿Cuál es la vida media de Anticonceptivos hormonales combinados?	Variable; el etinilestradiol unas 24 horas.	Farmacoterapia::Ginecología y obstetricia
¿Requiere Anticonceptivos hormonales combinados ajuste en insuficiencia renal?	Sin ajuste.	Farmacoterapia::Ginecología y obstetricia
Interacción crítica de Anticonceptivos hormonales combinados con Inductores enzimáticos: RIFAMPICINA, carbamazepina, fenitoína, fenobarbital, topiramato y HIERBA DE SAN JUAN: ¿qué ocurre y qué se hace?	Reducen las concentraciones hormonales y producen FALLO ANTICONCEPTIVO con embarazo. Manejo: Es la interacción que más embarazos no deseados causa. Hay que usar un método adicional o cambiar a un método no hormonal, como el DIU de cobre. El LEVETIRACETAM, la lamotrigina y el valproato NO son inductores y no la comprometen	Farmacoterapia::Ginecología y obstetricia
Interacción crítica de Anticonceptivos hormonales combinados con LAMOTRIGINA: ¿qué ocurre y qué se hace?	El anticonceptivo REDUCE los niveles de lamotrigina hasta un 50%, con riesgo de crisis, y en la semana de descanso rebotan a niveles tóxicos. Manejo: Interacción bidireccional que hay que anticipar en la mujer epiléptica: pauta continua sin descanso y ajuste de la dosis de lamotrigina	Farmacoterapia::Ginecología y obstetricia
Efecto adverso grave de Anticonceptivos hormonales combinados: TROMBOSIS VENOSA PROFUNDA y EMBOLIA PULMONAR — ¿en qué consiste?	TROMBOSIS VENOSA PROFUNDA y EMBOLIA PULMONAR: el riesgo se multiplica por 2-4, y es MÁXIMO en el PRIMER AÑO de uso y al reiniciar tras una interrupción	Farmacoterapia::Ginecología y obstetricia
Efecto adverso grave de Anticonceptivos hormonales combinados: ICTUS e INFARTO de miocardio, sobre todo en fumadoras mayores de 35 años y en la migraña CON AURA — ¿en qué consiste?	ICTUS e INFARTO de miocardio, sobre todo en fumadoras mayores de 35 años y en la migraña CON AURA	Farmacoterapia::Ginecología y obstetricia
Efecto adverso grave de Anticonceptivos hormonales combinados: Hipertensión arterial — ¿en qué consiste?	Hipertensión arterial	Farmacoterapia::Ginecología y obstetricia
Efecto adverso grave de Anticonceptivos hormonales combinados: Adenoma hepático y colestasis — ¿en qué consiste?	Adenoma hepático y colestasis	Farmacoterapia::Ginecología y obstetricia
Efecto adverso grave de Anticonceptivos hormonales combinados: Aumento pequeño del riesgo de cáncer de mama y de cérvix, que desaparece años después de suspenderlos — ¿en qué consiste?	Aumento pequeño del riesgo de cáncer de mama y de cérvix, que desaparece años después de suspenderlos	Farmacoterapia::Ginecología y obstetricia
¿Está contraindicado Anticonceptivos hormonales combinados en: MIGRAÑA CON AURA a cualquier edad?	Sí — MIGRAÑA CON AURA a cualquier edad	Farmacoterapia::Ginecología y obstetricia
¿Está contraindicado Anticonceptivos hormonales combinados en: FUMADORA de más de 15 cigarrillos al día y MAYOR DE 35 AÑOS?	Sí — FUMADORA de más de 15 cigarrillos al día y MAYOR DE 35 AÑOS	Farmacoterapia::Ginecología y obstetricia
¿Está contraindicado Anticonceptivos hormonales combinados en: Antecedente de trombosis venosa o arterial, o trombofilia conocida?	Sí — Antecedente de trombosis venosa o arterial, o trombofilia conocida	Farmacoterapia::Ginecología y obstetricia
¿Está contraindicado Anticonceptivos hormonales combinados en: Hipertensión arterial no controlada?	Sí — Hipertensión arterial no controlada	Farmacoterapia::Ginecología y obstetricia
¿Está contraindicado Anticonceptivos hormonales combinados en: Cáncer de mama actual?	Sí — Cáncer de mama actual	Farmacoterapia::Ginecología y obstetricia
¿Está contraindicado Anticonceptivos hormonales combinados en: Hepatopatía activa y tumor hepático?	Sí — Hepatopatía activa y tumor hepático	Farmacoterapia::Ginecología y obstetricia
¿Está contraindicado Anticonceptivos hormonales combinados en: Lupus con anticuerpos antifosfolípido positivos?	Sí — Lupus con anticuerpos antifosfolípido positivos	Farmacoterapia::Ginecología y obstetricia
¿Está contraindicado Anticonceptivos hormonales combinados en: Menos de 6 semanas posparto en la lactante; menos de 3 semanas posparto en cualquier mujer?	Sí — Menos de 6 semanas posparto en la lactante; menos de 3 semanas posparto en cualquier mujer	Farmacoterapia::Ginecología y obstetricia
¿Está contraindicado Anticonceptivos hormonales combinados en: Diabetes con afectación vascular, y cirugía mayor con inmovilización prolongada?	Sí — Diabetes con afectación vascular, y cirugía mayor con inmovilización prolongada	Farmacoterapia::Ginecología y obstetricia
Particularidad de Anticonceptivos hormonales combinados que hay que tener en cuenta:	Las dos contraindicaciones que más se pasan por alto y más daño causan: MIGRAÑA CON AURA (multiplica el riesgo de ictus isquémico, a cualquier edad) y FUMADORA MAYOR DE 35 AÑOS. Preguntar por el aura antes de prescribir cuesta diez segundos y es una de las preguntas más rentables de la consulta.	Farmacoterapia::Ginecología y obstetricia
¿A qué clase farmacológica pertenece Anticoncepción de solo progestágeno y anticoncepción de urgencia?	Visión de clase: solo gestágeno y anticoncepción de urgencia (Progestágenos solos y modulador del receptor de progesterona)	Farmacoterapia::Ginecología y obstetricia
¿Cuál es el mecanismo de acción de Anticoncepción de solo progestágeno y anticoncepción de urgencia?	Los métodos de SOLO PROGESTÁGENO actúan sin estrógeno y por tanto SIN el riesgo trombótico que este aporta. Su mecanismo varía con la dosis: el desogestrel y el implante inhiben la ovulación de forma constante; la minipíldora clásica de levonorgestrel y el DIU hormonal actúan sobre todo espesando el MOCO CERVICAL y atrofiando el endometrio, con inhibición ovulatoria inconstante. La ANTICONCEPCIÓN DE URGENCIA funciona de un modo que hay que entender bien para explicarlo: el LEVONORGESTREL RETRASA o impide el pico de LH, de modo que solo es eficaz ANTES de que este haya comenzado; el ACETATO DE ULIPRISTAL es un modulador del receptor de progesterona que bloquea la ovulación incluso cuando el pico de LH YA HA EMPEZADO, y por eso es más eficaz en los días de máxima fertilidad. Ninguno de los dos es abortivo: si la implantación ya se ha producido, no la interrumpen. El DIU DE COBRE es el método de urgencia más eficaz de todos y actúa impidiendo la fecundación y la implantación.	Farmacoterapia::Ginecología y obstetricia
¿Qué distingue a Anticoncepción de solo progestágeno y anticoncepción de urgencia de los demás fármacos de su clase (Visión de clase: solo gestágeno y anticoncepción de urgencia)?	<b>SIN estrógeno</b>: utilizables cuando los combinados están contraindicados (riesgo trombótico, migraña con aura, lactancia).	Farmacoterapia::Ginecología y obstetricia
¿Cuál es la dosis de Anticoncepción de solo progestágeno y anticoncepción de urgencia en ANTICONCEPCIÓN de urgencia?	Levonorgestrel 1,5 mg en dosis única (hasta 72 horas); acetato de ulipristal 30 mg en dosis única (hasta 120 horas) — Dosis única, lo antes posible, vía VO	Farmacoterapia::Ginecología y obstetricia
¿A qué objetivo se ajusta la dosis de Anticoncepción de solo progestágeno y anticoncepción de urgencia en ANTICONCEPCIÓN de urgencia?	Administración lo más precoz posible: la eficacia cae con cada hora que pasa	Farmacoterapia::Ginecología y obstetricia
¿Cuál es la dosis de Anticoncepción de solo progestágeno y anticoncepción de urgencia en Anticoncepción en la LACTANCIA o con contraindicación de estrógenos?	Desogestrel 75 microgramos al día, sin descanso — Un comprimido diario a la misma hora, sin interrupciones, vía VO	Farmacoterapia::Ginecología y obstetricia
¿Cuál es la dosis de Anticoncepción de solo progestágeno y anticoncepción de urgencia en Anticoncepción de LARGA DURACIÓN?	Implante subdérmico de etonogestrel 68 mg (3 años); DIU de levonorgestrel 52 mg (5-8 años); medroxiprogesterona depot 150 mg IM cada 12 semanas — Según el método: 3 años, 5-8 años o trimestral, vía SC	Farmacoterapia::Ginecología y obstetricia
¿Cuál es la dosis de Anticoncepción de solo progestágeno y anticoncepción de urgencia en Sangrado menstrual abundante y protección endometrial?	DIU de levonorgestrel 52 mg — Un dispositivo cada 5-8 años, vía vaginal	Farmacoterapia::Ginecología y obstetricia
¿Cuánto dura el tratamiento con Anticoncepción de solo progestágeno y anticoncepción de urgencia?	Según el método: diaria, trimestral, 3 años (implante) o 5-8 años (DIU).	Farmacoterapia::Ginecología y obstetricia
¿Cómo se suspende Anticoncepción de solo progestágeno y anticoncepción de urgencia?	La fertilidad se recupera rápido salvo con la MEDROXIPROGESTERONA DEPOT, tras la cual puede tardar hasta 12 meses.	Farmacoterapia::Ginecología y obstetricia
¿Qué hay que monitorizar durante el tratamiento con Anticoncepción de solo progestágeno y anticoncepción de urgencia?	Patrón de sangrado (es la causa principal de abandono) y densitometría solo en usuarias de larga duración de medroxiprogesterona depot con factores de riesgo.	Farmacoterapia::Ginecología y obstetricia
¿Cuál es la vida media de Anticoncepción de solo progestágeno y anticoncepción de urgencia?	Variable según el preparado.	Farmacoterapia::Ginecología y obstetricia
¿Requiere Anticoncepción de solo progestágeno y anticoncepción de urgencia ajuste en insuficiencia renal?	Sin ajuste.	Farmacoterapia::Ginecología y obstetricia
Interacción crítica de Anticoncepción de solo progestágeno y anticoncepción de urgencia con Inductores enzimáticos (rifampicina, anticonvulsivantes, hierba de San Juan): ¿qué ocurre y qué se hace?	Reducen la eficacia de los métodos hormonales, incluida la anticoncepción de urgencia. Manejo: Se DUPLICA la dosis de levonorgestrel de urgencia (3 mg) y se prefiere el DIU DE COBRE. El DIU HORMONAL y el implante mantienen su eficacia, ya que el DIU actúa localmente	Farmacoterapia::Ginecología y obstetricia
Interacción crítica de Anticoncepción de solo progestágeno y anticoncepción de urgencia con Anticoncepción hormonal regular y ACETATO DE ULIPRISTAL: ¿qué ocurre y qué se hace?	Se antagonizan MUTUAMENTE: el progestágeno reduce la eficacia del ulipristal, y el ulipristal retrasa el efecto del anticonceptivo. Manejo: Tras el ulipristal hay que esperar 5 DÍAS para (re)iniciar la píldora, con preservativo mientras tanto. Con levonorgestrel se puede reiniciar de inmediato. Es un detalle que casi nunca se explica en la farmacia	Farmacoterapia::Ginecología y obstetricia
Efecto adverso grave de Anticoncepción de solo progestágeno y anticoncepción de urgencia: Pérdida de DENSIDAD MINERAL ÓSEA con el uso prolongado de medroxiprogesterona depot, especialmente relevante en la adolescente que aún no ha alcanzado su pico de masa ósea — ¿en qué consiste?	Pérdida de DENSIDAD MINERAL ÓSEA con el uso prolongado de medroxiprogesterona depot, especialmente relevante en la adolescente que aún no ha alcanzado su pico de masa ósea	Farmacoterapia::Ginecología y obstetricia
Efecto adverso grave de Anticoncepción de solo progestágeno y anticoncepción de urgencia: Quistes ováricos funcionales — ¿en qué consiste?	Quistes ováricos funcionales	Farmacoterapia::Ginecología y obstetricia
Efecto adverso grave de Anticoncepción de solo progestágeno y anticoncepción de urgencia: Perforación uterina en la inserción del DIU — ¿en qué consiste?	Perforación uterina en la inserción del DIU (rara) y expulsión	Farmacoterapia::Ginecología y obstetricia
Efecto adverso grave de Anticoncepción de solo progestágeno y anticoncepción de urgencia: Embarazo ECTÓPICO si falla el método — ¿en qué consiste?	Embarazo ECTÓPICO si falla el método (aunque el riesgo absoluto es menor que sin anticoncepción)	Farmacoterapia::Ginecología y obstetricia
Efecto adverso grave de Anticoncepción de solo progestágeno y anticoncepción de urgencia: Depresión — ¿en qué consiste?	Depresión (asociación descrita, sobre todo en adolescentes)	Farmacoterapia::Ginecología y obstetricia
¿Está contraindicado Anticoncepción de solo progestágeno y anticoncepción de urgencia en: Embarazo confirmado?	Sí — Embarazo confirmado	Farmacoterapia::Ginecología y obstetricia
¿Está contraindicado Anticoncepción de solo progestágeno y anticoncepción de urgencia en: Cáncer de mama actual?	Sí — Cáncer de mama actual	Farmacoterapia::Ginecología y obstetricia
¿Está contraindicado Anticoncepción de solo progestágeno y anticoncepción de urgencia en: Sangrado vaginal no filiado?	Sí — Sangrado vaginal no filiado (antes de estudiarlo)	Farmacoterapia::Ginecología y obstetricia
¿Está contraindicado Anticoncepción de solo progestágeno y anticoncepción de urgencia en: Hepatopatía grave y tumor hepático?	Sí — Hepatopatía grave y tumor hepático	Farmacoterapia::Ginecología y obstetricia
¿Está contraindicado Anticoncepción de solo progestágeno y anticoncepción de urgencia en: Para el DIU?	Sí — Para el DIU: infección pélvica activa, distorsión grave de la cavidad y sospecha de neoplasia genital	Farmacoterapia::Ginecología y obstetricia
Particularidad de Anticoncepción de solo progestágeno y anticoncepción de urgencia que hay que tener en cuenta:	El mensaje más importante sobre la anticoncepción de urgencia es que NO ES ABORTIVA: actúa retrasando o impidiendo la OVULACIÓN, y si la implantación ya se ha producido no tiene efecto. Explicarlo con claridad respeta las creencias de la paciente y evita que renuncie a un método eficaz por una información falsa.	Farmacoterapia::Ginecología y obstetricia
¿A qué clase farmacológica pertenece Sulfato de magnesio?	Fluidoterapia y electrolitos intravenosos (Sal de magnesio parenteral (anticonvulsivante obstétrico))	Farmacoterapia::Ginecología y obstetricia
¿Cuál es el mecanismo de acción de Sulfato de magnesio?	El magnesio actúa como ANTAGONISTA FISIOLÓGICO DEL CALCIO en tres niveles que explican sus tres usos. En el SISTEMA NERVIOSO bloquea el receptor NMDA del glutamato, eleva el umbral convulsivo y produce vasodilatación cerebral, revirtiendo el vasoespasmo de la eclampsia; ese es su papel anticonvulsivante, y no es el de un antihipertensivo, aunque baje algo la tensión. En el MÚSCULO LISO inhibe la entrada de calcio y relaja el miometrio y el bronquio. En la PLACA MOTORA compite con el calcio y reduce la liberación de acetilcolina, de donde salen a la vez su efecto tocolítico y su toxicidad: la abolición del reflejo rotuliano y, si se sigue subiendo, la parálisis respiratoria. Esa secuencia ordenada de signos (reflejo, respiración, corazón) es lo que permite vigilarlo clínicamente sin necesidad de niveles urgentes.	Farmacoterapia::Ginecología y obstetricia
¿Qué distingue a Sulfato de magnesio de los demás fármacos de su clase (Fluidoterapia y electrolitos intravenosos)?	<b>Anticonvulsivante de elección en la PREECLAMPSIA grave y la ECLAMPSIA</b> (superior a diazepam y fenitoína).	Farmacoterapia::Ginecología y obstetricia
¿Cuál es la dosis de Sulfato de magnesio en PREECLAMPSIA GRAVE: prevención de la eclampsia?	Dosis de carga de 4-6 g IV en 20-30 minutos, seguida de perfusión de 1-2 g/h — Carga y perfusión continua, vía IV	Farmacoterapia::Ginecología y obstetricia
¿A qué objetivo se ajusta la dosis de Sulfato de magnesio en PREECLAMPSIA GRAVE: prevención de la eclampsia?	Reflejo rotuliano PRESENTE, frecuencia respiratoria superior a 12 por minuto y diuresis superior a 30 mL/h; magnesemia de 4,8-8,4 mg/dL si se mide	Farmacoterapia::Ginecología y obstetricia
¿Cuál es la dosis de Sulfato de magnesio en ECLAMPSIA establecida?	4-6 g IV en bolo lento y perfusión de 1-2 g/h durante 24 horas tras la última convulsión o tras el parto — Carga y perfusión, vía IV	Farmacoterapia::Ginecología y obstetricia
¿Cuál es la dosis de Sulfato de magnesio en NEUROPROTECCIÓN FETAL en el parto pretérmino inminente?	4 g IV de carga y 1 g/h hasta el parto, máximo 24 horas — Carga y perfusión, vía IV	Farmacoterapia::Ginecología y obstetricia
¿Cuál es la dosis de Sulfato de magnesio en TORSADES DE POINTES y arritmias por hipomagnesemia?	2 g IV en 1-2 minutos, repetible — Bolo repetible, vía IV	Farmacoterapia::Ginecología y obstetricia
¿Cuál es la dosis de Sulfato de magnesio en Crisis asmática grave que no responde al tratamiento inicial?	2 g IV en 20 minutos, dosis única — Dosis única, vía IV	Farmacoterapia::Ginecología y obstetricia
¿Cuánto dura el tratamiento con Sulfato de magnesio?	24 horas tras el parto o tras la última convulsión en la preeclampsia y la eclampsia; máximo 24 horas en la neuroprotección fetal.	Farmacoterapia::Ginecología y obstetricia
¿Cómo se suspende Sulfato de magnesio?	Suspensión ante ABOLICIÓN DEL REFLEJO ROTULIANO, frecuencia respiratoria menor de 12, diuresis menor de 30 mL/h o cualquier signo de toxicidad.	Farmacoterapia::Ginecología y obstetricia
¿Qué hay que monitorizar durante el tratamiento con Sulfato de magnesio?	REFLEJO ROTULIANO, frecuencia respiratoria, saturación y DIURESIS HORARIA. Es un fármaco que se vigila con un martillo de reflejos y un reloj, no con analíticas urgentes.	Farmacoterapia::Ginecología y obstetricia
¿Cuál es la vida media de Sulfato de magnesio?	4-5 horas con función renal normal; se prolonga mucho en la insuficiencia renal.	Farmacoterapia::Ginecología y obstetricia
¿Requiere Sulfato de magnesio ajuste en insuficiencia renal?	OBLIGATORIO: reducir o suprimir la perfusión de mantenimiento con filtrado bajo o con oliguria. Es la principal causa de intoxicación.	Farmacoterapia::Ginecología y obstetricia
Interacción crítica de Sulfato de magnesio con CALCIOANTAGONISTAS (nifedipino): ¿qué ocurre y qué se hace?	Potencian el bloqueo neuromuscular y la hipotensión. Manejo: Combinación frecuente en obstetricia (nifedipino como tocolítico o antihipertensivo): vigilar estrechamente la clínica neuromuscular	Farmacoterapia::Ginecología y obstetricia
Interacción crítica de Sulfato de magnesio con Bloqueantes NEUROMUSCULARES (rocuronio, succinilcolina): ¿qué ocurre y qué se hace?	Potencian y PROLONGAN el bloqueo, con riesgo de parálisis residual y apnea. Manejo: Muy relevante si la paciente requiere una cesárea urgente bajo anestesia general: hay que avisar al anestesista	Farmacoterapia::Ginecología y obstetricia
Interacción crítica de Sulfato de magnesio con Aminoglucósidos: ¿qué ocurre y qué se hace?	Suman bloqueo neuromuscular. Manejo: Evitar la combinación	Farmacoterapia::Ginecología y obstetricia
Efecto adverso grave de Sulfato de magnesio: ABOLICIÓN DEL REFLEJO ROTULIANO — ¿en qué consiste?	ABOLICIÓN DEL REFLEJO ROTULIANO (primer signo de toxicidad y el más útil)	Farmacoterapia::Ginecología y obstetricia
Efecto adverso grave de Sulfato de magnesio: DEPRESIÓN RESPIRATORIA y parálisis — ¿en qué consiste?	DEPRESIÓN RESPIRATORIA y parálisis	Farmacoterapia::Ginecología y obstetricia
Efecto adverso grave de Sulfato de magnesio: PARADA CARDIACA con magnesemias muy elevadas — ¿en qué consiste?	PARADA CARDIACA con magnesemias muy elevadas	Farmacoterapia::Ginecología y obstetricia
Efecto adverso grave de Sulfato de magnesio: Hipotensión grave — ¿en qué consiste?	Hipotensión grave	Farmacoterapia::Ginecología y obstetricia
Efecto adverso grave de Sulfato de magnesio: Edema agudo de pulmón por sobrecarga de volumen — ¿en qué consiste?	Edema agudo de pulmón por sobrecarga de volumen	Farmacoterapia::Ginecología y obstetricia
Efecto adverso grave de Sulfato de magnesio: Hipotonía y depresión respiratoria en el RECIÉN NACIDO — ¿en qué consiste?	Hipotonía y depresión respiratoria en el RECIÉN NACIDO	Farmacoterapia::Ginecología y obstetricia
Efecto adverso grave de Sulfato de magnesio: Desmineralización ósea fetal con exposiciones prolongadas de más de 5-7 días — ¿en qué consiste?	Desmineralización ósea fetal con exposiciones prolongadas de más de 5-7 días	Farmacoterapia::Ginecología y obstetricia
¿Está contraindicado Sulfato de magnesio en: MIASTENIA GRAVIS?	Sí — MIASTENIA GRAVIS (puede precipitar una crisis miasténica)	Farmacoterapia::Ginecología y obstetricia
¿Está contraindicado Sulfato de magnesio en: Bloqueo auriculoventricular y alteraciones graves de la conducción?	Sí — Bloqueo auriculoventricular y alteraciones graves de la conducción	Farmacoterapia::Ginecología y obstetricia
¿Está contraindicado Sulfato de magnesio en: Insuficiencia renal grave sin ajuste estricto?	Sí — Insuficiencia renal grave sin ajuste estricto	Farmacoterapia::Ginecología y obstetricia
¿Está contraindicado Sulfato de magnesio en: Hipermagnesemia?	Sí — Hipermagnesemia	Farmacoterapia::Ginecología y obstetricia
Particularidad de Sulfato de magnesio que hay que tener en cuenta:	La secuencia de toxicidad es ordenada y hay que saberla de memoria porque permite vigilar al pie de la cama: primero desaparece el REFLEJO ROTULIANO (en torno a 10 mg/dL), después aparece la DEPRESIÓN RESPIRATORIA (en torno a 12) y por último la PARADA CARDIACA (por encima de 25). Mientras el reflejo esté presente, hay margen.	Farmacoterapia::Ginecología y obstetricia
¿A qué clase farmacológica pertenece Corticoides de maduración pulmonar fetal y tocolíticos?	Visión de clase: fármacos del parto pretérmino (Glucocorticoides prenatales e inhibidores de la contracción uterina)	Farmacoterapia::Ginecología y obstetricia
¿Cuál es el mecanismo de acción de Corticoides de maduración pulmonar fetal y tocolíticos?	Son dos fármacos con objetivos distintos que se administran juntos y conviene no confundir. Los CORTICOIDES PRENATALES (betametasona y dexametasona, las dos moléculas que atraviesan la placenta sin ser inactivadas por la 11-beta-hidroxiesteroide deshidrogenasa placentaria) aceleran la maduración del pulmón fetal: inducen la síntesis de SURFACTANTE por el neumocito tipo II, aumentan la distensibilidad y reducen la permeabilidad vascular pulmonar; además maduran el intestino y el sistema nervioso central. Su beneficio es enorme y bien establecido: reducen la enfermedad de membrana hialina, la hemorragia intraventricular, la enterocolitis necrosante y la MORTALIDAD neonatal. Los TOCOLÍTICOS no mejoran el pronóstico neonatal por sí mismos; su única función real es GANAR 48 HORAS para que los corticoides hagan efecto y para trasladar a la madre a un centro con unidad neonatal. El ATOSIBÁN es un antagonista del receptor de oxitocina y el NIFEDIPINO un calcioantagonista que impide la entrada de calcio en el miometrio.	Farmacoterapia::Ginecología y obstetricia
¿Cuál es la dosis de Corticoides de maduración pulmonar fetal y tocolíticos en MADURACIÓN PULMONAR FETAL en riesgo de parto pretérmino entre las 24 y las 34 semanas?	Betametasona 12 mg IM, dos dosis separadas 24 horas; o dexametasona 6 mg IM cada 12 horas, cuatro dosis — Ciclo de 2 o 4 dosis en 48 horas, vía IM	Farmacoterapia::Ginecología y obstetricia
¿A qué objetivo se ajusta la dosis de Corticoides de maduración pulmonar fetal y tocolíticos en MADURACIÓN PULMONAR FETAL en riesgo de parto pretérmino entre las 24 y las 34 semanas?	Completar el ciclo y que transcurran al menos 24 horas antes del parto para obtener el beneficio máximo	Farmacoterapia::Ginecología y obstetricia
¿Cuál es la dosis de Corticoides de maduración pulmonar fetal y tocolíticos en Maduración entre las 34 y las 36 semanas (pretérmino tardío)?	Betametasona 12 mg IM, dos dosis separadas 24 horas — Dos dosis, vía IM	Farmacoterapia::Ginecología y obstetricia
¿Cuál es la dosis de Corticoides de maduración pulmonar fetal y tocolíticos en TOCOLISIS en la amenaza de parto pretérmino?	Atosibán en bolo de 6,75 mg seguido de perfusión de 18 mg/h durante 3 horas y después 6 mg/h; o nifedipino 20 mg VO y después 10-20 mg cada 6-8 horas — Perfusión de 48 horas (atosibán) o pauta oral (nifedipino), vía IV	Farmacoterapia::Ginecología y obstetricia
¿A qué objetivo se ajusta la dosis de Corticoides de maduración pulmonar fetal y tocolíticos en TOCOLISIS en la amenaza de parto pretérmino?	Cese de la dinámica uterina durante 48 horas, el tiempo que necesitan los corticoides	Farmacoterapia::Ginecología y obstetricia
¿Cuál es la dosis de Corticoides de maduración pulmonar fetal y tocolíticos en Neuroprotección fetal asociada, por debajo de las 32 semanas?	Sulfato de magnesio 4 g IV de carga y 1 g/h — Carga y perfusión hasta el parto, vía IV	Farmacoterapia::Ginecología y obstetricia
¿Cuánto dura el tratamiento con Corticoides de maduración pulmonar fetal y tocolíticos?	Ciclo único de corticoides en 48 horas; tocolisis de 48 horas.	Farmacoterapia::Ginecología y obstetricia
¿Cómo se suspende Corticoides de maduración pulmonar fetal y tocolíticos?	La tocolisis se suspende a las 48 horas: mantenerla más tiempo no aporta beneficio y añade riesgos. NO se repiten ciclos de corticoides de forma rutinaria; se puede valorar un ciclo de rescate si han pasado más de 14 días y persiste el riesgo antes de las 34 semanas.	Farmacoterapia::Ginecología y obstetricia
¿Qué hay que monitorizar durante el tratamiento con Corticoides de maduración pulmonar fetal y tocolíticos?	Dinámica uterina, registro fetal, GLUCEMIA MATERNA (los corticoides la elevan de forma marcada en la diabética) y tensión arterial con nifedipino.	Farmacoterapia::Ginecología y obstetricia
¿Cuál es la vida media de Corticoides de maduración pulmonar fetal y tocolíticos?	Betametasona 36-54 horas; atosibán 1,7 horas; nifedipino 2-5 horas.	Farmacoterapia::Ginecología y obstetricia
¿Requiere Corticoides de maduración pulmonar fetal y tocolíticos ajuste en insuficiencia renal?	Sin ajuste relevante.	Farmacoterapia::Ginecología y obstetricia
Interacción crítica de Corticoides de maduración pulmonar fetal y tocolíticos con SULFATO DE MAGNESIO y NIFEDIPINO: ¿qué ocurre y qué se hace?	Hipotensión grave y bloqueo neuromuscular por suma de efectos. Manejo: Combinación frecuente en la práctica: vigilar tensión y clínica neuromuscular, o preferir atosibán como tocolítico	Farmacoterapia::Ginecología y obstetricia
Interacción crítica de Corticoides de maduración pulmonar fetal y tocolíticos con INSULINA (corticoides): ¿qué ocurre y qué se hace?	Los corticoides elevan mucho la glucemia y descompensan a la diabética. Manejo: En la gestante diabética hay que anticipar el aumento de necesidades de insulina durante 48-72 horas tras el ciclo	Farmacoterapia::Ginecología y obstetricia
Interacción crítica de Corticoides de maduración pulmonar fetal y tocolíticos con Betamiméticos (ritodrina) y corticoides: ¿qué ocurre y qué se hace?	EDEMA AGUDO DE PULMÓN materno. Manejo: Es la razón principal por la que los betamiméticos han sido abandonados como tocolíticos	Farmacoterapia::Ginecología y obstetricia
Interacción crítica de Corticoides de maduración pulmonar fetal y tocolíticos con AINE (indometacina como tocolítico): ¿qué ocurre y qué se hace?	CIERRE PRECOZ del ductus arterioso y oligoamnios. Manejo: Uso limitado a menos de 48 horas y por debajo de las 32 semanas	Farmacoterapia::Ginecología y obstetricia
Efecto adverso grave de Corticoides de maduración pulmonar fetal y tocolíticos: EDEMA AGUDO DE PULMÓN materno, sobre todo con betamiméticos, sobrecarga hídrica y gestación múltiple — ¿en qué consiste?	EDEMA AGUDO DE PULMÓN materno, sobre todo con betamiméticos, sobrecarga hídrica y gestación múltiple	Farmacoterapia::Ginecología y obstetricia
Efecto adverso grave de Corticoides de maduración pulmonar fetal y tocolíticos: Hipotensión materna grave con nifedipino y compromiso de la perfusión placentaria — ¿en qué consiste?	Hipotensión materna grave con nifedipino y compromiso de la perfusión placentaria	Farmacoterapia::Ginecología y obstetricia
Efecto adverso grave de Corticoides de maduración pulmonar fetal y tocolíticos: HIPOGLUCEMIA neonatal, más frecuente cuando el corticoide se administra en el pretérmino tardío — ¿en qué consiste?	HIPOGLUCEMIA neonatal, más frecuente cuando el corticoide se administra en el pretérmino tardío	Farmacoterapia::Ginecología y obstetricia
Efecto adverso grave de Corticoides de maduración pulmonar fetal y tocolíticos: Descompensación diabética materna — ¿en qué consiste?	Descompensación diabética materna	Farmacoterapia::Ginecología y obstetricia
Efecto adverso grave de Corticoides de maduración pulmonar fetal y tocolíticos: Posible efecto sobre el neurodesarrollo con ciclos REPETIDOS de corticoides, motivo por el que no se repiten de rutina — ¿en qué consiste?	Posible efecto sobre el neurodesarrollo con ciclos REPETIDOS de corticoides, motivo por el que no se repiten de rutina	Farmacoterapia::Ginecología y obstetricia
¿Está contraindicado Corticoides de maduración pulmonar fetal y tocolíticos en: CORIOAMNIONITIS y sufrimiento fetal, para la tocolisis?	Sí — CORIOAMNIONITIS y sufrimiento fetal, para la tocolisis (hay que finalizar la gestación)	Farmacoterapia::Ginecología y obstetricia
¿Está contraindicado Corticoides de maduración pulmonar fetal y tocolíticos en: Desprendimiento de placenta y hemorragia materna grave?	Sí — Desprendimiento de placenta y hemorragia materna grave	Farmacoterapia::Ginecología y obstetricia
¿Está contraindicado Corticoides de maduración pulmonar fetal y tocolíticos en: Preeclampsia grave con criterios de finalización?	Sí — Preeclampsia grave con criterios de finalización	Farmacoterapia::Ginecología y obstetricia
¿Está contraindicado Corticoides de maduración pulmonar fetal y tocolíticos en: Muerte fetal y malformación incompatible con la vida?	Sí — Muerte fetal y malformación incompatible con la vida	Farmacoterapia::Ginecología y obstetricia
¿Está contraindicado Corticoides de maduración pulmonar fetal y tocolíticos en: Para el nifedipino?	Sí — Para el nifedipino: hipotensión materna y uso simultáneo con magnesio a dosis altas	Farmacoterapia::Ginecología y obstetricia
Particularidad de Corticoides de maduración pulmonar fetal y tocolíticos que hay que tener en cuenta:	Hay que tener claro qué hace cada fármaco: los CORTICOIDES son los que salvan al niño; los TOCOLÍTICOS solo compran las 48 horas que los corticoides necesitan. Confundir los papeles lleva a mantener tocolisis durante semanas sin beneficio y, peor, a olvidar el corticoide, que es lo que de verdad cuenta.	Farmacoterapia::Ginecología y obstetricia
¿A qué clase farmacológica pertenece Oxitocina?	Uterotónico (Análogo sintético de la hormona neurohipofisaria)	Farmacoterapia::Ginecología y obstetricia
¿Cuál es el mecanismo de acción de Oxitocina?	Se une a receptores acoplados a proteína Gq del miometrio, aumenta el calcio intracelular y produce contracciones rítmicas y coordinadas. El dato que gobierna toda su clínica es que la DENSIDAD DE RECEPTORES miometriales es mínima al principio del embarazo y se multiplica más de cien veces al término: por eso es un fármaco casi inerte en el útero pretérmino y potentísimo al final de la gestación. Tras el parto, la contracción mantenida comprime mecánicamente los vasos del lecho placentario y detiene la hemorragia; ese es su papel en la hemorragia posparto. Su estructura es casi idéntica a la de la VASOPRESINA (difieren en dos aminoácidos), y de ahí un efecto adverso que sorprende a quien no lo espera: a dosis altas y en perfusiones prolongadas con soluciones hipotónicas produce RETENCIÓN DE AGUA LIBRE con hiponatremia dilucional, convulsiones y coma.	Farmacoterapia::Ginecología y obstetricia
¿Qué distingue a Oxitocina de los demás fármacos de su clase (Uterotónico)?	<b>Uterotónico de PRIMERA línea</b>: prevención (10 UI IM en el alumbramiento) y tratamiento de la hemorragia posparto, e <b>inducción/estimulación del parto</b> (perfusión titulada).	Farmacoterapia::Ginecología y obstetricia
¿Cuál es la dosis de Oxitocina en INDUCCIÓN y conducción del parto?	Perfusión de 1-2 mUI/min, aumentando 1-2 mUI/min cada 30 minutos, máximo 20-30 mUI/min — Perfusión continua titulada, vía IV	Farmacoterapia::Ginecología y obstetricia
¿A qué objetivo se ajusta la dosis de Oxitocina en INDUCCIÓN y conducción del parto?	Dinámica uterina de 3-5 contracciones cada 10 minutos con relajación completa entre ellas y registro cardiotocográfico normal	Farmacoterapia::Ginecología y obstetricia
¿Cuál es la dosis de Oxitocina en Profilaxis de la HEMORRAGIA POSPARTO (manejo activo del alumbramiento)?	10 UI IM o 5 UI IV lenta tras la salida del hombro anterior o del feto — Dosis única, vía IM	Farmacoterapia::Ginecología y obstetricia
¿Cuál es la dosis de Oxitocina en HEMORRAGIA POSPARTO establecida por atonía uterina?	10 UI IV lenta o IM, seguidas de perfusión de 20-40 UI en 500 mL a 125 mL/h — Bolo y perfusión, vía IV	Farmacoterapia::Ginecología y obstetricia
¿A qué objetivo se ajusta la dosis de Oxitocina en HEMORRAGIA POSPARTO establecida por atonía uterina?	Útero contraído y firme, con cese del sangrado	Farmacoterapia::Ginecología y obstetricia
¿Cuál es la dosis de Oxitocina en Cesárea?	3-5 UI IV lenta tras la extracción fetal, seguidas de perfusión — Bolo y perfusión, vía IV	Farmacoterapia::Ginecología y obstetricia
¿Cuánto dura el tratamiento con Oxitocina?	Hasta el parto en la inducción; unas horas de perfusión tras el alumbramiento en la profilaxis.	Farmacoterapia::Ginecología y obstetricia
¿Cómo se suspende Oxitocina?	Se reduce o se suspende ante TAQUISISTOLIA (más de 5 contracciones en 10 minutos) o ante alteraciones del registro fetal. La vida media es de minutos, de modo que suspenderla es una medida rápidamente eficaz.	Farmacoterapia::Ginecología y obstetricia
¿Qué hay que monitorizar durante el tratamiento con Oxitocina?	Dinámica uterina y registro cardiotocográfico continuos, tensión arterial, balance hídrico y NATREMIA en perfusiones prolongadas.	Farmacoterapia::Ginecología y obstetricia
¿Cuál es la vida media de Oxitocina?	1-6 MINUTOS, lo que permite titular con precisión y revertir el efecto simplemente parando la perfusión.	Farmacoterapia::Ginecología y obstetricia
¿Requiere Oxitocina ajuste en insuficiencia renal?	Precaución por el riesgo de intoxicación hídrica.	Farmacoterapia::Ginecología y obstetricia
Interacción crítica de Oxitocina con PROSTAGLANDINAS (misoprostol, dinoprostona): ¿qué ocurre y qué se hace?	Potencian la actividad uterina con riesgo de HIPERESTIMULACIÓN y ROTURA UTERINA. Manejo: Respetar un intervalo mínimo de 4 horas (30 minutos si se ha retirado un dispositivo de dinoprostona) antes de iniciar la oxitocina	Farmacoterapia::Ginecología y obstetricia
Interacción crítica de Oxitocina con Anestésicos y vasoconstrictores simpaticomiméticos: ¿qué ocurre y qué se hace?	Hipertensión grave. Manejo: Precaución con la efedrina y los vasopresores en el contexto de la anestesia regional	Farmacoterapia::Ginecología y obstetricia
Interacción crítica de Oxitocina con Soluciones HIPOTÓNICAS en perfusiones prolongadas: ¿qué ocurre y qué se hace?	INTOXICACIÓN HÍDRICA con hiponatremia, convulsiones y coma por el efecto antidiurético. Manejo: Usar soluciones isotónicas, limitar el volumen y controlar la natremia	Farmacoterapia::Ginecología y obstetricia
Efecto adverso grave de Oxitocina: TAQUISISTOLIA e hiperestimulación uterina con SUFRIMIENTO FETAL por reducción del flujo placentario — ¿en qué consiste?	TAQUISISTOLIA e hiperestimulación uterina con SUFRIMIENTO FETAL por reducción del flujo placentario	Farmacoterapia::Ginecología y obstetricia
Efecto adverso grave de Oxitocina: ROTURA UTERINA, sobre todo en la multípara y en la mujer con CESÁREA previa — ¿en qué consiste?	ROTURA UTERINA, sobre todo en la multípara y en la mujer con CESÁREA previa	Farmacoterapia::Ginecología y obstetricia
Efecto adverso grave de Oxitocina: INTOXICACIÓN HÍDRICA con hiponatremia grave, convulsiones y coma — ¿en qué consiste?	INTOXICACIÓN HÍDRICA con hiponatremia grave, convulsiones y coma	Farmacoterapia::Ginecología y obstetricia
Efecto adverso grave de Oxitocina: HIPOTENSIÓN grave y arritmias con el bolo intravenoso rápido — ¿en qué consiste?	HIPOTENSIÓN grave y arritmias con el bolo intravenoso rápido	Farmacoterapia::Ginecología y obstetricia
Efecto adverso grave de Oxitocina: Desprendimiento de placenta y embolia de líquido amniótico — ¿en qué consiste?	Desprendimiento de placenta y embolia de líquido amniótico (asociación con la hiperestimulación)	Farmacoterapia::Ginecología y obstetricia
¿Está contraindicado Oxitocina en: Desproporción pelvicofetal y situación transversa?	Sí — Desproporción pelvicofetal y situación transversa	Farmacoterapia::Ginecología y obstetricia
¿Está contraindicado Oxitocina en: PLACENTA PREVIA y vasa previa?	Sí — PLACENTA PREVIA y vasa previa	Farmacoterapia::Ginecología y obstetricia
¿Está contraindicado Oxitocina en: Sufrimiento fetal que exija extracción inmediata?	Sí — Sufrimiento fetal que exija extracción inmediata	Farmacoterapia::Ginecología y obstetricia
¿Está contraindicado Oxitocina en: Cicatriz uterina previa de riesgo?	Sí — Cicatriz uterina previa de riesgo (cesárea corporal, miomectomía transmural)	Farmacoterapia::Ginecología y obstetricia
¿Está contraindicado Oxitocina en: Prolapso de cordón e hipertonía uterina?	Sí — Prolapso de cordón e hipertonía uterina	Farmacoterapia::Ginecología y obstetricia
Particularidad de Oxitocina que hay que tener en cuenta:	El número de RECEPTORES explica por qué el mismo fármaco no sirve para todo: son escasísimos en el segundo trimestre y se multiplican por cien al término. Por eso la oxitocina no interrumpe un embarazo precoz y sí desencadena un parto a término. Entendido esto, no hay que memorizar nada más sobre su selectividad.	Farmacoterapia::Ginecología y obstetricia
¿A qué clase farmacológica pertenece Misoprostol (y mifepristona)?	Uterotónico (Análogo sintético de la prostaglandina E1)	Farmacoterapia::Ginecología y obstetricia
¿Cuál es el mecanismo de acción de Misoprostol (y mifepristona)?	Análogo de la PGE1 que actúa sobre receptores EP2 y EP3. En el ÚTERO produce dos efectos complementarios: MADURA EL CUELLO, degradando el colágeno cervical y aumentando su contenido en agua, y CONTRAE el miometrio. A diferencia de la oxitocina, su acción NO depende de la densidad de receptores oxitocínicos, y por eso es eficaz en CUALQUIER momento de la gestación, incluido el primer trimestre: es lo que lo convierte en el fármaco central del aborto farmacológico y del manejo del aborto diferido. En el ESTÓMAGO, su acción sobre el receptor EP3 de la célula parietal reduce la secreción ácida y aumenta la producción de moco y bicarbonato, que fue su indicación original. La MIFEPRISTONA, con la que se combina, es un antagonista del receptor de progesterona que desprende la decidua y SENSIBILIZA el útero al misoprostol, multiplicando su eficacia.	Farmacoterapia::Ginecología y obstetricia
¿Qué distingue a Misoprostol (y mifepristona) de los demás fármacos de su clase (Uterotónico)?	<b>Prostaglandina E1 ORAL/SUBLINGUAL/VAGINAL y termoestable</b>: hemorragia posparto (800 µg) donde no hay oxitocina, <b>maduración cervical</b> e <b>interrupción del embarazo</b> (con mifepristona).	Farmacoterapia::Ginecología y obstetricia
¿Cuál es la dosis de Misoprostol (y mifepristona) en ABORTO FARMACOLÓGICO del primer trimestre?	Mifepristona 200 mg VO y, 24-48 horas después, misoprostol 800 microgramos por vía bucal, sublingual o vaginal — Dosis secuencial, repetible a las 3-4 horas si es preciso, vía bucal	Farmacoterapia::Ginecología y obstetricia
¿A qué objetivo se ajusta la dosis de Misoprostol (y mifepristona) en ABORTO FARMACOLÓGICO del primer trimestre?	Expulsión completa confirmada clínicamente o por ecografía o descenso de la beta-HCG	Farmacoterapia::Ginecología y obstetricia
¿Cuál es la dosis de Misoprostol (y mifepristona) en Aborto DIFERIDO y aborto incompleto?	Misoprostol 600-800 microgramos por vía vaginal o sublingual, repetible — Dosis repetible cada 3-4 horas, vía vaginal	Farmacoterapia::Ginecología y obstetricia
¿Cuál es la dosis de Misoprostol (y mifepristona) en HEMORRAGIA POSPARTO cuando no hay oxitocina disponible o esta ha fracasado?	600-800 microgramos por vía sublingual o rectal — Dosis única, vía SL	Farmacoterapia::Ginecología y obstetricia
¿Cuál es la dosis de Misoprostol (y mifepristona) en MADURACIÓN CERVICAL e inducción del parto a término?	25 microgramos por vía vaginal cada 4-6 horas, o 25 microgramos por vía oral cada 2 horas — Dosis repetidas hasta conseguir dinámica, vía vaginal	Farmacoterapia::Ginecología y obstetricia
¿A qué objetivo se ajusta la dosis de Misoprostol (y mifepristona) en MADURACIÓN CERVICAL e inducción del parto a término?	Cuello maduro y dinámica uterina establecida, sin taquisistolia	Farmacoterapia::Ginecología y obstetricia
¿Cuál es la dosis de Misoprostol (y mifepristona) en Prevención de la úlcera gástrica por AINE (indicación original)?	200 microgramos cada 6-8 horas — Cada 6-8 horas con las comidas, vía VO	Farmacoterapia::Ginecología y obstetricia
¿Cuánto dura el tratamiento con Misoprostol (y mifepristona)?	Horas o un par de días según la indicación.	Farmacoterapia::Ginecología y obstetricia
¿Cómo se suspende Misoprostol (y mifepristona)?	Confirmar la expulsión completa. En la inducción, se suspende al establecerse la dinámica y se espera al menos 4 horas antes de iniciar oxitocina.	Farmacoterapia::Ginecología y obstetricia
¿Qué hay que monitorizar durante el tratamiento con Misoprostol (y mifepristona)?	Sangrado, dolor, signos de infección y, en la inducción a término, dinámica uterina y registro fetal continuos.	Farmacoterapia::Ginecología y obstetricia
¿Cuál es la vida media de Misoprostol (y mifepristona)?	20-40 minutos, aunque el efecto uterino dura varias horas.	Farmacoterapia::Ginecología y obstetricia
¿Requiere Misoprostol (y mifepristona) ajuste en insuficiencia renal?	Reducir la dosis en la insuficiencia renal grave.	Farmacoterapia::Ginecología y obstetricia
Interacción crítica de Misoprostol (y mifepristona) con OXITOCINA: ¿qué ocurre y qué se hace?	Hiperestimulación uterina y riesgo de ROTURA. Manejo: Respetar al menos 4 horas entre la última dosis de misoprostol y el inicio de la oxitocina	Farmacoterapia::Ginecología y obstetricia
Efecto adverso grave de Misoprostol (y mifepristona): TAQUISISTOLIA con sufrimiento fetal y ROTURA UTERINA, sobre todo si se usa a término en una mujer con CESÁREA PREVIA — ¿en qué consiste?	TAQUISISTOLIA con sufrimiento fetal y ROTURA UTERINA, sobre todo si se usa a término en una mujer con CESÁREA PREVIA	Farmacoterapia::Ginecología y obstetricia
Efecto adverso grave de Misoprostol (y mifepristona): Hemorragia grave que requiera transfusión o legrado — ¿en qué consiste?	Hemorragia grave que requiera transfusión o legrado	Farmacoterapia::Ginecología y obstetricia
Efecto adverso grave de Misoprostol (y mifepristona): Aborto incompleto con retención de restos e infección — ¿en qué consiste?	Aborto incompleto con retención de restos e infección	Farmacoterapia::Ginecología y obstetricia
Efecto adverso grave de Misoprostol (y mifepristona): SEPSIS por Clostridium sordellii, complicación excepcional pero descrita y de altísima mortalidad, con hipotensión, hemoconcentración y leucocitosis extrema SIN FIEBRE — ¿en qué consiste?	SEPSIS por Clostridium sordellii, complicación excepcional pero descrita y de altísima mortalidad, con hipotensión, hemoconcentración y leucocitosis extrema SIN FIEBRE	Farmacoterapia::Ginecología y obstetricia
Efecto adverso grave de Misoprostol (y mifepristona): TERATOGENIA si el embarazo continúa — ¿en qué consiste?	TERATOGENIA si el embarazo continúa: síndrome de Möbius y defectos de reducción de extremidades	Farmacoterapia::Ginecología y obstetricia
¿Está contraindicado Misoprostol (y mifepristona) en: CESÁREA PREVIA u otra cicatriz uterina, para la inducción a término?	Sí — CESÁREA PREVIA u otra cicatriz uterina, para la inducción a término (riesgo de rotura)	Farmacoterapia::Ginecología y obstetricia
¿Está contraindicado Misoprostol (y mifepristona) en: Embarazo ECTÓPICO conocido o no descartado?	Sí — Embarazo ECTÓPICO conocido o no descartado	Farmacoterapia::Ginecología y obstetricia
¿Está contraindicado Misoprostol (y mifepristona) en: Sospecha de sufrimiento fetal en la inducción?	Sí — Sospecha de sufrimiento fetal en la inducción	Farmacoterapia::Ginecología y obstetricia
¿Está contraindicado Misoprostol (y mifepristona) en: Dispositivo intrauterino in situ?	Sí — Dispositivo intrauterino in situ (retirarlo antes)	Farmacoterapia::Ginecología y obstetricia
¿Está contraindicado Misoprostol (y mifepristona) en: Alergia a prostaglandinas y porfiria?	Sí — Alergia a prostaglandinas y porfiria	Farmacoterapia::Ginecología y obstetricia
¿Está contraindicado Misoprostol (y mifepristona) en: Insuficiencia suprarrenal crónica o corticoterapia prolongada, para la MIFEPRISTONA?	Sí — Insuficiencia suprarrenal crónica o corticoterapia prolongada, para la MIFEPRISTONA	Farmacoterapia::Ginecología y obstetricia
Particularidad de Misoprostol (y mifepristona) que hay que tener en cuenta:	La DOSIS cambia por un factor de TREINTA según la edad gestacional: 800 microgramos en el primer trimestre y 25 microgramos a término. El motivo es que el útero a término es incomparablemente más sensible, y confundir las dosis en la dirección equivocada provoca una hiperestimulación con riesgo de rotura uterina.	Farmacoterapia::Ginecología y obstetricia
