¿A qué clase farmacológica pertenece Azul de metileno?	Antídoto de tóxicos metabólicos y descontaminación (Reductor de la metahemoglobina)	Farmacoterapia::Urgencias, críticos y toxicología
¿Cuál es el mecanismo de acción de Azul de metileno?	Cofactor de la NADPH-metahemoglobina reductasa: reduce la metahemoglobina (Fe3+) a hemoglobina (Fe2+).	Farmacoterapia::Urgencias, críticos y toxicología
¿Qué distingue a Azul de metileno de los demás fármacos de su clase (Antídoto de tóxicos metabólicos y descontaminación)?	<b>Antídoto de la METAHEMOGLOBINEMIA</b> adquirida (anestésicos locales tópicos, dapsona, nitritos, nitratos).	Farmacoterapia::Urgencias, críticos y toxicología
¿Cuál es la dosis de Azul de metileno en Metahemoglobinemia sintomática o >20-30%?	1-2 mg/kg — IV en 5 min; repetir a la hora si es necesario, vía IV	Farmacoterapia::Urgencias, críticos y toxicología
¿Cuál es la dosis de Azul de metileno en Shock vasopléjico refractario (rescate)?	1-2 mg/kg — Bolo y perfusión, vía IV	Farmacoterapia::Urgencias, críticos y toxicología
¿Cuánto dura el tratamiento con Azul de metileno?	Dosis puntuales.	Farmacoterapia::Urgencias, críticos y toxicología
¿Cómo se suspende Azul de metileno?	—	Farmacoterapia::Urgencias, críticos y toxicología
¿Qué hay que monitorizar durante el tratamiento con Azul de metileno?	Metahemoglobina (la pulsioximetría falla), hemólisis.	Farmacoterapia::Urgencias, críticos y toxicología
¿Cuál es la vida media de Azul de metileno?	5-6 h.	Farmacoterapia::Urgencias, críticos y toxicología
¿Requiere Azul de metileno ajuste en insuficiencia renal?	Precaución.	Farmacoterapia::Urgencias, críticos y toxicología
Interacción crítica de Azul de metileno con ISRS, IRSN, clomipramina, linezolid: ¿qué ocurre y qué se hace?	<b>Síndrome serotoninérgico</b>. Manejo: Evitar o vigilar estrechamente	Farmacoterapia::Urgencias, críticos y toxicología
Efecto adverso grave de Azul de metileno: Hemólisis — ¿en qué consiste?	Hemólisis (G6PD)	Farmacoterapia::Urgencias, críticos y toxicología
Efecto adverso grave de Azul de metileno: Síndrome serotoninérgico — ¿en qué consiste?	Síndrome serotoninérgico	Farmacoterapia::Urgencias, críticos y toxicología
Efecto adverso grave de Azul de metileno: Metahemoglobinemia paradójica a dosis altas — ¿en qué consiste?	Metahemoglobinemia paradójica a dosis altas	Farmacoterapia::Urgencias, críticos y toxicología
¿Está contraindicado Azul de metileno en: Déficit de G6PD?	Sí — Déficit de G6PD	Farmacoterapia::Urgencias, críticos y toxicología
¿Está contraindicado Azul de metileno en: Metahemoglobinemia por cianuro?	Sí — Metahemoglobinemia por cianuro (tratamiento con nitritos)	Farmacoterapia::Urgencias, críticos y toxicología
Particularidad de Azul de metileno que hay que tener en cuenta:	SpO2 que se queda en ~85% sin respuesta al oxígeno y sangre «chocolate»: metahemoglobinemia.	Farmacoterapia::Urgencias, críticos y toxicología
¿A qué clase farmacológica pertenece Pralidoxima?	Antídoto farmacológico (receptor o mecanismo) (Reactivador de la acetilcolinesterasa (oxima))	Farmacoterapia::Urgencias, críticos y toxicología
¿Cuál es el mecanismo de acción de Pralidoxima?	Oxima que desplaza el grupo fosfato unido a la acetilcolinesterasa.	Farmacoterapia::Urgencias, críticos y toxicología
¿Qué distingue a Pralidoxima de los demás fármacos de su clase (Antídoto farmacológico (receptor o mecanismo))?	<b>Reactiva la colinesterasa</b> inhibida por ORGANOFOSFORADOS (antes del «envejecimiento» del enlace): actúa sobre los efectos <b>NICOTÍNICOS</b> (debilidad muscular) que la atropina no corrige.	Farmacoterapia::Urgencias, críticos y toxicología
¿Cuál es la dosis de Pralidoxima en Intoxicación por organofosforados con síntomas nicotínicos?	30 mg/kg en 30 min, después 8-10 mg/kg/h — Carga + perfusión, vía IV	Farmacoterapia::Urgencias, críticos y toxicología
¿Cuánto dura el tratamiento con Pralidoxima?	24-48 h o hasta mejoría.	Farmacoterapia::Urgencias, críticos y toxicología
¿Cómo se suspende Pralidoxima?	—	Farmacoterapia::Urgencias, críticos y toxicología
¿Qué hay que monitorizar durante el tratamiento con Pralidoxima?	Fuerza, respiración, colinesterasa.	Farmacoterapia::Urgencias, críticos y toxicología
¿Cuál es la vida media de Pralidoxima?	1-2 h.	Farmacoterapia::Urgencias, críticos y toxicología
¿Requiere Pralidoxima ajuste en insuficiencia renal?	Reducir.	Farmacoterapia::Urgencias, críticos y toxicología
Efecto adverso grave de Pralidoxima: Debilidad y apnea con infusión rápida — ¿en qué consiste?	Debilidad y apnea con infusión rápida	Farmacoterapia::Urgencias, críticos y toxicología
Efecto adverso grave de Pralidoxima: Hipertensión — ¿en qué consiste?	Hipertensión	Farmacoterapia::Urgencias, críticos y toxicología
¿Está contraindicado Pralidoxima en: Intoxicación por carbamatos?	Sí — Intoxicación por carbamatos (relativa)	Farmacoterapia::Urgencias, críticos y toxicología
Particularidad de Pralidoxima que hay que tener en cuenta:	La atropina seca los bronquios; la pralidoxima devuelve la fuerza al diafragma.	Farmacoterapia::Urgencias, críticos y toxicología
¿A qué clase farmacológica pertenece Vasopresina (arginina-vasopresina)?	Fármaco del eje de la vasopresina (Hormona natural, agonista V1 y V2)	Farmacoterapia::Urgencias, críticos y toxicología
¿Cuál es el mecanismo de acción de Vasopresina (arginina-vasopresina)?	Agonista V1 (vasoconstricción) y V2 (reabsorción de agua en el túbulo colector). En el shock séptico hay déficit relativo de vasopresina endógena.	Farmacoterapia::Urgencias, críticos y toxicología
¿Qué distingue a Vasopresina (arginina-vasopresina) de los demás fármacos de su clase (Fármaco del eje de la vasopresina)?	<b>Segundo vasopresor en el SHOCK SÉPTICO</b> (0,03 UI/min) para ahorrar noradrenalina: <b>no depende de receptores adrenérgicos</b> (eficaz en acidosis).	Farmacoterapia::Urgencias, críticos y toxicología
¿Cuál es la dosis de Vasopresina (arginina-vasopresina) en Shock séptico con noradrenalina ≥0,25-0,5 µg/kg/min?	0,03 UI/min (hasta 0,04) — Perfusión continua fija, vía IV	Farmacoterapia::Urgencias, críticos y toxicología
¿Cuánto dura el tratamiento con Vasopresina (arginina-vasopresina)?	Hasta poder bajar la noradrenalina.	Farmacoterapia::Urgencias, críticos y toxicología
¿Cómo se suspende Vasopresina (arginina-vasopresina)?	Retirada gradual.	Farmacoterapia::Urgencias, críticos y toxicología
¿Qué hay que monitorizar durante el tratamiento con Vasopresina (arginina-vasopresina)?	PA, perfusión distal, sodio, lactato.	Farmacoterapia::Urgencias, críticos y toxicología
¿Cuál es la vida media de Vasopresina (arginina-vasopresina)?	10-20 min.	Farmacoterapia::Urgencias, críticos y toxicología
¿Requiere Vasopresina (arginina-vasopresina) ajuste en insuficiencia renal?	No precisa.	Farmacoterapia::Urgencias, críticos y toxicología
Efecto adverso grave de Vasopresina (arginina-vasopresina): <b>Isquemia digital, mesentérica y coronaria</b> — ¿en qué consiste?	<b>Isquemia digital, mesentérica y coronaria</b>	Farmacoterapia::Urgencias, críticos y toxicología
Efecto adverso grave de Vasopresina (arginina-vasopresina): Necrosis cutánea — ¿en qué consiste?	Necrosis cutánea	Farmacoterapia::Urgencias, críticos y toxicología
¿Está contraindicado Vasopresina (arginina-vasopresina) en: Cardiopatía isquémica grave?	Sí — Cardiopatía isquémica grave (relativa)	Farmacoterapia::Urgencias, críticos y toxicología
Particularidad de Vasopresina (arginina-vasopresina) que hay que tener en cuenta:	Su papel es ahorrar catecolaminas, no sustituirlas.	Farmacoterapia::Urgencias, críticos y toxicología
¿A qué clase farmacológica pertenece Adrenalina (epinefrina)?	Catecolamina y vasopresor (Agonista alfa y beta no selectivo)	Farmacoterapia::Urgencias, críticos y toxicología
¿Cuál es el mecanismo de acción de Adrenalina (epinefrina)?	Agonista directo de todos los receptores adrenérgicos, y cada uno aporta una pieza distinta del efecto que se busca en la anafilaxia. La acción ALFA-1 produce vasoconstricción: sube la tensión arterial, revierte el shock distributivo y reduce el edema de la mucosa laríngea, que es lo que mata. La acción BETA-1 aumenta la frecuencia y la contractilidad cardiacas. La acción BETA-2 broncodilata y, sobre todo, ESTABILIZA EL MASTOCITO al elevar el AMPc, frenando la liberación adicional de histamina y triptasa. Ningún otro fármaco reúne las tres acciones, y por eso ningún otro puede sustituirla.	Farmacoterapia::Urgencias, críticos y toxicología
¿Qué distingue a Adrenalina (epinefrina) de los demás fármacos de su clase (Catecolamina y vasopresor)?	<b>Fármaco de PRIMERA LÍNEA en la ANAFILAXIA (IM)</b> y en la <b>parada cardiaca (IV)</b>: el único de la clase con estos usos.	Farmacoterapia::Urgencias, críticos y toxicología
¿Cuál es la dosis de Adrenalina (epinefrina) en ANAFILAXIA?	0,5 mg (0,5 mL de la solución 1 mg/mL, es decir 1:1000) IM en la cara ANTEROLATERAL DEL MUSLO, repetible cada 5-15 minutos — Dosis repetible; si no hay respuesta tras 2-3 dosis, perfusión IV, vía IM	Farmacoterapia::Urgencias, críticos y toxicología
¿Cuál es la dosis de Adrenalina (epinefrina) en Parada cardiorrespiratoria?	1 mg IV o intraósea (10 mL de la solución 1:10.000) cada 3-5 minutos — Bolo cada 3-5 minutos durante la reanimación, vía IV	Farmacoterapia::Urgencias, críticos y toxicología
¿Cuál es la dosis de Adrenalina (epinefrina) en Shock refractario a fluidos (séptico, cardiogénico)?	0,05-0,5 microgramos/kg/min en perfusión continua — Perfusión titulada, vía IV	Farmacoterapia::Urgencias, críticos y toxicología
¿A qué objetivo se ajusta la dosis de Adrenalina (epinefrina) en Shock refractario a fluidos (séptico, cardiogénico)?	Tensión arterial media mayor o igual a 65 mmHg con perfusión periférica y diuresis adecuadas	Farmacoterapia::Urgencias, críticos y toxicología
¿Cuál es la dosis de Adrenalina (epinefrina) en Crup moderado-grave y estridor por edema de vía aérea?	0,5 mg/kg de adrenalina 1:1000 nebulizada, máximo 5 mg — Nebulización repetible, vía nebulizada	Farmacoterapia::Urgencias, críticos y toxicología
¿Cuál es la dosis de Adrenalina (epinefrina) en Asma casi fatal sin respuesta a broncodilatadores inhalados?	0,5 mg IM, repetible cada 5-15 minutos — Dosis repetible, vía IM	Farmacoterapia::Urgencias, críticos y toxicología
¿Cuánto dura el tratamiento con Adrenalina (epinefrina)?	Su efecto dura 10-20 minutos por vía intramuscular. La anafilaxia puede tener una reacción BIFÁSICA hasta 72 horas después, con un pico entre las 6 y las 12 horas.	Farmacoterapia::Urgencias, críticos y toxicología
¿Cómo se suspende Adrenalina (epinefrina)?	Tras el episodio: observación de 6-12 horas, prescripción de DOS autoinyectores, formación al paciente y a la familia en su uso, plan escrito de actuación y derivación a alergología.	Farmacoterapia::Urgencias, críticos y toxicología
¿Qué hay que monitorizar durante el tratamiento con Adrenalina (epinefrina)?	ECG, tensión arterial y saturación. En perfusión intravenosa, monitorización continua y preferiblemente vía central.	Farmacoterapia::Urgencias, críticos y toxicología
¿Cuál es la vida media de Adrenalina (epinefrina)?	2-3 minutos por vía intravenosa; efecto clínico de 10-20 minutos por vía intramuscular.	Farmacoterapia::Urgencias, críticos y toxicología
¿Requiere Adrenalina (epinefrina) ajuste en insuficiencia renal?	No requiere ajuste.	Farmacoterapia::Urgencias, críticos y toxicología
Interacción crítica de Adrenalina (epinefrina) con BETABLOQUEANTES (sobre todo los no cardioselectivos): ¿qué ocurre y qué se hace?	Bloquean la respuesta beta y dejan sin oponerse el efecto alfa: hipertensión con bradicardia refleja, y anafilaxia RESISTENTE a la adrenalina. Manejo: Es la indicación del GLUCAGÓN, que estimula el AMPc por una vía independiente del receptor beta. Estos pacientes tienen anafilaxias más graves y más prolongadas	Farmacoterapia::Urgencias, críticos y toxicología
Interacción crítica de Adrenalina (epinefrina) con IMAO y antidepresivos tricíclicos: ¿qué ocurre y qué se hace?	Potencian y prolongan el efecto presor por bloqueo de la recaptación y del metabolismo. Manejo: Reducir la dosis y monitorizar; no contraindica su uso en la anafilaxia	Farmacoterapia::Urgencias, críticos y toxicología
Interacción crítica de Adrenalina (epinefrina) con COCAÍNA y otros simpaticomiméticos: ¿qué ocurre y qué se hace?	Crisis hipertensiva y arritmias por suma de efectos. Manejo: Evitar salvo indicación vital	Farmacoterapia::Urgencias, críticos y toxicología
Efecto adverso grave de Adrenalina (epinefrina): Arritmias ventriculares — ¿en qué consiste?	Arritmias ventriculares	Farmacoterapia::Urgencias, críticos y toxicología
Efecto adverso grave de Adrenalina (epinefrina): Isquemia miocárdica y takotsubo, sobre todo con la vía intravenosa a dosis inadecuadas — ¿en qué consiste?	Isquemia miocárdica y takotsubo, sobre todo con la vía intravenosa a dosis inadecuadas	Farmacoterapia::Urgencias, críticos y toxicología
Efecto adverso grave de Adrenalina (epinefrina): Crisis hipertensiva y hemorragia cerebral — ¿en qué consiste?	Crisis hipertensiva y hemorragia cerebral	Farmacoterapia::Urgencias, críticos y toxicología
Efecto adverso grave de Adrenalina (epinefrina): Edema agudo de pulmón — ¿en qué consiste?	Edema agudo de pulmón	Farmacoterapia::Urgencias, críticos y toxicología
Efecto adverso grave de Adrenalina (epinefrina): NECROSIS por extravasación de la perfusión intravenosa — ¿en qué consiste?	NECROSIS por extravasación de la perfusión intravenosa	Farmacoterapia::Urgencias, críticos y toxicología
¿Está contraindicado Adrenalina (epinefrina) en: NINGUNA absoluta en la anafilaxia ni en la parada cardiaca?	Sí — NINGUNA absoluta en la anafilaxia ni en la parada cardiaca	Farmacoterapia::Urgencias, críticos y toxicología
¿Está contraindicado Adrenalina (epinefrina) en: Precaución en la cardiopatía isquémica, las arritmias y la hipertensión grave cuando la indicación no es vital?	Sí — Precaución en la cardiopatía isquémica, las arritmias y la hipertensión grave cuando la indicación no es vital	Farmacoterapia::Urgencias, críticos y toxicología
¿Está contraindicado Adrenalina (epinefrina) en: No usar la presentación 1?	Sí — No usar la presentación 1:1000 por vía intravenosa directa: es la causa clásica de yatrogenia mortal	Farmacoterapia::Urgencias, críticos y toxicología
Particularidad de Adrenalina (epinefrina) que hay que tener en cuenta:	El error letal más frecuente de la anafilaxia no es dar adrenalina de más, sino darla TARDE o no darla. Los antihistamínicos y los corticoides no tratan la anafilaxia: no revierten el edema laríngeo ni la hipotensión, y creer que sí lo hacen es lo que retrasa la única medida eficaz.	Farmacoterapia::Urgencias, críticos y toxicología
¿A qué clase farmacológica pertenece Glucagón?	Antídoto farmacológico (receptor o mecanismo) (Agonista del receptor de glucagón, antídoto)	Farmacoterapia::Urgencias, críticos y toxicología
¿Cuál es el mecanismo de acción de Glucagón?	Se une a su propio receptor, acoplado a la proteína Gs, y eleva el AMPc intracelular SIN pasar por el receptor betaadrenérgico. De ahí sus dos usos: en la HIPOGLUCEMIA moviliza el glucógeno hepático por glucogenólisis y estimula la gluconeogénesis; en la intoxicación por BETABLOQUEANTES restaura la contractilidad y la frecuencia cardiacas por una vía que el bloqueo del receptor beta no puede cerrar. Además relaja la musculatura lisa digestiva, lo que se aprovecha en endoscopia y en la impactación esofágica.	Farmacoterapia::Urgencias, críticos y toxicología
¿Qué distingue a Glucagón de los demás fármacos de su clase (Antídoto farmacológico (receptor o mecanismo))?	<b>Antídoto de BETABLOQUEANTES y calcioantagonistas</b> (activa la adenilato ciclasa sin el receptor beta).	Farmacoterapia::Urgencias, críticos y toxicología
¿Cuál es la dosis de Glucagón en Hipoglucemia grave con imposibilidad de la vía oral y sin acceso venoso?	1 mg IM, SC o IV en el adulto y en el niño de más de 25 kg; 0,5 mg por debajo de 25 kg — Dosis única, repetible a los 15 minutos, vía IM	Farmacoterapia::Urgencias, críticos y toxicología
¿Cuál es la dosis de Glucagón en Intoxicación por BETABLOQUEANTES?	3-10 mg IV en bolo (50-150 microgramos/kg), seguidos de perfusión de 2-5 mg/h — Bolo y perfusión continua, vía IV	Farmacoterapia::Urgencias, críticos y toxicología
¿A qué objetivo se ajusta la dosis de Glucagón en Intoxicación por BETABLOQUEANTES?	Recuperación de la frecuencia cardiaca y de la tensión arterial	Farmacoterapia::Urgencias, críticos y toxicología
¿Cuál es la dosis de Glucagón en Intoxicación por CALCIOANTAGONISTAS?	3-10 mg IV en bolo, seguidos de perfusión de 2-5 mg/h — Bolo y perfusión continua, vía IV	Farmacoterapia::Urgencias, críticos y toxicología
¿Cuál es la dosis de Glucagón en Impactación de cuerpo extraño esofágico y espasmo digestivo en endoscopia?	0,5-1 mg IV — Dosis única, vía IV	Farmacoterapia::Urgencias, críticos y toxicología
¿Cuánto dura el tratamiento con Glucagón?	En la hipoglucemia, un efecto único de unos 90 minutos. En la intoxicación, perfusión mantenida hasta que el tóxico se elimine, lo que puede llevar 24-48 horas.	Farmacoterapia::Urgencias, críticos y toxicología
¿Cómo se suspende Glucagón?	Tras una hipoglucemia revertida con glucagón hay que dar HIDRATOS DE CARBONO por vía oral en cuanto el paciente los tolere: el glucógeno hepático se ha agotado y la hipoglucemia recurrirá.	Farmacoterapia::Urgencias, críticos y toxicología
¿Qué hay que monitorizar durante el tratamiento con Glucagón?	Glucemia capilar seriada; en la intoxicación, ECG, tensión arterial y glucemia (produce hiperglucemia).	Farmacoterapia::Urgencias, críticos y toxicología
¿Cuál es la vida media de Glucagón?	8-18 minutos, por lo que en la intoxicación es obligada la perfusión continua.	Farmacoterapia::Urgencias, críticos y toxicología
¿Requiere Glucagón ajuste en insuficiencia renal?	No requiere ajuste.	Farmacoterapia::Urgencias, críticos y toxicología
Efecto adverso grave de Glucagón: Vómito con broncoaspiración en el paciente con bajo nivel de conciencia — ¿en qué consiste?	Vómito con broncoaspiración en el paciente con bajo nivel de conciencia	Farmacoterapia::Urgencias, críticos y toxicología
Efecto adverso grave de Glucagón: HIPOPOTASEMIA por desplazamiento intracelular del potasio — ¿en qué consiste?	HIPOPOTASEMIA por desplazamiento intracelular del potasio	Farmacoterapia::Urgencias, críticos y toxicología
Efecto adverso grave de Glucagón: Crisis hipertensiva en el feocromocitoma — ¿en qué consiste?	Crisis hipertensiva en el feocromocitoma	Farmacoterapia::Urgencias, críticos y toxicología
Efecto adverso grave de Glucagón: Hipoglucemia de rebote por hiperinsulinismo secundario — ¿en qué consiste?	Hipoglucemia de rebote por hiperinsulinismo secundario	Farmacoterapia::Urgencias, críticos y toxicología
¿Está contraindicado Glucagón en: FEOCROMOCITOMA?	Sí — FEOCROMOCITOMA (desencadena una crisis hipertensiva)	Farmacoterapia::Urgencias, críticos y toxicología
¿Está contraindicado Glucagón en: Insulinoma?	Sí — Insulinoma (hipoglucemia de rebote)	Farmacoterapia::Urgencias, críticos y toxicología
¿Está contraindicado Glucagón en: Hipersensibilidad conocida?	Sí — Hipersensibilidad conocida	Farmacoterapia::Urgencias, críticos y toxicología
Particularidad de Glucagón que hay que tener en cuenta:	La regla que resume su uso como antídoto: el glucagón es la respuesta cuando el receptor BETA está bloqueado. Sube el AMPc por otra puerta, y por eso funciona donde la adrenalina y el isoproterenol fracasan, tanto en la intoxicación por betabloqueantes como en la anafilaxia del paciente betabloqueado.	Farmacoterapia::Urgencias, críticos y toxicología
¿A qué clase farmacológica pertenece Fragmentos Fab antidigoxina?	Antídoto farmacológico (receptor o mecanismo) (Fragmentos Fab de inmunoglobulina ovina específicos frente a la digoxina)	Farmacoterapia::Urgencias, críticos y toxicología
¿Cuál es el mecanismo de acción de Fragmentos Fab antidigoxina?	Son fragmentos Fab (la porción de unión al antígeno de un anticuerpo, sin la porción Fc) obtenidos de oveja inmunizada, con una afinidad por la DIGOXINA muy superior a la del receptor de la bomba sodio-potasio ATPasa. Al administrarlos, secuestran la digoxina LIBRE del plasma, y ese descenso brusco crea un gradiente que extrae la digoxina desde el tejido, incluido el miocardio, hacia el compartimento vascular: el complejo Fab-digoxina, inactivo, se elimina después por la orina. La consecuencia es doble y explica todo el manejo posterior. La primera es terapéutica: la bomba sodio-potasio se libera, el potasio vuelve a entrar en la célula y la HIPERPOTASEMIA de la intoxicación aguda se corrige sola en horas. La segunda es analítica: la digoxinemia MEDIDA se dispara, porque los métodos habituales cuantifican la digoxina total (libre más unida al Fab), de modo que un nivel altísimo tras el antídoto NO significa fracaso sino todo lo contrario.	Farmacoterapia::Urgencias, críticos y toxicología
¿Qué distingue a Fragmentos Fab antidigoxina de los demás fármacos de su clase (Antídoto farmacológico (receptor o mecanismo))?	<b>Antídoto ESPECÍFICO de la DIGOXINA</b> (fragmentos Fab): revierte arritmias e hiperpotasemia en 30-60 min.	Farmacoterapia::Urgencias, críticos y toxicología
¿Cuál es la dosis de Fragmentos Fab antidigoxina en INTOXICACIÓN DIGITÁLICA AGUDA con arritmia grave o hiperpotasemia?	En la intoxicación aguda de dosis conocida: número de viales = dosis ingerida en mg multiplicada por 0,8 y dividida entre 0,5. Empíricamente, 10-20 viales en la intoxicación aguda grave — Perfusión intravenosa en 30 minutos, o en bolo si hay parada inminente, vía IV	Farmacoterapia::Urgencias, críticos y toxicología
¿A qué objetivo se ajusta la dosis de Fragmentos Fab antidigoxina en INTOXICACIÓN DIGITÁLICA AGUDA con arritmia grave o hiperpotasemia?	Resolución de la arritmia, normalización del potasio y estabilidad hemodinámica	Farmacoterapia::Urgencias, críticos y toxicología
¿Cuál es la dosis de Fragmentos Fab antidigoxina en Intoxicación digitálica CRÓNICA en el anciano?	1-2 viales, con reevaluación; o número de viales = digoxinemia (ng/mL) multiplicada por el peso en kg y dividida entre 100 — Perfusión en 30 minutos, vía IV	Farmacoterapia::Urgencias, críticos y toxicología
¿A qué objetivo se ajusta la dosis de Fragmentos Fab antidigoxina en Intoxicación digitálica CRÓNICA en el anciano?	Control de la arritmia con la dosis mínima necesaria	Farmacoterapia::Urgencias, críticos y toxicología
¿Cuál es la dosis de Fragmentos Fab antidigoxina en Intoxicación por PLANTAS y animales con glucósidos cardiotónicos?	Dosis empírica de 10-20 viales, guiada por la respuesta clínica — Perfusión, repetible, vía IV	Farmacoterapia::Urgencias, críticos y toxicología
¿A qué objetivo se ajusta la dosis de Fragmentos Fab antidigoxina en Intoxicación por PLANTAS y animales con glucósidos cardiotónicos?	Resolución de las alteraciones del ritmo	Farmacoterapia::Urgencias, críticos y toxicología
¿Cuál es la dosis de Fragmentos Fab antidigoxina en Parada cardiaca por intoxicación digitálica?	20 viales en BOLO intravenoso rápido — Bolo único, vía IV	Farmacoterapia::Urgencias, críticos y toxicología
¿Cuánto dura el tratamiento con Fragmentos Fab antidigoxina?	Dosis única o pocas dosis.	Farmacoterapia::Urgencias, críticos y toxicología
¿Cómo se suspende Fragmentos Fab antidigoxina?	Tras la estabilización. Hay que vigilar 24-48 horas: en la insuficiencia renal el complejo Fab-digoxina se elimina mal y puede REDISTRIBUIRSE, con REBOTE de la intoxicación días después.	Farmacoterapia::Urgencias, críticos y toxicología
¿Qué hay que monitorizar durante el tratamiento con Fragmentos Fab antidigoxina?	ECG continuo, POTASIO cada 1-2 horas (puede caer con rapidez), función renal y estado hemodinámico.	Farmacoterapia::Urgencias, críticos y toxicología
¿Cuál es la vida media de Fragmentos Fab antidigoxina?	15-20 horas, muy prolongada en la insuficiencia renal.	Farmacoterapia::Urgencias, críticos y toxicología
¿Requiere Fragmentos Fab antidigoxina ajuste en insuficiencia renal?	No se ajusta la dosis, pero en la insuficiencia renal el complejo se elimina mal y hay riesgo de REBOTE: la vigilancia debe prolongarse.	Farmacoterapia::Urgencias, críticos y toxicología
Interacción crítica de Fragmentos Fab antidigoxina con DETERMINACIÓN DE DIGOXINEMIA: ¿qué ocurre y qué se hace?	Tras el antídoto, la digoxinemia MEDIDA se dispara porque los inmunoensayos habituales cuantifican la digoxina TOTAL, incluida la ya neutralizada. Manejo: Es la trampa clásica: un nivel de 30 ng/mL tras el Fab no significa intoxicación masiva sino tratamiento eficaz. Hay que guiarse por la CLÍNICA y el ECG, no por el número, y anotarlo en la historia para el turno siguiente	Farmacoterapia::Urgencias, críticos y toxicología
Interacción crítica de Fragmentos Fab antidigoxina con INSULINA con glucosa y salbutamol para la hiperpotasemia: ¿qué ocurre y qué se hace?	Pueden producir una HIPOPOTASEMIA brusca cuando el antídoto libera la bomba y el potasio entra de golpe en la célula. Manejo: Conviene ser prudente con las medidas redistribuidoras si ya se ha administrado el Fab, y controlar el potasio cada 1-2 horas	Farmacoterapia::Urgencias, críticos y toxicología
Interacción crítica de Fragmentos Fab antidigoxina con Fármacos que elevan la digoxinemia (amiodarona, verapamilo, claritromicina, quinidina): ¿qué ocurre y qué se hace?	Son la causa habitual de la intoxicación CRÓNICA. Manejo: Al alta hay que revisar la lista completa: la intoxicación crónica casi siempre viene de una interacción o de un deterioro de la función renal, no de un error de dosis	Farmacoterapia::Urgencias, críticos y toxicología
Efecto adverso grave de Fragmentos Fab antidigoxina: REBOTE de la intoxicación en la insuficiencia renal, días después, por redistribución del complejo no eliminado — ¿en qué consiste?	REBOTE de la intoxicación en la insuficiencia renal, días después, por redistribución del complejo no eliminado	Farmacoterapia::Urgencias, críticos y toxicología
Efecto adverso grave de Fragmentos Fab antidigoxina: Reacciones de hipersensibilidad y anafilaxia — ¿en qué consiste?	Reacciones de hipersensibilidad y anafilaxia (raras; producto de origen ovino)	Farmacoterapia::Urgencias, críticos y toxicología
Efecto adverso grave de Fragmentos Fab antidigoxina: Enfermedad del suero — ¿en qué consiste?	Enfermedad del suero (muy rara con los fragmentos Fab, que carecen de porción Fc)	Farmacoterapia::Urgencias, críticos y toxicología
Efecto adverso grave de Fragmentos Fab antidigoxina: Descompensación cardiaca en el paciente que dependía de la digoxina — ¿en qué consiste?	Descompensación cardiaca en el paciente que dependía de la digoxina	Farmacoterapia::Urgencias, críticos y toxicología
¿Está contraindicado Fragmentos Fab antidigoxina en: No hay contraindicación absoluta ante una intoxicación digitálica con riesgo vital?	Sí — No hay contraindicación absoluta ante una intoxicación digitálica con riesgo vital	Farmacoterapia::Urgencias, críticos y toxicología
¿Está contraindicado Fragmentos Fab antidigoxina en: Precaución en el paciente con alergia conocida a proteínas ovinas o a la papaína?	Sí — Precaución en el paciente con alergia conocida a proteínas ovinas o a la papaína	Farmacoterapia::Urgencias, críticos y toxicología
¿Está contraindicado Fragmentos Fab antidigoxina en: Uso sin indicación?	Sí — Uso sin indicación: una digoxinemia elevada SIN arritmia ni hiperpotasemia no justifica el antídoto	Farmacoterapia::Urgencias, críticos y toxicología
Particularidad de Fragmentos Fab antidigoxina que hay que tener en cuenta:	La regla que evita el error de interpretación más frecuente: tras administrar el antídoto, la DIGOXINEMIA MEDIDA SE DISPARA. Los inmunoensayos cuantifican la digoxina total, incluida la ya secuestrada e inactiva. Un nivel altísimo a las dos horas del Fab significa que el tratamiento ha funcionado, no que haya fracasado. Conviene dejarlo escrito en la historia para el compañero del turno siguiente.	Farmacoterapia::Urgencias, críticos y toxicología
¿A qué clase farmacológica pertenece Naloxona?	Antídoto farmacológico (receptor o mecanismo) (Antagonista competitivo de los receptores mu, kappa y delta)	Farmacoterapia::Urgencias, críticos y toxicología
¿Cuál es el mecanismo de acción de Naloxona?	Antagonista COMPETITIVO puro, sin actividad agonista intrínseca, que desplaza al opioide de los receptores mu (y en menor medida kappa y delta). Al ser competitivo, su efecto depende de la relación de concentraciones: un opioide muy potente o muy abundante puede requerir dosis repetidas o crecientes. Su vida media es CORTA (30-80 minutos), más breve que la de casi todos los opioides que antagoniza, y de esa asimetría deriva el riesgo central de su uso: la RENARCOTIZACIÓN.	Farmacoterapia::Urgencias, críticos y toxicología
¿Qué distingue a Naloxona de los demás fármacos de su clase (Antídoto farmacológico (receptor o mecanismo))?	<b>Antagonista opioide PURO</b>: revierte depresión respiratoria y coma por opioides en 1-2 min.	Farmacoterapia::Urgencias, críticos y toxicología
¿Cuál es la dosis de Naloxona en Intoxicación por opioides con depresión respiratoria?	0,04-0,4 mg IV, repetibles cada 2-3 minutos hasta recuperar una ventilación eficaz — Bolos repetidos titulados, vía IV (alternativas: IM, SC, intranasal, intraósea)	Farmacoterapia::Urgencias, críticos y toxicología
¿Cuál es la dosis de Naloxona en Intoxicación por opioide de acción prolongada (metadona, fentanilo transdérmico, buprenorfina)?	Perfusión de 2/3 de la dosis de respuesta inicial por hora — Perfusión continua, vía IV	Farmacoterapia::Urgencias, críticos y toxicología
¿A qué objetivo se ajusta la dosis de Naloxona en Intoxicación por opioide de acción prolongada (metadona, fentanilo transdérmico, buprenorfina)?	Frecuencia respiratoria mayor de 10-12/min y saturación aceptable, sin despertar completo	Farmacoterapia::Urgencias, críticos y toxicología
¿Cuál es la dosis de Naloxona en Depresión respiratoria yatrógena por opioides en el paciente hospitalizado?	0,04-0,1 mg IV, tituladas muy despacio — Bolos pequeños repetidos, vía IV	Farmacoterapia::Urgencias, críticos y toxicología
¿Cuál es la dosis de Naloxona en Sobredosis extrahospitalaria: programas de naloxona domiciliaria?	4 mg intranasales o 0,4 mg IM, repetibles a los 2-3 minutos — Dosis única repetible mientras llega la asistencia, vía IN o IM	Farmacoterapia::Urgencias, críticos y toxicología
¿Cuál es la dosis de Naloxona en Recién nacido con depresión respiratoria por opioides maternos?	0,1 mg/kg — Dosis única repetible, vía IV, IM o intraósea	Farmacoterapia::Urgencias, críticos y toxicología
¿Cuánto dura el tratamiento con Naloxona?	Vigilancia mínima de 4-6 h tras la última dosis; 12-24 h con opioides de acción prolongada o de liberación retardada.	Farmacoterapia::Urgencias, críticos y toxicología
¿Cómo se suspende Naloxona?	NUNCA dar de alta a un paciente por el hecho de haber respondido: hay que observarlo el tiempo suficiente para descartar renarcotización.	Farmacoterapia::Urgencias, críticos y toxicología
¿Qué hay que monitorizar durante el tratamiento con Naloxona?	Frecuencia respiratoria, saturación, nivel de conciencia y pupilas de forma continua. Vigilar edema agudo de pulmón y arritmias tras la reversión brusca.	Farmacoterapia::Urgencias, críticos y toxicología
¿Cuál es la vida media de Naloxona?	30-80 minutos: MÁS CORTA que la de casi todos los opioides. Es el dato clínicamente decisivo del fármaco.	Farmacoterapia::Urgencias, críticos y toxicología
¿Requiere Naloxona ajuste en insuficiencia renal?	No precisa ajuste en el uso agudo.	Farmacoterapia::Urgencias, críticos y toxicología
Interacción crítica de Naloxona con BUPRENORFINA: ¿qué ocurre y qué se hace?	Su altísima afinidad por el receptor mu hace que la naloxona la desplace mal: la reversión es parcial y exige dosis mucho mayores. Manejo: Dosis elevadas y perfusión; priorizar el SOPORTE VENTILATORIO, que es lo que salva al paciente	Farmacoterapia::Urgencias, críticos y toxicología
Interacción crítica de Naloxona con Opioides en el paciente DEPENDIENTE: ¿qué ocurre y qué se hace?	SÍNDROME DE ABSTINENCIA AGUDO: agitación, vómitos, diarrea, hipertensión, taquicardia, dolor intenso. Manejo: Titular con dosis mínimas (0,04 mg) para restaurar la ventilación sin despertar del todo al paciente	Farmacoterapia::Urgencias, críticos y toxicología
Interacción crítica de Naloxona con Analgesia opioide del paciente oncológico o postoperatorio: ¿qué ocurre y qué se hace?	Reversión completa de la analgesia con dolor incontrolable y crisis simpática. Manejo: Diluir y administrar bolos de 0,04 mg; el objetivo es respirar, no despertar	Farmacoterapia::Urgencias, críticos y toxicología
Efecto adverso grave de Naloxona: EDEMA AGUDO DE PULMÓN no cardiogénico tras la reversión brusca, sobre todo con dosis altas en el paciente joven — ¿en qué consiste?	EDEMA AGUDO DE PULMÓN no cardiogénico tras la reversión brusca, sobre todo con dosis altas en el paciente joven	Farmacoterapia::Urgencias, críticos y toxicología
Efecto adverso grave de Naloxona: Arritmias ventriculares y, excepcionalmente, parada cardiaca por la descarga catecolaminérgica — ¿en qué consiste?	Arritmias ventriculares y, excepcionalmente, parada cardiaca por la descarga catecolaminérgica	Farmacoterapia::Urgencias, críticos y toxicología
Efecto adverso grave de Naloxona: RENARCOTIZACIÓN al agotarse su efecto antes que el del opioide, con nueva parada respiratoria — ¿en qué consiste?	RENARCOTIZACIÓN al agotarse su efecto antes que el del opioide, con nueva parada respiratoria	Farmacoterapia::Urgencias, críticos y toxicología
Efecto adverso grave de Naloxona: Convulsiones en el neonato de madre consumidora, por abstinencia precipitada — ¿en qué consiste?	Convulsiones en el neonato de madre consumidora, por abstinencia precipitada	Farmacoterapia::Urgencias, críticos y toxicología
Efecto adverso grave de Naloxona: Agitación violenta con riesgo para el paciente y el personal — ¿en qué consiste?	Agitación violenta con riesgo para el paciente y el personal	Farmacoterapia::Urgencias, críticos y toxicología
¿Está contraindicado Naloxona en: Hipersensibilidad a la naloxona?	Sí — Hipersensibilidad a la naloxona (prácticamente teórica)	Farmacoterapia::Urgencias, críticos y toxicología
¿Está contraindicado Naloxona en: Recién nacido de madre con dependencia a opioides?	Sí — Recién nacido de madre con dependencia a opioides (precipita abstinencia neonatal grave)	Farmacoterapia::Urgencias, críticos y toxicología
¿Está contraindicado Naloxona en: No hay contraindicación real ante una parada respiratoria por opioides?	Sí — No hay contraindicación real ante una parada respiratoria por opioides: el beneficio es inmediato y vital	Farmacoterapia::Urgencias, críticos y toxicología
Particularidad de Naloxona que hay que tener en cuenta:	La regla que ordena todo su uso: el objetivo es que el paciente RESPIRE, no que despierte. Titular a frecuencia respiratoria con bolos pequeños evita a la vez la abstinencia, la agitación, el edema pulmonar y el dolor incontrolable. Administrar 0,4 mg de golpe a un dependiente es el error clásico.	Farmacoterapia::Urgencias, críticos y toxicología
¿A qué clase farmacológica pertenece Flumazenilo?	Antídoto farmacológico (receptor o mecanismo) (Antagonista competitivo del sitio benzodiacepínico del receptor GABA-A)	Farmacoterapia::Urgencias, críticos y toxicología
¿Cuál es el mecanismo de acción de Flumazenilo?	Antagonista competitivo del sitio de unión de las benzodiacepinas en el receptor GABA-A. Desplaza a la benzodiacepina e impide que potencie la acción del GABA, revirtiendo la sedación y la depresión respiratoria. No antagoniza a los barbitúricos, al alcohol ni a los opioides, que actúan en otros sitios del receptor o en otras dianas. Su vida media es CORTA (40-80 minutos), más breve que la de la mayoría de las benzodiacepinas.	Farmacoterapia::Urgencias, críticos y toxicología
¿Qué distingue a Flumazenilo de los demás fármacos de su clase (Antídoto farmacológico (receptor o mecanismo))?	<b>Antagonista benzodiacepínico</b>: útil sobre todo en la <b>sedación IATROGÉNICA</b> (endoscopia).	Farmacoterapia::Urgencias, críticos y toxicología
¿Cuál es la dosis de Flumazenilo en Reversión de la sedación consciente tras endoscopia o procedimiento?	0,2 mg IV en 15 segundos, repetibles cada minuto hasta 1 mg — Bolos repetidos titulados, vía IV	Farmacoterapia::Urgencias, críticos y toxicología
¿Cuál es la dosis de Flumazenilo en Intoxicación pura por benzodiacepinas en paciente SIN factores de riesgo?	0,2-0,3 mg IV, repetibles hasta un máximo de 2-3 mg — Bolos titulados, vía IV	Farmacoterapia::Urgencias, críticos y toxicología
¿Cuál es la dosis de Flumazenilo en Diagnóstico diferencial del coma de origen incierto?	0,2-0,5 mg IV — Dosis única de prueba, vía IV	Farmacoterapia::Urgencias, críticos y toxicología
¿Cuál es la dosis de Flumazenilo en Sedación prolongada por benzodiacepinas en el paciente crítico?	Perfusión de 0,1-0,4 mg/h tras la dosis de carga — Perfusión continua, vía IV	Farmacoterapia::Urgencias, críticos y toxicología
¿Cuánto dura el tratamiento con Flumazenilo?	Efecto de 40-80 minutos; observación mínima de 2-4 h por riesgo de RESEDACIÓN.	Farmacoterapia::Urgencias, críticos y toxicología
¿Cómo se suspende Flumazenilo?	No dar de alta tras la reversión sin un periodo de observación adecuado.	Farmacoterapia::Urgencias, críticos y toxicología
¿Qué hay que monitorizar durante el tratamiento con Flumazenilo?	Nivel de conciencia, ventilación, ECG (buscando el QRS ancho de los tricíclicos) y vigilancia de crisis convulsivas durante al menos 2 h.	Farmacoterapia::Urgencias, críticos y toxicología
¿Cuál es la vida media de Flumazenilo?	40-80 minutos, más corta que la de la mayoría de las benzodiacepinas: de ahí la resedación.	Farmacoterapia::Urgencias, críticos y toxicología
¿Requiere Flumazenilo ajuste en insuficiencia renal?	No precisa ajuste.	Farmacoterapia::Urgencias, críticos y toxicología
Interacción crítica de Flumazenilo con ANTIDEPRESIVOS TRICÍCLICOS y otros proconvulsivantes (bupropión, tramadol, teofilina, cocaína): ¿qué ocurre y qué se hace?	Al retirar el efecto anticonvulsivante protector de la benzodiacepina se desencadenan CONVULSIONES REFRACTARIAS y arritmias por el tricíclico, con casos mortales. Manejo: CONTRAINDICADO. Un QRS ancho en el ECG obliga a descartar su uso	Farmacoterapia::Urgencias, críticos y toxicología
Interacción crítica de Flumazenilo con Benzodiacepinas en el paciente con CONSUMO CRÓNICO: ¿qué ocurre y qué se hace?	Síndrome de abstinencia agudo con convulsiones y estado epiléptico. Manejo: Contraindicado en el consumidor habitual	Farmacoterapia::Urgencias, críticos y toxicología
Interacción crítica de Flumazenilo con Benzodiacepinas usadas para controlar una EPILEPSIA o un estado epiléptico: ¿qué ocurre y qué se hace?	Reaparición de las crisis al revertir el tratamiento. Manejo: Contraindicado	Farmacoterapia::Urgencias, críticos y toxicología
Efecto adverso grave de Flumazenilo: CONVULSIONES y estado epiléptico, sobre todo en la intoxicación mixta con tricíclicos y en el consumidor crónico — ¿en qué consiste?	CONVULSIONES y estado epiléptico, sobre todo en la intoxicación mixta con tricíclicos y en el consumidor crónico	Farmacoterapia::Urgencias, críticos y toxicología
Efecto adverso grave de Flumazenilo: Arritmias graves al desenmascararse la cardiotoxicidad de un antidepresivo tricíclico — ¿en qué consiste?	Arritmias graves al desenmascararse la cardiotoxicidad de un antidepresivo tricíclico	Farmacoterapia::Urgencias, críticos y toxicología
Efecto adverso grave de Flumazenilo: RESEDACIÓN con nueva depresión respiratoria al agotarse su efecto — ¿en qué consiste?	RESEDACIÓN con nueva depresión respiratoria al agotarse su efecto	Farmacoterapia::Urgencias, críticos y toxicología
Efecto adverso grave de Flumazenilo: Síndrome de abstinencia agudo — ¿en qué consiste?	Síndrome de abstinencia agudo	Farmacoterapia::Urgencias, críticos y toxicología
¿Está contraindicado Flumazenilo en: INTOXICACIÓN MIXTA con antidepresivos tricíclicos u otros proconvulsivantes?	Sí — INTOXICACIÓN MIXTA con antidepresivos tricíclicos u otros proconvulsivantes	Farmacoterapia::Urgencias, críticos y toxicología
¿Está contraindicado Flumazenilo en: Consumo CRÓNICO de benzodiacepinas?	Sí — Consumo CRÓNICO de benzodiacepinas (dependencia)	Farmacoterapia::Urgencias, críticos y toxicología
¿Está contraindicado Flumazenilo en: EPILEPSIA o uso de benzodiacepinas como tratamiento anticonvulsivante?	Sí — EPILEPSIA o uso de benzodiacepinas como tratamiento anticonvulsivante	Farmacoterapia::Urgencias, críticos y toxicología
¿Está contraindicado Flumazenilo en: Hipertensión intracraneal?	Sí — Hipertensión intracraneal	Farmacoterapia::Urgencias, críticos y toxicología
¿Está contraindicado Flumazenilo en: Coma de causa no aclarada?	Sí — Coma de causa no aclarada	Farmacoterapia::Urgencias, críticos y toxicología
Particularidad de Flumazenilo que hay que tener en cuenta:	El contraste con la naloxona es el mejor modo de entenderlo: ante una depresión respiratoria por opioides, la naloxona se administra casi siempre; ante una por benzodiacepinas, el flumazenilo casi nunca. La razón es que la intoxicación pura por benzodiacepinas rara vez mata (el soporte ventilatorio basta), mientras que el antídoto sí puede matar por convulsiones.	Farmacoterapia::Urgencias, críticos y toxicología
¿A qué clase farmacológica pertenece N-acetilcisteína?	Antídoto de tóxicos metabólicos y descontaminación (Precursor del glutatión y donante de grupos tiol)	Farmacoterapia::Urgencias, críticos y toxicología
¿Cuál es el mecanismo de acción de N-acetilcisteína?	Repone las reservas de GLUTATIÓN hepático aportando cisteína, su aminoácido limitante. En la sobredosis de paracetamol, las vías de conjugación se saturan y el CYP2E1 genera un exceso del metabolito tóxico NAPQI, que agota el glutatión y se une covalentemente a las proteínas del hepatocito produciendo necrosis centrolobulillar. La N-acetilcisteína actúa por tres vías: repone glutatión, actúa ella misma como sustrato tiol que conjuga directamente el NAPQI, y en fases tardías mejora la microcirculación y el aporte de oxígeno hepático, lo que explica que siga siendo útil incluso cuando el daño ya está establecido.	Farmacoterapia::Urgencias, críticos y toxicología
¿Qué distingue a N-acetilcisteína de los demás fármacos de su clase (Antídoto de tóxicos metabólicos y descontaminación)?	<b>Antídoto del PARACETAMOL</b>: repone glutatión; casi 100% eficaz en las primeras 8 h.	Farmacoterapia::Urgencias, críticos y toxicología
¿Cuál es la dosis de N-acetilcisteína en Intoxicación por paracetamol?	Pauta IV de 21 h: 150 mg/kg en 1 h, después 50 mg/kg en 4 h y 100 mg/kg en 16 h — Perfusión en tres fases consecutivas, vía IV	Farmacoterapia::Urgencias, críticos y toxicología
¿Cuál es la dosis de N-acetilcisteína en Intoxicación por paracetamol de tiempo desconocido, ingesta escalonada o presentación tardía?	150 mg/kg en 1 h, 50 mg/kg en 4 h y 100 mg/kg en 16 h, iniciada SIN esperar niveles — Perfusión continua hasta criterios de retirada, vía IV	Farmacoterapia::Urgencias, críticos y toxicología
¿Cuál es la dosis de N-acetilcisteína en Fallo hepático agudo de cualquier causa?	150 mg/kg/24 h en perfusión — Perfusión continua, vía IV	Farmacoterapia::Urgencias, críticos y toxicología
¿Cuál es la dosis de N-acetilcisteína en Prevención de la nefropatía por contraste (uso discutido)?	600-1200 mg/12 h el día previo y el día de la prueba — Cada 12 h, 4 dosis, vía VO	Farmacoterapia::Urgencias, críticos y toxicología
¿Cuál es la dosis de N-acetilcisteína en Fluidificación de secreciones respiratorias espesas?	200 mg/8 h o 600 mg/24 h — Diaria, vía VO	Farmacoterapia::Urgencias, críticos y toxicología
¿Cuánto dura el tratamiento con N-acetilcisteína?	21 h en la pauta clásica intravenosa; se PROLONGA si al terminar persisten transaminasas en ascenso, INR alargado o paracetamolemia detectable.	Farmacoterapia::Urgencias, críticos y toxicología
¿Cómo se suspende N-acetilcisteína?	Criterios de retirada: paracetamolemia indetectable, INR menor de 1,3, transaminasas normales o en descenso claro y paciente asintomático. Terminar la pauta por reloj sin comprobar esos criterios es un error.	Farmacoterapia::Urgencias, críticos y toxicología
¿Qué hay que monitorizar durante el tratamiento con N-acetilcisteína?	Transaminasas, INR, bilirrubina, función renal, glucemia y equilibrio ácido-base seriados. Vigilar la reacción anafilactoide durante la primera hora de perfusión.	Farmacoterapia::Urgencias, críticos y toxicología
¿Cuál es la vida media de N-acetilcisteína?	5-6 h.	Farmacoterapia::Urgencias, críticos y toxicología
¿Requiere N-acetilcisteína ajuste en insuficiencia renal?	No precisa ajuste.	Farmacoterapia::Urgencias, críticos y toxicología
Efecto adverso grave de N-acetilcisteína: Broncoespasmo grave e hipotensión en la reacción anafilactoide, sobre todo en asmáticos — ¿en qué consiste?	Broncoespasmo grave e hipotensión en la reacción anafilactoide, sobre todo en asmáticos	Farmacoterapia::Urgencias, críticos y toxicología
Efecto adverso grave de N-acetilcisteína: Hiponatremia y convulsiones por errores en la dilución, especialmente en niños de bajo peso — ¿en qué consiste?	Hiponatremia y convulsiones por errores en la dilución, especialmente en niños de bajo peso	Farmacoterapia::Urgencias, críticos y toxicología
Efecto adverso grave de N-acetilcisteína: Anafilaxia verdadera — ¿en qué consiste?	Anafilaxia verdadera (excepcional)	Farmacoterapia::Urgencias, críticos y toxicología
¿Está contraindicado N-acetilcisteína en: Hipersensibilidad verdadera documentada a la acetilcisteína?	Sí — Hipersensibilidad verdadera documentada a la acetilcisteína (excepcional)	Farmacoterapia::Urgencias, críticos y toxicología
¿Está contraindicado N-acetilcisteína en: No existe contraindicación relevante ante una intoxicación grave por paracetamol?	Sí — No existe contraindicación relevante ante una intoxicación grave por paracetamol: el riesgo de no tratar es mucho mayor	Farmacoterapia::Urgencias, críticos y toxicología
Particularidad de N-acetilcisteína que hay que tener en cuenta:	La REACCIÓN ANAFILACTOIDE de la primera hora es la confusión más frecuente y más costosa: NO es una alergia, es una liberación de histamina dependiente de la velocidad de infusión. El manejo correcto es ENLENTECER o pausar brevemente la perfusión y dar un antihistamínico, y después REANUDARLA. Etiquetar al paciente de alérgico y suspender el antídoto lo deja sin el único tratamiento eficaz.	Farmacoterapia::Urgencias, críticos y toxicología
¿A qué clase farmacológica pertenece Atropina?	Antimuscarínico (anticolinérgico sistémico) (Amina terciaria de acción central y periférica)	Farmacoterapia::Urgencias, críticos y toxicología
¿Cuál es el mecanismo de acción de Atropina?	Antagonista competitivo de los receptores MUSCARÍNICOS. En el nodo sinusal y auriculoventricular bloquea el tono vagal y aumenta la frecuencia cardiaca y la conducción; en las glándulas exocrinas reduce las secreciones; en el músculo liso produce relajación, midriasis y cicloplejía. Al ser una AMINA TERCIARIA atraviesa la barrera hematoencefálica, lo que le da acción central (útil en la intoxicación por organofosforados, pero responsable del delirio anticolinérgico). NO revierte la nicotínica: por eso en la intoxicación por organofosforados no corrige la debilidad muscular ni las fasciculaciones, para lo que hace falta pralidoxima.	Farmacoterapia::Urgencias, críticos y toxicología
¿Qué distingue a Atropina de los demás fármacos de su clase (Antimuscarínico (anticolinérgico sistémico))?	<b>Amina TERCIARIA que atraviesa la barrera hematoencefálica</b>: antídoto de la <b>intoxicación por organofosforados</b> (dosis enormes, hasta secar las secreciones).	Farmacoterapia::Urgencias, críticos y toxicología
¿Cuál es la dosis de Atropina en Bradicardia sintomática con inestabilidad?	0,5-1 mg IV en bolo, repetible cada 3-5 minutos hasta 3 mg — Bolos repetidos, vía IV	Farmacoterapia::Urgencias, críticos y toxicología
¿Cuál es la dosis de Atropina en Intoxicación por ORGANOFOSFORADOS o carbamatos?	1-3 mg IV, DOBLANDO la dosis cada 3-5 minutos hasta secar las secreciones bronquiales; después perfusión — Escalado por duplicación hasta atropinización, vía IV	Farmacoterapia::Urgencias, críticos y toxicología
¿Cuál es la dosis de Atropina en Reducción de secreciones respiratorias en la agonía (cuidados paliativos)?	0,5-1 mg SC cada 4-6 h — Cada 4-6 h, vía SC	Farmacoterapia::Urgencias, críticos y toxicología
¿Cuál es la dosis de Atropina en Premedicación anestésica y bloqueo del reflejo vagal en la intubación?	0,01-0,02 mg/kg IV (mínimo 0,1 mg) — Dosis única antes del procedimiento, vía IV	Farmacoterapia::Urgencias, críticos y toxicología
¿Cuál es la dosis de Atropina en Reversión del bloqueo neuromuscular junto a neostigmina?	0,02 mg/kg IV, administrada CON la neostigmina — Dosis única simultánea, vía IV	Farmacoterapia::Urgencias, críticos y toxicología
¿Cuánto dura el tratamiento con Atropina?	Minutos u horas en la bradicardia; DÍAS en la intoxicación grave por organofosforados, que requiere perfusión mantenida.	Farmacoterapia::Urgencias, críticos y toxicología
¿Cómo se suspende Atropina?	Retirada progresiva de la perfusión en la intoxicación, vigilando la reaparición del cuadro colinérgico (los organofosforados liposolubles se redistribuyen desde la grasa durante días).	Farmacoterapia::Urgencias, críticos y toxicología
¿Qué hay que monitorizar durante el tratamiento con Atropina?	Frecuencia cardiaca, ECG, AUSCULTACIÓN PULMONAR (el parámetro que guía la atropinización), estado de la piel, temperatura, diuresis y nivel de conciencia.	Farmacoterapia::Urgencias, críticos y toxicología
¿Cuál es la vida media de Atropina?	2-4 h; el efecto sobre la frecuencia cardiaca es más breve que el efecto sobre las secreciones y la midriasis, que puede durar horas o días en el ojo.	Farmacoterapia::Urgencias, críticos y toxicología
¿Requiere Atropina ajuste en insuficiencia renal?	Precaución en la insuficiencia renal por acumulación con dosis repetidas.	Farmacoterapia::Urgencias, críticos y toxicología
Interacción crítica de Atropina con Otros ANTICOLINÉRGICOS: antidepresivos tricíclicos, antihistamínicos de primera generación, antipsicóticos, oxibutinina, tiotropio: ¿qué ocurre y qué se hace?	Suma de carga anticolinérgica: delirio, hipertermia, retención urinaria, íleo. Manejo: Revisar la carga anticolinérgica total, sobre todo en el anciano	Farmacoterapia::Urgencias, críticos y toxicología
Efecto adverso grave de Atropina: DELIRIO ANTICOLINÉRGICO — ¿en qué consiste?	DELIRIO ANTICOLINÉRGICO: agitación, alucinaciones visuales, desorientación (rojo, seco, caliente, ciego y loco)	Farmacoterapia::Urgencias, críticos y toxicología
Efecto adverso grave de Atropina: HIPERTERMIA por bloqueo de la sudoración, especialmente peligrosa en el niño y en ambiente caluroso — ¿en qué consiste?	HIPERTERMIA por bloqueo de la sudoración, especialmente peligrosa en el niño y en ambiente caluroso	Farmacoterapia::Urgencias, críticos y toxicología
Efecto adverso grave de Atropina: GLAUCOMA AGUDO de ángulo cerrado — ¿en qué consiste?	GLAUCOMA AGUDO de ángulo cerrado	Farmacoterapia::Urgencias, críticos y toxicología
Efecto adverso grave de Atropina: Taquiarritmias e isquemia miocárdica en el cardiópata — ¿en qué consiste?	Taquiarritmias e isquemia miocárdica en el cardiópata	Farmacoterapia::Urgencias, críticos y toxicología
Efecto adverso grave de Atropina: BRADICARDIA PARADÓJICA con dosis demasiado BAJAS — ¿en qué consiste?	BRADICARDIA PARADÓJICA con dosis demasiado BAJAS (por debajo de 0,5 mg en el adulto), por efecto agonista central paradójico	Farmacoterapia::Urgencias, críticos y toxicología
¿Está contraindicado Atropina en: En la emergencia?	Sí — En la emergencia (bradicardia inestable, intoxicación colinérgica) NO hay contraindicaciones absolutas	Farmacoterapia::Urgencias, críticos y toxicología
¿Está contraindicado Atropina en: Uso electivo?	Sí — Uso electivo: glaucoma de ángulo estrecho, hipertrofia prostática con retención, miastenia gravis, megacolon y taquiarritmias	Farmacoterapia::Urgencias, críticos y toxicología
Particularidad de Atropina que hay que tener en cuenta:	La regla de la DOSIS MÍNIMA: por debajo de 0,5 mg en el adulto puede producir BRADICARDIA PARADÓJICA por un efecto agonista central. Por eso nunca se dan dosis menores, y en el niño se respeta un mínimo absoluto de 0,1 mg por muy pequeño que sea.	Farmacoterapia::Urgencias, críticos y toxicología
¿A qué clase farmacológica pertenece Fomepizol y etanol (intoxicación por alcoholes tóxicos)?	Antídoto de tóxicos metabólicos y descontaminación (Inhibidores de la alcohol deshidrogenasa)	Farmacoterapia::Urgencias, críticos y toxicología
¿Cuál es el mecanismo de acción de Fomepizol y etanol (intoxicación por alcoholes tóxicos)?	El METANOL y el ETILENGLICOL son en sí mismos poco tóxicos: lo que mata son sus METABOLITOS. La ALCOHOL DESHIDROGENASA convierte el metanol en formaldehído y después en ÁCIDO FÓRMICO, que inhibe la citocromo oxidasa y destruye el nervio óptico; y el etilenglicol en glicolaldehído, ácido glicólico y finalmente ÁCIDO OXÁLICO, que precipita como oxalato cálcico en el túbulo renal produciendo fracaso renal e hipocalcemia. El tratamiento consiste, por tanto, en IMPEDIR ESA CONVERSIÓN. El FOMEPIZOL inhibe competitivamente la alcohol deshidrogenasa con una afinidad entre 500 y 1000 veces mayor que la del etanol; el ETANOL hace lo mismo por simple competencia de sustrato, ya que la enzima lo prefiere al metanol. La consecuencia clínica es elegante: el alcohol tóxico queda sin metabolizar y se elimina lentamente sin causar daño, o se retira por hemodiálisis.	Farmacoterapia::Urgencias, críticos y toxicología
¿Qué distingue a Fomepizol y etanol (intoxicación por alcoholes tóxicos) de los demás fármacos de su clase (Antídoto de tóxicos metabólicos y descontaminación)?	<b>Bloquean la ALCOHOL DESHIDROGENASA</b>: impiden la formación de los metabolitos tóxicos de metanol y etilenglicol.	Farmacoterapia::Urgencias, críticos y toxicología
¿Cuál es la dosis de Fomepizol y etanol (intoxicación por alcoholes tóxicos) en Intoxicación por METANOL o ETILENGLICOL confirmada o con alta sospecha?	Fomepizol 15 mg/kg IV de carga, y después 10 mg/kg cada 12 horas durante 4 dosis, seguidos de 15 mg/kg cada 12 horas — Carga y dosis cada 12 horas, vía IV	Farmacoterapia::Urgencias, críticos y toxicología
¿A qué objetivo se ajusta la dosis de Fomepizol y etanol (intoxicación por alcoholes tóxicos) en Intoxicación por METANOL o ETILENGLICOL confirmada o con alta sospecha?	Bloqueo completo de la alcohol deshidrogenasa hasta que la concentración del tóxico sea indetectable y se corrija la acidosis	Farmacoterapia::Urgencias, críticos y toxicología
¿Cuál es la dosis de Fomepizol y etanol (intoxicación por alcoholes tóxicos) en Intoxicación por alcoholes tóxicos sin disponibilidad de fomepizol?	Etanol al 10% IV: carga de 8 mL/kg y perfusión de 1-2 mL/kg/h, ajustada por alcoholemia — Carga y perfusión continua, vía IV	Farmacoterapia::Urgencias, críticos y toxicología
¿A qué objetivo se ajusta la dosis de Fomepizol y etanol (intoxicación por alcoholes tóxicos) en Intoxicación por alcoholes tóxicos sin disponibilidad de fomepizol?	Alcoholemia de 100-150 mg/dL (1-1,5 g/L) mantenida	Farmacoterapia::Urgencias, críticos y toxicología
¿Cuál es la dosis de Fomepizol y etanol (intoxicación por alcoholes tóxicos) en Acidosis metabólica con HIATO ANIÓNICO elevado e HIATO OSMOLAR aumentado?	Fomepizol 15 mg/kg IV, más bicarbonato y valoración de hemodiálisis — Dosis única de carga y reevaluación, vía IV	Farmacoterapia::Urgencias, críticos y toxicología
¿A qué objetivo se ajusta la dosis de Fomepizol y etanol (intoxicación por alcoholes tóxicos) en Acidosis metabólica con HIATO ANIÓNICO elevado e HIATO OSMOLAR aumentado?	Corrección de la acidosis y del hiato osmolar	Farmacoterapia::Urgencias, críticos y toxicología
¿Cuál es la dosis de Fomepizol y etanol (intoxicación por alcoholes tóxicos) en Coadyuvantes metabólicos según el tóxico?	Ácido FOLÍNICO 50 mg IV cada 6 horas en el metanol; TIAMINA 100 mg y PIRIDOXINA 50-100 mg en el etilenglicol — Cada 6 horas, vía IV	Farmacoterapia::Urgencias, críticos y toxicología
¿Cuánto dura el tratamiento con Fomepizol y etanol (intoxicación por alcoholes tóxicos)?	Hasta que el tóxico sea indetectable, la acidosis se haya corregido y el paciente esté asintomático.	Farmacoterapia::Urgencias, críticos y toxicología
¿Cómo se suspende Fomepizol y etanol (intoxicación por alcoholes tóxicos)?	Se suspende con el tóxico eliminado. La HEMODIÁLISIS acorta mucho el tratamiento y está indicada ante acidosis grave, alteración visual, fracaso renal o concentraciones altas.	Farmacoterapia::Urgencias, críticos y toxicología
¿Qué hay que monitorizar durante el tratamiento con Fomepizol y etanol (intoxicación por alcoholes tóxicos)?	Gasometría, hiato aniónico y osmolar, función renal, calcio (etilenglicol) y exploración VISUAL seriada (metanol). Con etanol, alcoholemia y glucemia cada 1-2 horas.	Farmacoterapia::Urgencias, críticos y toxicología
¿Cuál es la vida media de Fomepizol y etanol (intoxicación por alcoholes tóxicos)?	Variable; el fomepizol se ELIMINA con la hemodiálisis y hay que redosificarlo durante la sesión.	Farmacoterapia::Urgencias, críticos y toxicología
¿Requiere Fomepizol y etanol (intoxicación por alcoholes tóxicos) ajuste en insuficiencia renal?	El tóxico se elimina peor: la hemodiálisis es a la vez tratamiento y solución.	Farmacoterapia::Urgencias, críticos y toxicología
Interacción crítica de Fomepizol y etanol (intoxicación por alcoholes tóxicos) con HEMODIÁLISIS: ¿qué ocurre y qué se hace?	Elimina tanto el tóxico como el ANTÍDOTO. Manejo: Durante la diálisis hay que administrar fomepizol cada 4 horas, o aumentar la perfusión de etanol: olvidarlo deja al paciente sin bloqueo enzimático justo cuando más lo necesita	Farmacoterapia::Urgencias, críticos y toxicología
Interacción crítica de Fomepizol y etanol (intoxicación por alcoholes tóxicos) con Etanol y depresores del sistema nervioso central: ¿qué ocurre y qué se hace?	Sedación e hipoglucemia aditivas. Manejo: Vigilancia estrecha con la pauta de etanol, especialmente en el niño	Farmacoterapia::Urgencias, críticos y toxicología
Interacción crítica de Fomepizol y etanol (intoxicación por alcoholes tóxicos) con DISULFIRAM y metronidazol: ¿qué ocurre y qué se hace?	Reacción antabús con la pauta de etanol. Manejo: Contraindican el uso de etanol como antídoto; usar fomepizol	Farmacoterapia::Urgencias, críticos y toxicología
Efecto adverso grave de Fomepizol y etanol (intoxicación por alcoholes tóxicos): ETANOL — ¿en qué consiste?	ETANOL: HIPOGLUCEMIA (especialmente peligrosa en el NIÑO y en el desnutrido), depresión respiratoria, coma y broncoaspiración	Farmacoterapia::Urgencias, críticos y toxicología
Efecto adverso grave de Fomepizol y etanol (intoxicación por alcoholes tóxicos): Fomepizol — ¿en qué consiste?	Fomepizol: elevación transitoria de transaminasas y eosinofilia (infrecuentes)	Farmacoterapia::Urgencias, críticos y toxicología
Efecto adverso grave de Fomepizol y etanol (intoxicación por alcoholes tóxicos): Del propio tóxico — ¿en qué consiste?	Del propio tóxico: CEGUERA irreversible por metanol y fracaso renal por etilenglicol si el tratamiento se retrasa	Farmacoterapia::Urgencias, críticos y toxicología
¿Está contraindicado Fomepizol y etanol (intoxicación por alcoholes tóxicos) en: Hipersensibilidad al fomepizol o a los pirazoles?	Sí — Hipersensibilidad al fomepizol o a los pirazoles	Farmacoterapia::Urgencias, críticos y toxicología
¿Está contraindicado Fomepizol y etanol (intoxicación por alcoholes tóxicos) en: ETANOL como antídoto en el paciente con disulfiram, con hepatopatía grave o en el niño pequeño, donde el fomepizol es claramente preferible?	Sí — ETANOL como antídoto en el paciente con disulfiram, con hepatopatía grave o en el niño pequeño, donde el fomepizol es claramente preferible	Farmacoterapia::Urgencias, críticos y toxicología
Particularidad de Fomepizol y etanol (intoxicación por alcoholes tóxicos) que hay que tener en cuenta:	El principio que ordena toda la intoxicación por alcoholes tóxicos: NO ES EL ALCOHOL, SON SUS METABOLITOS. El paciente puede llegar casi asintomático y con una acidosis leve, y estar fabricando en ese mismo momento el ácido fórmico que le dejará ciego. Por eso el antídoto se administra ANTE LA SOSPECHA y no cuando el cuadro es evidente.	Farmacoterapia::Urgencias, críticos y toxicología
¿A qué clase farmacológica pertenece Hidroxocobalamina y emulsión lipídica intravenosa?	Antídoto de tóxicos metabólicos y descontaminación (Quelante del cianuro y sumidero lipídico)	Farmacoterapia::Urgencias, críticos y toxicología
¿Cuál es el mecanismo de acción de Hidroxocobalamina y emulsión lipídica intravenosa?	La HIDROXOCOBALAMINA es una forma de vitamina B12 cuyo átomo de COBALTO tiene una enorme afinidad por el ion CIANURO: se une a él formando CIANOCOBALAMINA, un compuesto inocuo que se elimina por la orina. Con ello libera la citocromo oxidasa mitocondrial, que el cianuro había bloqueado impidiendo la respiración celular. Su gran ventaja sobre los antídotos clásicos es que NO produce metahemoglobina, lo que la hace segura en el intoxicado por HUMO DE INCENDIO, que además tiene monóxido de carbono y no puede permitirse perder capacidad transportadora de oxígeno. La EMULSIÓN LIPÍDICA actúa por un mecanismo completamente distinto y no específico: crea un COMPARTIMENTO LIPÍDICO en el plasma que secuestra los fármacos muy LIPÓFILOS, extrayéndolos del tejido cardiaco y nervioso donde están ejerciendo su toxicidad; se propone además un efecto metabólico directo aportando ácidos grasos al miocardio isquémico.	Farmacoterapia::Urgencias, críticos y toxicología
¿Qué distingue a Hidroxocobalamina y emulsión lipídica intravenosa de los demás fármacos de su clase (Antídoto de tóxicos metabólicos y descontaminación)?	<b>Hidroxocobalamina 5 g IV: antídoto del CIANURO</b> (incendios con humo, nitroprusiato): se une al cianuro formando cianocobalamina.	Farmacoterapia::Urgencias, críticos y toxicología
¿Cuál es la dosis de Hidroxocobalamina y emulsión lipídica intravenosa en Intoxicación por CIANURO, incluida la inhalación de HUMO de incendio?	Hidroxocobalamina 70 mg/kg (5 g en el adulto) IV en 15 minutos, repetible una vez — Dosis única, repetible, vía IV	Farmacoterapia::Urgencias, críticos y toxicología
¿A qué objetivo se ajusta la dosis de Hidroxocobalamina y emulsión lipídica intravenosa en Intoxicación por CIANURO, incluida la inhalación de HUMO de incendio?	Resolución de la acidosis láctica y recuperación hemodinámica y neurológica	Farmacoterapia::Urgencias, críticos y toxicología
¿Cuál es la dosis de Hidroxocobalamina y emulsión lipídica intravenosa en TOXICIDAD SISTÉMICA POR ANESTÉSICOS LOCALES?	Emulsión lipídica al 20%: 1,5 mL/kg en bolo, seguidos de 0,25-0,5 mL/kg/min, con bolos repetibles — Bolo y perfusión, con máximo de 12 mL/kg, vía IV	Farmacoterapia::Urgencias, críticos y toxicología
¿A qué objetivo se ajusta la dosis de Hidroxocobalamina y emulsión lipídica intravenosa en TOXICIDAD SISTÉMICA POR ANESTÉSICOS LOCALES?	Recuperación de la estabilidad hemodinámica y cese de las convulsiones	Farmacoterapia::Urgencias, críticos y toxicología
¿Cuál es la dosis de Hidroxocobalamina y emulsión lipídica intravenosa en Intoxicación grave por fármacos muy LIPÓFILOS refractaria (calcioantagonistas, betabloqueantes, antidepresivos tricíclicos, bupropión)?	Emulsión lipídica al 20%: 1,5 mL/kg en bolo y perfusión — Bolo y perfusión, vía IV	Farmacoterapia::Urgencias, críticos y toxicología
¿Cuál es la dosis de Hidroxocobalamina y emulsión lipídica intravenosa en Intoxicación por nitroprusiato con acumulación de cianuro?	Hidroxocobalamina 5 g IV, o tiosulfato sódico 12,5 g IV — Dosis única, vía IV	Farmacoterapia::Urgencias, críticos y toxicología
¿Cuánto dura el tratamiento con Hidroxocobalamina y emulsión lipídica intravenosa?	Dosis única o pocas dosis.	Farmacoterapia::Urgencias, críticos y toxicología
¿Cómo se suspende Hidroxocobalamina y emulsión lipídica intravenosa?	Tras la estabilización. En el rescate lipídico se mantiene la perfusión hasta la recuperación hemodinámica sostenida.	Farmacoterapia::Urgencias, críticos y toxicología
¿Qué hay que monitorizar durante el tratamiento con Hidroxocobalamina y emulsión lipídica intravenosa?	Lactato, gasometría, hemodinámica y nivel de conciencia. Tras la emulsión lipídica, TRIGLICÉRIDOS y vigilancia de pancreatitis.	Farmacoterapia::Urgencias, críticos y toxicología
¿Cuál es la vida media de Hidroxocobalamina y emulsión lipídica intravenosa?	Hidroxocobalamina, unas 26 horas.	Farmacoterapia::Urgencias, críticos y toxicología
¿Requiere Hidroxocobalamina y emulsión lipídica intravenosa ajuste en insuficiencia renal?	Sin ajuste en una situación de urgencia vital.	Farmacoterapia::Urgencias, críticos y toxicología
Interacción crítica de Hidroxocobalamina y emulsión lipídica intravenosa con PRUEBAS DE LABORATORIO (hidroxocobalamina): ¿qué ocurre y qué se hace?	El color ROJO INTENSO interfiere con los métodos colorimétricos: falsea la bilirrubina, la creatinina, las transaminasas, el magnesio y la HEMOGLOBINA, y además impide la lectura de la PULSIOXIMETRÍA y la cooximetría. Manejo: Hay que EXTRAER las analíticas ANTES de administrarla y avisar al laboratorio; después, muchos parámetros serán ilegibles durante horas	Farmacoterapia::Urgencias, críticos y toxicología
Interacción crítica de Hidroxocobalamina y emulsión lipídica intravenosa con NITRITOS (antídoto clásico del cianuro): ¿qué ocurre y qué se hace?	Producen METAHEMOGLOBINA, que compite por el oxígeno. Manejo: CONTRAINDICADOS en el intoxicado por humo, que ya tiene carboxihemoglobina: sumar metahemoglobina puede ser letal. La hidroxocobalamina no tiene ese problema	Farmacoterapia::Urgencias, críticos y toxicología
Efecto adverso grave de Hidroxocobalamina y emulsión lipídica intravenosa: Reacciones anafilactoides — ¿en qué consiste?	Reacciones anafilactoides (raras)	Farmacoterapia::Urgencias, críticos y toxicología
Efecto adverso grave de Hidroxocobalamina y emulsión lipídica intravenosa: Insuficiencia renal por cristales de oxalato con la hidroxocobalamina — ¿en qué consiste?	Insuficiencia renal por cristales de oxalato con la hidroxocobalamina (descrita, infrecuente)	Farmacoterapia::Urgencias, críticos y toxicología
Efecto adverso grave de Hidroxocobalamina y emulsión lipídica intravenosa: EMULSIÓN LIPÍDICA — ¿en qué consiste?	EMULSIÓN LIPÍDICA: hipertrigliceridemia, PANCREATITIS, embolia grasa, síndrome de distrés respiratorio e interferencia con las máquinas de laboratorio y con la oxigenación por membrana extracorpórea	Farmacoterapia::Urgencias, críticos y toxicología
¿Está contraindicado Hidroxocobalamina y emulsión lipídica intravenosa en: Hipersensibilidad conocida?	Sí — Hipersensibilidad conocida	Farmacoterapia::Urgencias, críticos y toxicología
¿Está contraindicado Hidroxocobalamina y emulsión lipídica intravenosa en: Alergia al huevo o a la soja para la emulsión lipídica?	Sí — Alergia al huevo o a la soja para la emulsión lipídica (relativa en una urgencia vital)	Farmacoterapia::Urgencias, críticos y toxicología
¿Está contraindicado Hidroxocobalamina y emulsión lipídica intravenosa en: Ausencia de indicación real?	Sí — Ausencia de indicación real: ninguno de los dos es inocuo	Farmacoterapia::Urgencias, críticos y toxicología
Particularidad de Hidroxocobalamina y emulsión lipídica intravenosa que hay que tener en cuenta:	En el INCENDIADO hay que pensar SIEMPRE en DOS tóxicos: monóxido de carbono y CIANURO. Los plásticos, la lana y la seda liberan cianuro al arder, y su presencia se sospecha por la tríada de alteración de la conciencia, hipotensión y LACTATO ALTO. Un lactato superior a 8-10 mmol/L en un incendiado es prácticamente diagnóstico.	Farmacoterapia::Urgencias, críticos y toxicología
¿A qué clase farmacológica pertenece Gluconato cálcico (y cloruro cálcico)?	Fluidoterapia y electrolitos intravenosos (Sal de calcio IV (electrolito y antídoto))	Farmacoterapia::Urgencias, críticos y toxicología
¿Cuál es el mecanismo de acción de Gluconato cálcico (y cloruro cálcico)?	Aporta calcio iónico, con dos acciones distintas según la indicación. En la HIPERPOTASEMIA no modifica en absoluto la cifra de potasio: eleva el umbral de despolarización del miocardio, restaurando la diferencia entre el potencial de reposo (que el potasio ha desplazado hacia arriba) y el umbral, con lo que la excitabilidad se normaliza y el ECG se estabiliza. Es un ANTAGONISTA DE MEMBRANA, no un tratamiento del potasio. En la HIPOCALCEMIA y en la intoxicación por CALCIOANTAGONISTAS o por MAGNESIO actúa como aporte directo del ion, restaurando la contractilidad y la transmisión neuromuscular.	Farmacoterapia::Urgencias, críticos y toxicología
¿Qué distingue a Gluconato cálcico (y cloruro cálcico) de los demás fármacos de su clase (Fluidoterapia y electrolitos intravenosos)?	<b>Estabiliza la membrana del miocardio en la HIPERPOTASEMIA</b> con cambios ECG (no baja el potasio).	Farmacoterapia::Urgencias, críticos y toxicología
¿Cuál es la dosis de Gluconato cálcico (y cloruro cálcico) en Hiperpotasemia con alteraciones del ECG?	Gluconato cálcico 10%: 10-30 mL (1-3 ampollas) IV en 2-5 minutos, repetible a los 5-10 minutos — Bolo lento repetible, vía IV	Farmacoterapia::Urgencias, críticos y toxicología
¿A qué objetivo se ajusta la dosis de Gluconato cálcico (y cloruro cálcico) en Hiperpotasemia con alteraciones del ECG?	Normalización del ECG: estrechamiento del QRS y reaparición de la onda P	Farmacoterapia::Urgencias, críticos y toxicología
¿Cuál es la dosis de Gluconato cálcico (y cloruro cálcico) en Hipocalcemia sintomática (tetania, laringoespasmo, convulsiones, QT largo)?	10-20 mL de gluconato cálcico 10% IV en 10 minutos, seguidos de perfusión — Bolo y perfusión, vía IV	Farmacoterapia::Urgencias, críticos y toxicología
¿A qué objetivo se ajusta la dosis de Gluconato cálcico (y cloruro cálcico) en Hipocalcemia sintomática (tetania, laringoespasmo, convulsiones, QT largo)?	Desaparición de la tetania y calcio iónico normalizado	Farmacoterapia::Urgencias, críticos y toxicología
¿Cuál es la dosis de Gluconato cálcico (y cloruro cálcico) en Intoxicación por CALCIOANTAGONISTAS (verapamilo, diltiazem, amlodipino)?	30-60 mL de gluconato cálcico 10% IV, con dosis repetidas o perfusión — Bolos repetidos y perfusión, vía IV	Farmacoterapia::Urgencias, críticos y toxicología
¿Cuál es la dosis de Gluconato cálcico (y cloruro cálcico) en Intoxicación por sulfato de magnesio (paciente obstétrica con preeclampsia)?	10 mL de gluconato cálcico 10% IV lento — Dosis única repetible, vía IV	Farmacoterapia::Urgencias, críticos y toxicología
¿Cuál es la dosis de Gluconato cálcico (y cloruro cálcico) en Quemaduras y exposición al ÁCIDO FLUORHÍDRICO?	Gel de gluconato cálcico al 2,5% tópico; infiltración local o vía intraarterial en casos graves — Aplicación repetida, vía tópica	Farmacoterapia::Urgencias, críticos y toxicología
¿Cuánto dura el tratamiento con Gluconato cálcico (y cloruro cálcico)?	Efecto de 30-60 minutos en la hiperpotasemia: es una medida PUENTE.	Farmacoterapia::Urgencias, críticos y toxicología
¿Cómo se suspende Gluconato cálcico (y cloruro cálcico)?	No requiere retirada progresiva. Lo que no puede faltar es el paso siguiente: los tratamientos que redistribuyen y los que eliminan el potasio.	Farmacoterapia::Urgencias, críticos y toxicología
¿Qué hay que monitorizar durante el tratamiento con Gluconato cálcico (y cloruro cálcico)?	ECG CONTINUO durante la administración, calcio iónico, potasio, magnesio y función renal. Vigilar el punto de punción por el riesgo de extravasación.	Farmacoterapia::Urgencias, críticos y toxicología
¿Cuál es la vida media de Gluconato cálcico (y cloruro cálcico)?	Efecto clínico de 30-60 minutos en la hiperpotasemia.	Farmacoterapia::Urgencias, críticos y toxicología
¿Requiere Gluconato cálcico (y cloruro cálcico) ajuste en insuficiencia renal?	Precaución en la insuficiencia renal por riesgo de hipercalcemia con dosis repetidas.	Farmacoterapia::Urgencias, críticos y toxicología
Interacción crítica de Gluconato cálcico (y cloruro cálcico) con BICARBONATO SÓDICO: ¿qué ocurre y qué se hace?	PRECIPITAN formando carbonato cálcico insoluble, que obstruye la vía. Manejo: Nunca por la misma vía sin lavarla antes. Es un error frecuente porque ambos se usan en la hiperpotasemia	Farmacoterapia::Urgencias, críticos y toxicología
Interacción crítica de Gluconato cálcico (y cloruro cálcico) con CEFTRIAXONA: ¿qué ocurre y qué se hace?	Precipitación con embolias pulmonares y renales mortales en el NEONATO. Manejo: Contraindicada la combinación en el recién nacido; en el resto, vías separadas	Farmacoterapia::Urgencias, críticos y toxicología
Interacción crítica de Gluconato cálcico (y cloruro cálcico) con DIGOXINA: ¿qué ocurre y qué se hace?	El calcio potencia la toxicidad digitálica y puede desencadenar arritmias graves (el clásico corazón de piedra, hoy considerado menos absoluto de lo que se creía). Manejo: En el paciente digitalizado con hiperpotasemia, administrarlo diluido y LENTO, con ECG continuo, o valorar anticuerpos antidigoxina	Farmacoterapia::Urgencias, críticos y toxicología
Efecto adverso grave de Gluconato cálcico (y cloruro cálcico): NECROSIS TISULAR por extravasación, especialmente grave con el cloruro cálcico — ¿en qué consiste?	NECROSIS TISULAR por extravasación, especialmente grave con el cloruro cálcico	Farmacoterapia::Urgencias, críticos y toxicología
Efecto adverso grave de Gluconato cálcico (y cloruro cálcico): Bradicardia grave, bloqueo y ASISTOLIA por administración rápida — ¿en qué consiste?	Bradicardia grave, bloqueo y ASISTOLIA por administración rápida	Farmacoterapia::Urgencias, críticos y toxicología
Efecto adverso grave de Gluconato cálcico (y cloruro cálcico): Arritmias en el paciente digitalizado — ¿en qué consiste?	Arritmias en el paciente digitalizado	Farmacoterapia::Urgencias, críticos y toxicología
Efecto adverso grave de Gluconato cálcico (y cloruro cálcico): Hipercalcemia con dosis repetidas, sobre todo en la insuficiencia renal — ¿en qué consiste?	Hipercalcemia con dosis repetidas, sobre todo en la insuficiencia renal	Farmacoterapia::Urgencias, críticos y toxicología
Efecto adverso grave de Gluconato cálcico (y cloruro cálcico): Calcificaciones tisulares y calcifilaxis con aportes elevados mantenidos — ¿en qué consiste?	Calcificaciones tisulares y calcifilaxis con aportes elevados mantenidos	Farmacoterapia::Urgencias, críticos y toxicología
¿Está contraindicado Gluconato cálcico (y cloruro cálcico) en: HIPERCALCEMIA?	Sí — HIPERCALCEMIA	Farmacoterapia::Urgencias, críticos y toxicología
¿Está contraindicado Gluconato cálcico (y cloruro cálcico) en: Fibrilación ventricular durante la reanimación?	Sí — Fibrilación ventricular durante la reanimación (no está indicado de rutina)	Farmacoterapia::Urgencias, críticos y toxicología
¿Está contraindicado Gluconato cálcico (y cloruro cálcico) en: Precaución extrema en el paciente digitalizado?	Sí — Precaución extrema en el paciente digitalizado	Farmacoterapia::Urgencias, críticos y toxicología
¿Está contraindicado Gluconato cálcico (y cloruro cálcico) en: No administrar por la misma vía que el bicarbonato o la ceftriaxona?	Sí — No administrar por la misma vía que el bicarbonato o la ceftriaxona	Farmacoterapia::Urgencias, críticos y toxicología
Particularidad de Gluconato cálcico (y cloruro cálcico) que hay que tener en cuenta:	La frase que evita el error más grave del manejo de la hiperpotasemia: el calcio NO BAJA EL POTASIO. Estabiliza la membrana del miocardio y compra 30-60 minutos. Un paciente al que solo se le administra calcio sigue teniendo la misma hiperpotasemia y volverá a tener alteraciones del ECG en cuanto pase el efecto.	Farmacoterapia::Urgencias, críticos y toxicología
¿A qué clase farmacológica pertenece Carbón activado?	Antídoto de tóxicos metabólicos y descontaminación (Adsorbente de superficie)	Farmacoterapia::Urgencias, críticos y toxicología
¿Cuál es el mecanismo de acción de Carbón activado?	Carbón tratado para generar una superficie porosa enorme (unos 1000 m² por gramo) que ADSORBE el tóxico en la luz intestinal por fuerzas de van der Waals, impidiendo que se absorba. No lo neutraliza ni lo destruye: lo secuestra y lo arrastra con las heces. En dosis repetidas añade un segundo mecanismo, la llamada diálisis gastrointestinal: interrumpe la circulación ENTEROHEPÁTICA y ENTEROENTÉRICA del tóxico ya absorbido, que difunde de nuevo hacia la luz intestinal y allí queda atrapado, acelerando su eliminación del organismo.	Farmacoterapia::Urgencias, críticos y toxicología
¿Qué distingue a Carbón activado de los demás fármacos de su clase (Antídoto de tóxicos metabólicos y descontaminación)?	<b>Descontaminante, no antídoto</b>: adsorbe el tóxico en la luz intestinal; útil en la <b>primera 1-2 h</b> (1 g/kg).	Farmacoterapia::Urgencias, críticos y toxicología
¿Cuál es la dosis de Carbón activado en Intoxicación aguda por vía oral con tóxico adsorbible?	1 g/kg (habitualmente 25-50 g en el adulto), dosis única — Dosis única lo antes posible, vía VO	Farmacoterapia::Urgencias, críticos y toxicología
¿Cuál es la dosis de Carbón activado en Intoxicación por fármacos con circulación enterohepática (carbamazepina, fenobarbital, teofilina, quinina, dapsona)?	50 g iniciales y después 25 g cada 4-6 horas — Dosis repetidas durante 12-24 horas, vía VO	Farmacoterapia::Urgencias, críticos y toxicología
¿A qué objetivo se ajusta la dosis de Carbón activado en Intoxicación por fármacos con circulación enterohepática (carbamazepina, fenobarbital, teofilina, quinina, dapsona)?	Descenso de los niveles plasmáticos del tóxico y mejoría clínica	Farmacoterapia::Urgencias, críticos y toxicología
¿Cuál es la dosis de Carbón activado en Ingesta de preparados de LIBERACIÓN PROLONGADA o con formación de conglomerados?	1 g/kg, con dosis repetidas según el fármaco — Dosis repetidas, vía VO	Farmacoterapia::Urgencias, críticos y toxicología
¿Cuánto dura el tratamiento con Carbón activado?	Dosis única en la mayoría de las intoxicaciones; 12-24 horas en la pauta de dosis repetidas.	Farmacoterapia::Urgencias, críticos y toxicología
¿Cómo se suspende Carbón activado?	Se suspende ante la ausencia de ruidos intestinales, la distensión abdominal o la sospecha de íleo u obstrucción.	Farmacoterapia::Urgencias, críticos y toxicología
¿Qué hay que monitorizar durante el tratamiento con Carbón activado?	Nivel de conciencia, vía aérea, ruidos intestinales y deposiciones. En la pauta repetida, vigilar el estreñimiento.	Farmacoterapia::Urgencias, críticos y toxicología
¿Cuál es la vida media de Carbón activado?	No aplicable.	Farmacoterapia::Urgencias, críticos y toxicología
¿Requiere Carbón activado ajuste en insuficiencia renal?	No requiere ajuste.	Farmacoterapia::Urgencias, críticos y toxicología
Interacción crítica de Carbón activado con CUALQUIER medicación oral administrada a la vez: ¿qué ocurre y qué se hace?	La adsorbe y anula su absorción. Manejo: Separar al menos 2 horas la medicación oral necesaria; si el tratamiento es urgente, usar la vía intravenosa	Farmacoterapia::Urgencias, críticos y toxicología
Interacción crítica de Carbón activado con Jarabe de ipecacuana: ¿qué ocurre y qué se hace?	El vómito provocado elimina el carbón y añade riesgo de aspiración. Manejo: La ipecacuana está abandonada; no debe usarse	Farmacoterapia::Urgencias, críticos y toxicología
Efecto adverso grave de Carbón activado: BRONCOASPIRACIÓN con neumonitis grave, la complicación temida — ¿en qué consiste?	BRONCOASPIRACIÓN con neumonitis grave, la complicación temida	Farmacoterapia::Urgencias, críticos y toxicología
Efecto adverso grave de Carbón activado: Obstrucción intestinal y bezoar de carbón con las dosis repetidas — ¿en qué consiste?	Obstrucción intestinal y bezoar de carbón con las dosis repetidas	Farmacoterapia::Urgencias, críticos y toxicología
Efecto adverso grave de Carbón activado: Perforación en el paciente con patología digestiva previa — ¿en qué consiste?	Perforación en el paciente con patología digestiva previa	Farmacoterapia::Urgencias, críticos y toxicología
¿Está contraindicado Carbón activado en: Bajo nivel de conciencia sin vía aérea protegida?	Sí — Bajo nivel de conciencia sin vía aérea protegida	Farmacoterapia::Urgencias, críticos y toxicología
¿Está contraindicado Carbón activado en: Ingesta de CÁUSTICOS?	Sí — Ingesta de CÁUSTICOS (impide ver la lesión en la endoscopia y no adsorbe)	Farmacoterapia::Urgencias, críticos y toxicología
¿Está contraindicado Carbón activado en: Ingesta de HIDROCARBUROS?	Sí — Ingesta de HIDROCARBUROS (aumenta el riesgo de aspiración y neumonitis química)	Farmacoterapia::Urgencias, críticos y toxicología
¿Está contraindicado Carbón activado en: Íleo, obstrucción o perforación intestinal?	Sí — Íleo, obstrucción o perforación intestinal	Farmacoterapia::Urgencias, críticos y toxicología
¿Está contraindicado Carbón activado en: Riesgo de convulsión inminente o de deterioro rápido del nivel de conciencia?	Sí — Riesgo de convulsión inminente o de deterioro rápido del nivel de conciencia	Farmacoterapia::Urgencias, críticos y toxicología
Particularidad de Carbón activado que hay que tener en cuenta:	La lista de lo que NO adsorbe se memoriza con las PHAILS: Pesticidas, Hidrocarburos, Ácidos y álcalis, Alcoholes, Hierro (y otros metales, como el litio) y Solventes. Ante estos tóxicos el carbón no aporta nada y sí añade riesgo.	Farmacoterapia::Urgencias, críticos y toxicología
¿A qué clase farmacológica pertenece Quelantes de metales pesados (dimercaprol, succímero, EDTA cálcico, penicilamina, deferoxamina)?	Antídoto de tóxicos metabólicos y descontaminación (Agentes quelantes)	Farmacoterapia::Urgencias, críticos y toxicología
¿Cuál es el mecanismo de acción de Quelantes de metales pesados (dimercaprol, succímero, EDTA cálcico, penicilamina, deferoxamina)?	Todos actúan por el mismo principio: aportan grupos donadores de electrones (sulfhidrilo, amino, carboxilo) que forman con el metal un COMPLEJO estable, hidrosoluble y NO tóxico, que se elimina por la orina o por la bilis. La clave del mecanismo está en la competencia: el quelante debe unir el metal con más avidez que las enzimas del organismo a las que este ha secuestrado, y de ahí que cada metal tenga su quelante preferente. El DIMERCAPROL y el SUCCÍMERO aportan grupos SULFHIDRILO, que es exactamente lo que el arsénico, el mercurio y el plomo bloquean en las enzimas. El EDTA CÁLCICO intercambia su calcio por el plomo, y su formulación con calcio no es un detalle sino una precaución vital: el EDTA sódico produciría una hipocalcemia mortal. La DEFEROXAMINA es un sideróforo bacteriano que capta hierro férrico y forma ferrioxamina, que tiñe la orina de color vino rosado. El problema común a todos ellos es que NO son selectivos: arrastran también zinc, cobre y otros oligoelementos esenciales.	Farmacoterapia::Urgencias, críticos y toxicología
¿Qué distingue a Quelantes de metales pesados (dimercaprol, succímero, EDTA cálcico, penicilamina, deferoxamina) de los demás fármacos de su clase (Antídoto de tóxicos metabólicos y descontaminación)?	<b>Quelantes específicos de metales</b>: deferoxamina (hierro), dimercaprol/succímero/EDTA cálcico (plomo, arsénico, mercurio), penicilamina (Wilson).	Farmacoterapia::Urgencias, críticos y toxicología
¿Cuál es la dosis de Quelantes de metales pesados (dimercaprol, succímero, EDTA cálcico, penicilamina, deferoxamina) en Intoxicación por PLOMO grave o con encefalopatía?	Dimercaprol 3-5 mg/kg IM cada 4 horas, seguido a las 4 horas de EDTA cálcico 1500 mg/m²/día en perfusión continua durante 5 días — Dimercaprol cada 4 horas; EDTA en perfusión continua, vía IM	Farmacoterapia::Urgencias, críticos y toxicología
¿A qué objetivo se ajusta la dosis de Quelantes de metales pesados (dimercaprol, succímero, EDTA cálcico, penicilamina, deferoxamina) en Intoxicación por PLOMO grave o con encefalopatía?	Descenso de la plumbemia y resolución de la encefalopatía	Farmacoterapia::Urgencias, críticos y toxicología
¿Cuál es la dosis de Quelantes de metales pesados (dimercaprol, succímero, EDTA cálcico, penicilamina, deferoxamina) en Intoxicación por plomo LEVE-MODERADA, sobre todo en el NIÑO?	Succímero (DMSA) 10 mg/kg cada 8 horas durante 5 días y después cada 12 horas durante 14 días — Cada 8-12 horas por vía oral, vía VO	Farmacoterapia::Urgencias, críticos y toxicología
¿A qué objetivo se ajusta la dosis de Quelantes de metales pesados (dimercaprol, succímero, EDTA cálcico, penicilamina, deferoxamina) en Intoxicación por plomo LEVE-MODERADA, sobre todo en el NIÑO?	Plumbemia inferior a 45 microgramos/dL	Farmacoterapia::Urgencias, críticos y toxicología
¿Cuál es la dosis de Quelantes de metales pesados (dimercaprol, succímero, EDTA cálcico, penicilamina, deferoxamina) en Intoxicación por HIERRO?	Deferoxamina 15 mg/kg/h en perfusión IV, máximo 6 g al día — Perfusión continua, vía IV	Farmacoterapia::Urgencias, críticos y toxicología
¿A qué objetivo se ajusta la dosis de Quelantes de metales pesados (dimercaprol, succímero, EDTA cálcico, penicilamina, deferoxamina) en Intoxicación por HIERRO?	Resolución de la acidosis y del shock; la orina de color VINO ROSADO indica que se está quelando hierro	Farmacoterapia::Urgencias, críticos y toxicología
¿Cuál es la dosis de Quelantes de metales pesados (dimercaprol, succímero, EDTA cálcico, penicilamina, deferoxamina) en Sobrecarga férrica crónica en el politransfundido (talasemia)?	Deferasirox 20-40 mg/kg al día por vía oral, o deferiprona 75-100 mg/kg al día — Una toma diaria (deferasirox) o tres (deferiprona), vía VO	Farmacoterapia::Urgencias, críticos y toxicología
¿A qué objetivo se ajusta la dosis de Quelantes de metales pesados (dimercaprol, succímero, EDTA cálcico, penicilamina, deferoxamina) en Sobrecarga férrica crónica en el politransfundido (talasemia)?	Ferritina inferior a 1000 ng/mL y concentración hepática de hierro controlada por resonancia	Farmacoterapia::Urgencias, críticos y toxicología
¿Cuál es la dosis de Quelantes de metales pesados (dimercaprol, succímero, EDTA cálcico, penicilamina, deferoxamina) en Enfermedad de WILSON e intoxicación por mercurio o arsénico?	Penicilamina 250 mg cada 6 horas, ascendiendo hasta 1-1,5 g al día; o succímero en el mercurio y el arsénico — Cada 6-8 horas, vía VO	Farmacoterapia::Urgencias, críticos y toxicología
¿A qué objetivo se ajusta la dosis de Quelantes de metales pesados (dimercaprol, succímero, EDTA cálcico, penicilamina, deferoxamina) en Enfermedad de WILSON e intoxicación por mercurio o arsénico?	Cupruria de 24 horas y cobre libre en descenso	Farmacoterapia::Urgencias, críticos y toxicología
¿Cuánto dura el tratamiento con Quelantes de metales pesados (dimercaprol, succímero, EDTA cálcico, penicilamina, deferoxamina)?	Ciclos de 5 días a varias semanas, con reevaluación entre ellos.	Farmacoterapia::Urgencias, críticos y toxicología
¿Cómo se suspende Quelantes de metales pesados (dimercaprol, succímero, EDTA cálcico, penicilamina, deferoxamina)?	Cuando la concentración se normaliza de forma sostenida tras un periodo de descanso, y no en la primera determinación baja tras el ciclo.	Farmacoterapia::Urgencias, críticos y toxicología
¿Qué hay que monitorizar durante el tratamiento con Quelantes de metales pesados (dimercaprol, succímero, EDTA cálcico, penicilamina, deferoxamina)?	Concentración del metal, FUNCIÓN RENAL (los complejos se eliminan por el riñón y son nefrotóxicos), hemograma, y oligoelementos ESENCIALES (zinc y cobre), que también se quelan.	Farmacoterapia::Urgencias, críticos y toxicología
¿Cuál es la vida media de Quelantes de metales pesados (dimercaprol, succímero, EDTA cálcico, penicilamina, deferoxamina)?	Variable según el agente.	Farmacoterapia::Urgencias, críticos y toxicología
¿Requiere Quelantes de metales pesados (dimercaprol, succímero, EDTA cálcico, penicilamina, deferoxamina) ajuste en insuficiencia renal?	Fundamental: los complejos se eliminan por el riñón y su acumulación es tóxica. En la insuficiencia renal grave puede hacer falta hemodiálisis concomitante.	Farmacoterapia::Urgencias, críticos y toxicología
Interacción crítica de Quelantes de metales pesados (dimercaprol, succímero, EDTA cálcico, penicilamina, deferoxamina) con EDTA SÓDICO en lugar de EDTA CÁLCICO: ¿qué ocurre y qué se hace?	HIPOCALCEMIA MORTAL: el EDTA sódico quela el calcio del propio paciente. Manejo: Es un error de medicación con muertes documentadas, incluidas las de niños tratados con quelación sin indicación. SIEMPRE la forma CÁLCICA	Farmacoterapia::Urgencias, críticos y toxicología
Interacción crítica de Quelantes de metales pesados (dimercaprol, succímero, EDTA cálcico, penicilamina, deferoxamina) con PIRIDOXINA y penicilamina: ¿qué ocurre y qué se hace?	La penicilamina la antagoniza y produce NEUROPATÍA. Manejo: Suplementar piridoxina de forma sistemática	Farmacoterapia::Urgencias, críticos y toxicología
Interacción crítica de Quelantes de metales pesados (dimercaprol, succímero, EDTA cálcico, penicilamina, deferoxamina) con Cacahuete (dimercaprol): ¿qué ocurre y qué se hace?	Su vehículo es aceite de cacahuete: riesgo de reacción alérgica. Manejo: Preguntar por alergia al cacahuete antes de administrarlo	Farmacoterapia::Urgencias, críticos y toxicología
Efecto adverso grave de Quelantes de metales pesados (dimercaprol, succímero, EDTA cálcico, penicilamina, deferoxamina): NEFROTOXICIDAD, sobre todo con EDTA — ¿en qué consiste?	NEFROTOXICIDAD, sobre todo con EDTA: necrosis tubular aguda	Farmacoterapia::Urgencias, críticos y toxicología
Efecto adverso grave de Quelantes de metales pesados (dimercaprol, succímero, EDTA cálcico, penicilamina, deferoxamina): HIPOCALCEMIA MORTAL por confusión entre EDTA sódico y cálcico — ¿en qué consiste?	HIPOCALCEMIA MORTAL por confusión entre EDTA sódico y cálcico	Farmacoterapia::Urgencias, críticos y toxicología
Efecto adverso grave de Quelantes de metales pesados (dimercaprol, succímero, EDTA cálcico, penicilamina, deferoxamina): DEFERIPRONA — ¿en qué consiste?	DEFERIPRONA: AGRANULOCITOSIS, que obliga a hemograma SEMANAL	Farmacoterapia::Urgencias, críticos y toxicología
Efecto adverso grave de Quelantes de metales pesados (dimercaprol, succímero, EDTA cálcico, penicilamina, deferoxamina): PENICILAMINA — ¿en qué consiste?	PENICILAMINA: síndromes autoinmunes inducidos (miastenia, lupus, pénfigo, síndrome de Goodpasture), proteinuria y aplasia	Farmacoterapia::Urgencias, críticos y toxicología
Efecto adverso grave de Quelantes de metales pesados (dimercaprol, succímero, EDTA cálcico, penicilamina, deferoxamina): Deferoxamina prolongada — ¿en qué consiste?	Deferoxamina prolongada: toxicidad RETINIANA y AUDITIVA, y síndrome de distrés respiratorio	Farmacoterapia::Urgencias, críticos y toxicología
Efecto adverso grave de Quelantes de metales pesados (dimercaprol, succímero, EDTA cálcico, penicilamina, deferoxamina): Depleción de oligoelementos esenciales — ¿en qué consiste?	Depleción de oligoelementos esenciales (zinc, cobre, manganeso)	Farmacoterapia::Urgencias, críticos y toxicología
¿Está contraindicado Quelantes de metales pesados (dimercaprol, succímero, EDTA cálcico, penicilamina, deferoxamina) en: Insuficiencia renal grave sin soporte dialítico?	Sí — Insuficiencia renal grave sin soporte dialítico	Farmacoterapia::Urgencias, críticos y toxicología
¿Está contraindicado Quelantes de metales pesados (dimercaprol, succímero, EDTA cálcico, penicilamina, deferoxamina) en: Alergia al cacahuete?	Sí — Alergia al cacahuete (dimercaprol)	Farmacoterapia::Urgencias, críticos y toxicología
¿Está contraindicado Quelantes de metales pesados (dimercaprol, succímero, EDTA cálcico, penicilamina, deferoxamina) en: EDTA sódico en cualquier circunstancia como quelante de metales?	Sí — EDTA sódico en cualquier circunstancia como quelante de metales	Farmacoterapia::Urgencias, críticos y toxicología
¿Está contraindicado Quelantes de metales pesados (dimercaprol, succímero, EDTA cálcico, penicilamina, deferoxamina) en: QUELACIÓN sin intoxicación demostrada?	Sí — QUELACIÓN sin intoxicación demostrada: la terapia de quelación como pseudoterapia ha causado MUERTES por hipocalcemia	Farmacoterapia::Urgencias, críticos y toxicología
Particularidad de Quelantes de metales pesados (dimercaprol, succímero, EDTA cálcico, penicilamina, deferoxamina) que hay que tener en cuenta:	La medida más importante no es el quelante: es RETIRAR LA FUENTE. Quelar a un niño con intoxicación por plomo y devolverlo a la misma vivienda con pintura antigua es un esfuerzo perdido, y el mismo razonamiento vale para la exposición laboral. Sin control ambiental, el tratamiento es un ciclo interminable.	Farmacoterapia::Urgencias, críticos y toxicología
