¿A qué clase farmacológica pertenece Antibióticos y corticoides tópicos oculares?	Antiinfeccioso y antiinflamatorio ocular (Colirios y pomadas antibióticas, antivíricas y corticoideas)	Farmacoterapia::Oftalmología y ORL
¿Cuál es el mecanismo de acción de Antibióticos y corticoides tópicos oculares?	Los ANTIBIÓTICOS tópicos alcanzan en la superficie ocular concentraciones cientos de veces superiores a la concentración mínima inhibitoria, lo que permite tratar infecciones superficiales con moléculas que por vía sistémica no servirían. Su limitación es la penetración: NO alcanzan concentraciones útiles en la cámara anterior ni en el vítreo, de modo que la endoftalmitis exige inyección INTRAVÍTREA y la celulitis orbitaria, antibiótico intravenoso. Los CORTICOIDES tópicos suprimen la inflamación de la superficie y de la cámara anterior con la misma potencia con que suprimen la defensa local, y de ahí nacen sus tres complicaciones características: agravan la QUERATITIS HERPÉTICA hasta la perforación, favorecen la infección fúngica y elevan la PRESIÓN INTRAOCULAR en los individuos respondedores, que son en torno a un tercio de la población, produciendo un glaucoma silente e irreversible.	Farmacoterapia::Oftalmología y ORL
¿Cuál es el espectro de Antibióticos y corticoides tópicos oculares?	Antibióticos tópicos: cobertura amplia de grampositivos y gramnegativos de la superficie ocular; las QUINOLONAS tópicas cubren además Pseudomonas, lo que las hace obligadas en la queratitis del portador de lentes de contacto. Aciclovir en pomada y ganciclovir en gel para el herpes simple corneal.	Farmacoterapia::Oftalmología y ORL
¿Cuál es la dosis de Antibióticos y corticoides tópicos oculares en CONJUNTIVITIS bacteriana?	Tobramicina 0,3% o azitromicina 1,5% en colirio, una gota cada 4-6 horas durante 5-7 días — Cada 4-6 horas, vía oftálmica	Farmacoterapia::Oftalmología y ORL
¿Cuál es la dosis de Antibióticos y corticoides tópicos oculares en QUERATITIS BACTERIANA (úlcera corneal), especialmente en portador de lentes de contacto?	Ciprofloxacino 0,3% o moxifloxacino 0,5% en colirio, una gota CADA HORA incluida la noche las primeras 48 horas — Horaria al inicio, con descenso progresivo, vía oftálmica	Farmacoterapia::Oftalmología y ORL
¿A qué objetivo se ajusta la dosis de Antibióticos y corticoides tópicos oculares en QUERATITIS BACTERIANA (úlcera corneal), especialmente en portador de lentes de contacto?	Reducción del infiltrado corneal y reepitelización	Farmacoterapia::Oftalmología y ORL
¿Cuál es la dosis de Antibióticos y corticoides tópicos oculares en QUERATITIS HERPÉTICA (úlcera dendrítica)?	Aciclovir pomada al 3% cinco veces al día, o ganciclovir gel 0,15% cinco veces al día, durante 7-10 días — Cinco aplicaciones al día, vía oftálmica	Farmacoterapia::Oftalmología y ORL
¿Cuál es la dosis de Antibióticos y corticoides tópicos oculares en Inflamación postoperatoria y UVEÍTIS anterior?	Dexametasona 0,1% o prednisolona 1% en colirio, una gota cada 1-6 horas según la intensidad, con descenso progresivo — Pauta descendente a lo largo de semanas, vía oftálmica	Farmacoterapia::Oftalmología y ORL
¿Cuál es la dosis de Antibióticos y corticoides tópicos oculares en Profilaxis de la oftalmía neonatal?	Pomada de eritromicina al 0,5% en ambos ojos en la primera hora de vida — Aplicación única, vía oftálmica	Farmacoterapia::Oftalmología y ORL
¿Cuánto dura el tratamiento con Antibióticos y corticoides tópicos oculares?	5-7 días en la conjuntivitis; semanas con pauta descendente en la uveítis.	Farmacoterapia::Oftalmología y ORL
¿Cómo se suspende Antibióticos y corticoides tópicos oculares?	Los corticoides oculares NUNCA se retiran de golpe tras un uso prolongado, y NUNCA se prescriben sin fecha de revisión.	Farmacoterapia::Oftalmología y ORL
¿Qué hay que monitorizar durante el tratamiento con Antibióticos y corticoides tópicos oculares?	PRESIÓN INTRAOCULAR en todo paciente con corticoide tópico más de 2 semanas. Reevaluación en 48 horas de toda queratitis.	Farmacoterapia::Oftalmología y ORL
¿Cuál es la vida media de Antibióticos y corticoides tópicos oculares?	Corta en la superficie ocular, lo que obliga a instilaciones frecuentes.	Farmacoterapia::Oftalmología y ORL
¿Requiere Antibióticos y corticoides tópicos oculares ajuste en insuficiencia renal?	Sin ajuste.	Farmacoterapia::Oftalmología y ORL
Interacción crítica de Antibióticos y corticoides tópicos oculares con Lentes de CONTACTO: ¿qué ocurre y qué se hace?	Absorben el conservante y el principio activo, y en una queratitis empeoran la infección. Manejo: RETIRAR las lentes durante todo el tratamiento y no reponerlas hasta la curación completa. En la queratitis hay que cultivar la lente y su estuche	Farmacoterapia::Oftalmología y ORL
Interacción crítica de Antibióticos y corticoides tópicos oculares con Corticoide tópico y QUERATITIS HERPÉTICA o fúngica: ¿qué ocurre y qué se hace?	AGRAVAMIENTO grave con riesgo de perforación corneal. Manejo: Es el error más grave del manejo del ojo rojo: nunca se pone un corticoide en un ojo rojo sin haber descartado una úlcera con fluoresceína	Farmacoterapia::Oftalmología y ORL
Efecto adverso grave de Antibióticos y corticoides tópicos oculares: GLAUCOMA CORTICOIDEO — ¿en qué consiste?	GLAUCOMA CORTICOIDEO: elevación de la presión intraocular en un tercio de la población, silente y con pérdida de campo visual IRREVERSIBLE	Farmacoterapia::Oftalmología y ORL
Efecto adverso grave de Antibióticos y corticoides tópicos oculares: CATARATA subcapsular posterior con el uso prolongado de corticoides — ¿en qué consiste?	CATARATA subcapsular posterior con el uso prolongado de corticoides	Farmacoterapia::Oftalmología y ORL
Efecto adverso grave de Antibióticos y corticoides tópicos oculares: PERFORACIÓN CORNEAL por corticoide aplicado sobre una queratitis herpética o fúngica no diagnosticada — ¿en qué consiste?	PERFORACIÓN CORNEAL por corticoide aplicado sobre una queratitis herpética o fúngica no diagnosticada	Farmacoterapia::Oftalmología y ORL
Efecto adverso grave de Antibióticos y corticoides tópicos oculares: Sobreinfección fúngica — ¿en qué consiste?	Sobreinfección fúngica	Farmacoterapia::Oftalmología y ORL
Efecto adverso grave de Antibióticos y corticoides tópicos oculares: Retraso de la cicatrización epitelial — ¿en qué consiste?	Retraso de la cicatrización epitelial	Farmacoterapia::Oftalmología y ORL
Efecto adverso grave de Antibióticos y corticoides tópicos oculares: Selección de resistencias con el uso repetido de quinolonas tópicas — ¿en qué consiste?	Selección de resistencias con el uso repetido de quinolonas tópicas	Farmacoterapia::Oftalmología y ORL
¿Está contraindicado Antibióticos y corticoides tópicos oculares en: CORTICOIDES?	Sí — CORTICOIDES: queratitis herpética epitelial (dendrítica), infección fúngica y micobacteriana, y úlcera corneal no filiada	Farmacoterapia::Oftalmología y ORL
¿Está contraindicado Antibióticos y corticoides tópicos oculares en: Uso de corticoide tópico sin exploración con FLUORESCEÍNA previa?	Sí — Uso de corticoide tópico sin exploración con FLUORESCEÍNA previa	Farmacoterapia::Oftalmología y ORL
¿Está contraindicado Antibióticos y corticoides tópicos oculares en: Oclusión del ojo en la queratitis del portador de lentes de contacto?	Sí — Oclusión del ojo en la queratitis del portador de lentes de contacto	Farmacoterapia::Oftalmología y ORL
¿Está contraindicado Antibióticos y corticoides tópicos oculares en: Hipersensibilidad al principio activo o a los conservantes?	Sí — Hipersensibilidad al principio activo o a los conservantes	Farmacoterapia::Oftalmología y ORL
Particularidad de Antibióticos y corticoides tópicos oculares que hay que tener en cuenta:	La regla que evita la mayoría de los desastres del ojo rojo: NUNCA un corticoide tópico sin haber teñido con FLUORESCEÍNA. Un corticoide sobre una úlcera herpética dendrítica puede llevar a la perforación de la córnea, y es un error que se comete precisamente porque el corticoide alivia los síntomas al principio y el paciente refiere mejoría.	Farmacoterapia::Oftalmología y ORL
¿A qué clase farmacológica pertenece Midriáticos, ciclopléjicos y lágrimas artificiales?	Fármacos diagnósticos y de superficie ocular (Anticolinérgicos, simpaticomiméticos y lubricantes)	Farmacoterapia::Oftalmología y ORL
¿Cuál es el mecanismo de acción de Midriáticos, ciclopléjicos y lágrimas artificiales?	Los MIDRIÁTICOS actúan por dos vías distintas y conviene diferenciarlas. Los ANTICOLINÉRGICOS (tropicamida, ciclopentolato, atropina) bloquean el receptor muscarínico del esfínter del iris y del músculo ciliar: producen midriasis Y CICLOPLEJIA, es decir, parálisis de la acomodación con visión de cerca borrosa. Los SIMPATICOMIMÉTICOS (fenilefrina) estimulan el receptor alfa-1 del músculo dilatador y producen midriasis SIN cicloplejia. Esa diferencia decide cuál se usa: para explorar el fondo de ojo basta la midriasis, mientras que para medir la refracción real de un niño hace falta la cicloplejia, porque su enorme capacidad de acomodación falsea cualquier medición. Las LÁGRIMAS ARTIFICIALES no tienen mecanismo farmacológico: reponen volumen y estabilizan la película lagrimal, cuya capa lipídica externa procede de las glándulas de Meibomio, y por eso la disfunción de estas glándulas es hoy la causa más frecuente de ojo seco.	Farmacoterapia::Oftalmología y ORL
¿Cuál es la dosis de Midriáticos, ciclopléjicos y lágrimas artificiales en Dilatación pupilar para EXPLORACIÓN del fondo de ojo?	Tropicamida 1%, una gota, repetible a los 5-10 minutos — Una o dos gotas, vía oftálmica	Farmacoterapia::Oftalmología y ORL
¿A qué objetivo se ajusta la dosis de Midriáticos, ciclopléjicos y lágrimas artificiales en Dilatación pupilar para EXPLORACIÓN del fondo de ojo?	Midriasis suficiente para explorar la retina periférica	Farmacoterapia::Oftalmología y ORL
¿Cuál es la dosis de Midriáticos, ciclopléjicos y lágrimas artificiales en CICLOPLEJIA para refracción en el NIÑO?	Ciclopentolato 1%, una gota repetida a los 5 minutos, 40 minutos antes de la exploración — Dos gotas separadas 5 minutos, vía oftálmica	Farmacoterapia::Oftalmología y ORL
¿Cuál es la dosis de Midriáticos, ciclopléjicos y lágrimas artificiales en UVEÍTIS anterior: alivio del dolor y prevención de sinequias?	Ciclopentolato 1% cada 8 horas o atropina 1% cada 12-24 horas — Cada 8-24 horas según el fármaco, vía oftálmica	Farmacoterapia::Oftalmología y ORL
¿Cuál es la dosis de Midriáticos, ciclopléjicos y lágrimas artificiales en OJO SECO y disfunción de la película lagrimal?	Lágrimas artificiales sin conservante, una gota cada 2-6 horas según la intensidad; geles o pomada por la noche — Cada 2-6 horas, ajustable, vía oftálmica	Farmacoterapia::Oftalmología y ORL
¿A qué objetivo se ajusta la dosis de Midriáticos, ciclopléjicos y lágrimas artificiales en OJO SECO y disfunción de la película lagrimal?	Control sintomático con la mínima frecuencia necesaria	Farmacoterapia::Oftalmología y ORL
¿Cuál es la dosis de Midriáticos, ciclopléjicos y lágrimas artificiales en Control de la progresión de la MIOPÍA infantil?	Atropina 0,01% en colirio, una gota por la noche — Una gota nocturna, vía oftálmica	Farmacoterapia::Oftalmología y ORL
¿Cuánto dura el tratamiento con Midriáticos, ciclopléjicos y lágrimas artificiales?	Tropicamida 4-6 horas; ciclopentolato 24 horas; ATROPINA hasta 7-14 DÍAS.	Farmacoterapia::Oftalmología y ORL
¿Cómo se suspende Midriáticos, ciclopléjicos y lágrimas artificiales?	Recuperación espontánea. En el ojo seco, el tratamiento es crónico y se ajusta a los síntomas.	Farmacoterapia::Oftalmología y ORL
¿Qué hay que monitorizar durante el tratamiento con Midriáticos, ciclopléjicos y lágrimas artificiales?	Vigilar el dolor ocular tras la dilatación (posible crisis de ángulo cerrado). En el niño, vigilar los efectos anticolinérgicos sistémicos.	Farmacoterapia::Oftalmología y ORL
¿Cuál es la vida media de Midriáticos, ciclopléjicos y lágrimas artificiales?	El efecto local es lo que cuenta: de horas (tropicamida) a hasta dos semanas (atropina).	Farmacoterapia::Oftalmología y ORL
¿Requiere Midriáticos, ciclopléjicos y lágrimas artificiales ajuste en insuficiencia renal?	Sin ajuste.	Farmacoterapia::Oftalmología y ORL
Interacción crítica de Midriáticos, ciclopléjicos y lágrimas artificiales con IMAO y antidepresivos tricíclicos (fenilefrina): ¿qué ocurre y qué se hace?	Crisis hipertensiva con la fenilefrina al 10%. Manejo: Usar fenilefrina al 2,5% y evitar la concentración alta en el cardiópata y en el hipertenso	Farmacoterapia::Oftalmología y ORL
Efecto adverso grave de Midriáticos, ciclopléjicos y lágrimas artificiales: CRISIS DE GLAUCOMA AGUDO de ángulo cerrado en el ojo predispuesto — ¿en qué consiste?	CRISIS DE GLAUCOMA AGUDO de ángulo cerrado en el ojo predispuesto: ojo rojo doloroso con visión borrosa, halos, náuseas y vómitos en las horas siguientes a la dilatación	Farmacoterapia::Oftalmología y ORL
Efecto adverso grave de Midriáticos, ciclopléjicos y lágrimas artificiales: TOXICIDAD ANTICOLINÉRGICA SISTÉMICA en el NIÑO con ciclopentolato o atropina — ¿en qué consiste?	TOXICIDAD ANTICOLINÉRGICA SISTÉMICA en el NIÑO con ciclopentolato o atropina: fiebre, rubor, taquicardia, agitación, alucinaciones y alteración del comportamiento, que se confunden con un cuadro psiquiátrico o infeccioso	Farmacoterapia::Oftalmología y ORL
Efecto adverso grave de Midriáticos, ciclopléjicos y lágrimas artificiales: Crisis hipertensiva con fenilefrina al 10% — ¿en qué consiste?	Crisis hipertensiva con fenilefrina al 10%	Farmacoterapia::Oftalmología y ORL
Efecto adverso grave de Midriáticos, ciclopléjicos y lágrimas artificiales: Empeoramiento del ojo seco por el conservante en el uso frecuente de lágrimas — ¿en qué consiste?	Empeoramiento del ojo seco por el conservante en el uso frecuente de lágrimas	Farmacoterapia::Oftalmología y ORL
¿Está contraindicado Midriáticos, ciclopléjicos y lágrimas artificiales en: Cámara anterior estrecha y riesgo conocido de glaucoma de ángulo cerrado?	Sí — Cámara anterior estrecha y riesgo conocido de glaucoma de ángulo cerrado (valorar antes de dilatar)	Farmacoterapia::Oftalmología y ORL
¿Está contraindicado Midriáticos, ciclopléjicos y lágrimas artificiales en: Fenilefrina al 10% en el cardiópata, el hipertenso mal controlado y el lactante?	Sí — Fenilefrina al 10% en el cardiópata, el hipertenso mal controlado y el lactante	Farmacoterapia::Oftalmología y ORL
¿Está contraindicado Midriáticos, ciclopléjicos y lágrimas artificiales en: Precaución con el ciclopentolato y la atropina en el niño pequeño por la toxicidad anticolinérgica sistémica?	Sí — Precaución con el ciclopentolato y la atropina en el niño pequeño por la toxicidad anticolinérgica sistémica	Farmacoterapia::Oftalmología y ORL
Particularidad de Midriáticos, ciclopléjicos y lágrimas artificiales que hay que tener en cuenta:	Hay que ADVERTIR SIEMPRE de que tras la dilatación no se puede CONDUCIR ni leer durante horas. Es la queja más frecuente tras una exploración de fondo de ojo, y una frase antes de instilar evita el problema.	Farmacoterapia::Oftalmología y ORL
¿A qué clase farmacológica pertenece Hipotensores oculares tópicos (análogos de prostaglandinas, betabloqueantes, inhibidores de la anhidrasa carbónica, alfa-2 agonistas)?	Antiglaucomatoso (Colirios que reducen la presión intraocular)	Farmacoterapia::Oftalmología y ORL
¿Cuál es el mecanismo de acción de Hipotensores oculares tópicos (análogos de prostaglandinas, betabloqueantes, inhibidores de la anhidrasa carbónica, alfa-2 agonistas)?	La presión intraocular depende del equilibrio entre la PRODUCCIÓN de humor acuoso por el cuerpo ciliar y su DRENAJE por dos vías: la trabecular (convencional) y la uveoescleral. Cada familia actúa sobre un punto distinto de ese equilibrio, y por eso se combinan. Los ANÁLOGOS DE PROSTAGLANDINAS (latanoprost, bimatoprost, travoprost) aumentan el drenaje UVEOESCLERAL al remodelar la matriz extracelular del músculo ciliar; son los más eficaces y los únicos de administración nocturna única. Los BETABLOQUEANTES (timolol) reducen la PRODUCCIÓN de acuoso al bloquear los receptores beta del epitelio ciliar. Los INHIBIDORES DE LA ANHIDRASA CARBÓNICA tópicos (dorzolamida, brinzolamida) también reducen la producción, bloqueando la enzima que genera el bicarbonato que arrastra el agua. Los ALFA-2 AGONISTAS (brimonidina) hacen las dos cosas: reducen la producción y aumentan el drenaje uveoescleral. La lección práctica es que el fármaco es tópico pero el efecto puede ser SISTÉMICO: el colirio drena por la vía lagrimal a la mucosa nasal, se absorbe y evita el primer paso hepático.	Farmacoterapia::Oftalmología y ORL
¿Cuál es la dosis de Hipotensores oculares tópicos (análogos de prostaglandinas, betabloqueantes, inhibidores de la anhidrasa carbónica, alfa-2 agonistas) en GLAUCOMA CRÓNICO de ángulo abierto e hipertensión ocular?	Latanoprost 0,005%, una gota en el ojo afectado por la NOCHE — Una gota al día, por la noche, vía oftálmica	Farmacoterapia::Oftalmología y ORL
¿A qué objetivo se ajusta la dosis de Hipotensores oculares tópicos (análogos de prostaglandinas, betabloqueantes, inhibidores de la anhidrasa carbónica, alfa-2 agonistas) en GLAUCOMA CRÓNICO de ángulo abierto e hipertensión ocular?	Reducción de la presión intraocular en un 20-30% respecto a la basal, o hasta la presión diana individual definida según el daño del nervio óptico	Farmacoterapia::Oftalmología y ORL
¿Cuál es la dosis de Hipotensores oculares tópicos (análogos de prostaglandinas, betabloqueantes, inhibidores de la anhidrasa carbónica, alfa-2 agonistas) en Glaucoma que no alcanza la presión diana en monoterapia?	Timolol 0,5% una gota cada 12 horas, o combinación fija de timolol con dorzolamida o con un análogo de prostaglandinas — Cada 12 o cada 24 horas según la combinación, vía oftálmica	Farmacoterapia::Oftalmología y ORL
¿Cuál es la dosis de Hipotensores oculares tópicos (análogos de prostaglandinas, betabloqueantes, inhibidores de la anhidrasa carbónica, alfa-2 agonistas) en CRISIS DE GLAUCOMA AGUDO de ángulo cerrado?	Acetazolamida 500 mg IV, más timolol, brimonidina y pilocarpina 2% tópicas, y manitol 1-2 g/kg IV si no responde — Tratamiento combinado urgente, vía oftálmica	Farmacoterapia::Oftalmología y ORL
¿A qué objetivo se ajusta la dosis de Hipotensores oculares tópicos (análogos de prostaglandinas, betabloqueantes, inhibidores de la anhidrasa carbónica, alfa-2 agonistas) en CRISIS DE GLAUCOMA AGUDO de ángulo cerrado?	Descenso rápido de la presión intraocular por debajo de 30 mmHg y resolución del bloqueo pupilar	Farmacoterapia::Oftalmología y ORL
¿Cuál es la dosis de Hipotensores oculares tópicos (análogos de prostaglandinas, betabloqueantes, inhibidores de la anhidrasa carbónica, alfa-2 agonistas) en Glaucoma en el paciente con contraindicación de betabloqueantes?	Brimonidina 0,2% cada 12 horas o brinzolamida 1% cada 12 horas — Cada 12 horas, vía oftálmica	Farmacoterapia::Oftalmología y ORL
¿Cuánto dura el tratamiento con Hipotensores oculares tópicos (análogos de prostaglandinas, betabloqueantes, inhibidores de la anhidrasa carbónica, alfa-2 agonistas)?	INDEFINIDA, de por vida.	Farmacoterapia::Oftalmología y ORL
¿Cómo se suspende Hipotensores oculares tópicos (análogos de prostaglandinas, betabloqueantes, inhibidores de la anhidrasa carbónica, alfa-2 agonistas)?	No se retira. El glaucoma es asintomático hasta fases muy avanzadas y el daño es IRREVERSIBLE: abandonar el tratamiento no produce ningún síntoma que avise al paciente.	Farmacoterapia::Oftalmología y ORL
¿Qué hay que monitorizar durante el tratamiento con Hipotensores oculares tópicos (análogos de prostaglandinas, betabloqueantes, inhibidores de la anhidrasa carbónica, alfa-2 agonistas)?	Presión intraocular, campo visual y tomografía de coherencia óptica del nervio óptico de forma periódica. Vigilar la adherencia, que es el punto débil del tratamiento.	Farmacoterapia::Oftalmología y ORL
¿Cuál es la vida media de Hipotensores oculares tópicos (análogos de prostaglandinas, betabloqueantes, inhibidores de la anhidrasa carbónica, alfa-2 agonistas)?	El efecto hipotensor de los análogos dura más de 24 horas, lo que permite la dosis única nocturna.	Farmacoterapia::Oftalmología y ORL
¿Requiere Hipotensores oculares tópicos (análogos de prostaglandinas, betabloqueantes, inhibidores de la anhidrasa carbónica, alfa-2 agonistas) ajuste en insuficiencia renal?	Sin ajuste.	Farmacoterapia::Oftalmología y ORL
Interacción crítica de Hipotensores oculares tópicos (análogos de prostaglandinas, betabloqueantes, inhibidores de la anhidrasa carbónica, alfa-2 agonistas) con Betabloqueantes SISTÉMICOS: ¿qué ocurre y qué se hace?	Bradicardia y bloqueo aditivos con el timolol tópico. Manejo: Sumar la carga betabloqueante: el colirio cuenta como fármaco sistémico y a menudo no figura en la lista de medicación del paciente	Farmacoterapia::Oftalmología y ORL
Interacción crítica de Hipotensores oculares tópicos (análogos de prostaglandinas, betabloqueantes, inhibidores de la anhidrasa carbónica, alfa-2 agonistas) con Verapamilo, diltiazem, digoxina y amiodarona: ¿qué ocurre y qué se hace?	Bradicardia grave y bloqueo auriculoventricular. Manejo: Precaución con el timolol tópico en el paciente cardiópata	Farmacoterapia::Oftalmología y ORL
Interacción crítica de Hipotensores oculares tópicos (análogos de prostaglandinas, betabloqueantes, inhibidores de la anhidrasa carbónica, alfa-2 agonistas) con IMAO y antidepresivos tricíclicos (brimonidina): ¿qué ocurre y qué se hace?	Crisis hipertensiva. Manejo: Contraindicada la brimonidina con IMAO	Farmacoterapia::Oftalmología y ORL
Efecto adverso grave de Hipotensores oculares tópicos (análogos de prostaglandinas, betabloqueantes, inhibidores de la anhidrasa carbónica, alfa-2 agonistas): TIMOLOL tópico — ¿en qué consiste?	TIMOLOL tópico: BRONCOESPASMO grave en el asmático y en el paciente con EPOC, BRADICARDIA, bloqueo, insuficiencia cardiaca y enmascaramiento de la hipoglucemia en el diabético; ha causado muertes	Farmacoterapia::Oftalmología y ORL
Efecto adverso grave de Hipotensores oculares tópicos (análogos de prostaglandinas, betabloqueantes, inhibidores de la anhidrasa carbónica, alfa-2 agonistas): BRIMONIDINA — ¿en qué consiste?	BRIMONIDINA: APNEA, hipotensión y depresión del sistema nervioso central en el LACTANTE y el niño pequeño	Farmacoterapia::Oftalmología y ORL
Efecto adverso grave de Hipotensores oculares tópicos (análogos de prostaglandinas, betabloqueantes, inhibidores de la anhidrasa carbónica, alfa-2 agonistas): Análogos de prostaglandinas — ¿en qué consiste?	Análogos de prostaglandinas: reactivación de queratitis herpética, edema macular quístico y uveítis anterior	Farmacoterapia::Oftalmología y ORL
Efecto adverso grave de Hipotensores oculares tópicos (análogos de prostaglandinas, betabloqueantes, inhibidores de la anhidrasa carbónica, alfa-2 agonistas): Reacciones alérgicas al conservante — ¿en qué consiste?	Reacciones alérgicas al conservante (cloruro de benzalconio) con queratitis y ojo seco crónico	Farmacoterapia::Oftalmología y ORL
Efecto adverso grave de Hipotensores oculares tópicos (análogos de prostaglandinas, betabloqueantes, inhibidores de la anhidrasa carbónica, alfa-2 agonistas): Acidosis metabólica con los inhibidores de la anhidrasa carbónica — ¿en qué consiste?	Acidosis metabólica con los inhibidores de la anhidrasa carbónica	Farmacoterapia::Oftalmología y ORL
¿Está contraindicado Hipotensores oculares tópicos (análogos de prostaglandinas, betabloqueantes, inhibidores de la anhidrasa carbónica, alfa-2 agonistas) en: TIMOLOL?	Sí — TIMOLOL: ASMA, EPOC grave, bradicardia sinusal, bloqueo auriculoventricular avanzado e insuficiencia cardiaca descompensada	Farmacoterapia::Oftalmología y ORL
¿Está contraindicado Hipotensores oculares tópicos (análogos de prostaglandinas, betabloqueantes, inhibidores de la anhidrasa carbónica, alfa-2 agonistas) en: BRIMONIDINA?	Sí — BRIMONIDINA: menores de 2 años y uso de IMAO	Farmacoterapia::Oftalmología y ORL
¿Está contraindicado Hipotensores oculares tópicos (análogos de prostaglandinas, betabloqueantes, inhibidores de la anhidrasa carbónica, alfa-2 agonistas) en: Análogos de prostaglandinas?	Sí — Análogos de prostaglandinas: precaución en la uveítis activa y en el antecedente de herpes ocular	Farmacoterapia::Oftalmología y ORL
¿Está contraindicado Hipotensores oculares tópicos (análogos de prostaglandinas, betabloqueantes, inhibidores de la anhidrasa carbónica, alfa-2 agonistas) en: Alergia a las sulfamidas para los inhibidores de la anhidrasa carbónica?	Sí — Alergia a las sulfamidas para los inhibidores de la anhidrasa carbónica	Farmacoterapia::Oftalmología y ORL
Particularidad de Hipotensores oculares tópicos (análogos de prostaglandinas, betabloqueantes, inhibidores de la anhidrasa carbónica, alfa-2 agonistas) que hay que tener en cuenta:	Un COLIRIO ES UN FÁRMACO SISTÉMICO. El timolol tópico ha provocado broncoespasmos mortales en asmáticos y bradicardias sintomáticas en cardiópatas, porque se absorbe por la mucosa nasal evitando el primer paso hepático. Y casi nunca aparece en la lista de medicación que el paciente refiere: hay que preguntar expresamente por colirios.	Farmacoterapia::Oftalmología y ORL
¿A qué clase farmacológica pertenece Anti-VEGF intravítreos (ranibizumab, aflibercept, bevacizumab)?	Antiangiogénico (Inhibidores del factor de crecimiento del endotelio vascular de administración intravítrea)	Farmacoterapia::Oftalmología y ORL
¿Cuál es el mecanismo de acción de Anti-VEGF intravítreos (ranibizumab, aflibercept, bevacizumab)?	Neutralizan el FACTOR DE CRECIMIENTO DEL ENDOTELIO VASCULAR (VEGF), la citocina que en la retina isquémica induce la formación de vasos NUEVOS, anómalos y con una pared incompetente que deja escapar líquido y sangre. Ese proceso es el mecanismo común de las tres grandes causas de ceguera en países desarrollados: la degeneración macular asociada a la edad exudativa, el edema macular diabético y el edema por oclusión venosa retiniana. Al bloquear el VEGF se secan los neovasos, se reabsorbe el líquido subretiniano e intrarretiniano y se estabiliza o mejora la visión. Se administran por INYECCIÓN INTRAVÍTREA para alcanzar concentraciones altas en la retina evitando la exposición sistémica, aunque una pequeña fracción pasa a la circulación y reduce el VEGF plasmático, lo que sustenta la preocupación teórica por los eventos tromboembólicos.	Farmacoterapia::Oftalmología y ORL
¿Cuál es la dosis de Anti-VEGF intravítreos (ranibizumab, aflibercept, bevacizumab) en DEGENERACIÓN MACULAR asociada a la edad, forma EXUDATIVA (húmeda)?	Ranibizumab 0,5 mg o aflibercept 2 mg intravítreos: 3 dosis mensuales de carga y después según pauta de tratar y extender — Mensual de carga y después intervalos crecientes, vía intravítrea	Farmacoterapia::Oftalmología y ORL
¿A qué objetivo se ajusta la dosis de Anti-VEGF intravítreos (ranibizumab, aflibercept, bevacizumab) en DEGENERACIÓN MACULAR asociada a la edad, forma EXUDATIVA (húmeda)?	Retina seca en la tomografía de coherencia óptica, sin líquido intrarretiniano ni subretiniano	Farmacoterapia::Oftalmología y ORL
¿Cuál es la dosis de Anti-VEGF intravítreos (ranibizumab, aflibercept, bevacizumab) en EDEMA MACULAR DIABÉTICO?	Aflibercept 2 mg o ranibizumab 0,5 mg mensuales de carga y después según respuesta — Mensual y después individualizada, vía intravítrea	Farmacoterapia::Oftalmología y ORL
¿Cuál es la dosis de Anti-VEGF intravítreos (ranibizumab, aflibercept, bevacizumab) en Edema macular por OCLUSIÓN VENOSA retiniana?	Ranibizumab 0,5 mg o aflibercept 2 mg mensuales — Mensual hasta estabilización, vía intravítrea	Farmacoterapia::Oftalmología y ORL
¿Cuál es la dosis de Anti-VEGF intravítreos (ranibizumab, aflibercept, bevacizumab) en Retinopatía diabética proliferativa y neovascularización del iris?	Aflibercept 2 mg intravítreo — Según protocolo, vía intravítrea	Farmacoterapia::Oftalmología y ORL
¿Cuál es la dosis de Anti-VEGF intravítreos (ranibizumab, aflibercept, bevacizumab) en Retinopatía del PREMATURO?	Bevacizumab 0,25-0,625 mg o ranibizumab 0,2 mg intravítreos — Dosis única, repetible, vía intravítrea	Farmacoterapia::Oftalmología y ORL
¿Cuánto dura el tratamiento con Anti-VEGF intravítreos (ranibizumab, aflibercept, bevacizumab)?	AÑOS, a menudo indefinida. Es un tratamiento crónico con una carga asistencial y personal enorme para el paciente.	Farmacoterapia::Oftalmología y ORL
¿Cómo se suspende Anti-VEGF intravítreos (ranibizumab, aflibercept, bevacizumab)?	Se espacian las inyecciones mientras la retina permanezca seca. La reactivación es frecuente y obliga a un seguimiento indefinido.	Farmacoterapia::Oftalmología y ORL
¿Qué hay que monitorizar durante el tratamiento con Anti-VEGF intravítreos (ranibizumab, aflibercept, bevacizumab)?	Agudeza visual y tomografía de coherencia óptica en cada visita. Tras la inyección: presión intraocular y advertencia de los signos de alarma.	Farmacoterapia::Oftalmología y ORL
¿Cuál es la vida media de Anti-VEGF intravítreos (ranibizumab, aflibercept, bevacizumab)?	Vítrea de 5-10 días; el aflibercept tiene mayor afinidad y duración, lo que permite intervalos más largos.	Farmacoterapia::Oftalmología y ORL
¿Requiere Anti-VEGF intravítreos (ranibizumab, aflibercept, bevacizumab) ajuste en insuficiencia renal?	No requiere ajuste.	Farmacoterapia::Oftalmología y ORL
Efecto adverso grave de Anti-VEGF intravítreos (ranibizumab, aflibercept, bevacizumab): ENDOFTALMITIS infecciosa — ¿en qué consiste?	ENDOFTALMITIS infecciosa: complicación más temida (en torno a 1 de cada 2000-5000 inyecciones), con dolor intenso, pérdida de visión y ojo rojo en los 3-7 días siguientes; puede dejar ceguera si no se trata en horas	Farmacoterapia::Oftalmología y ORL
Efecto adverso grave de Anti-VEGF intravítreos (ranibizumab, aflibercept, bevacizumab): Desprendimiento de retina y desgarro del epitelio pigmentario — ¿en qué consiste?	Desprendimiento de retina y desgarro del epitelio pigmentario	Farmacoterapia::Oftalmología y ORL
Efecto adverso grave de Anti-VEGF intravítreos (ranibizumab, aflibercept, bevacizumab): Hemorragia vítrea — ¿en qué consiste?	Hemorragia vítrea	Farmacoterapia::Oftalmología y ORL
Efecto adverso grave de Anti-VEGF intravítreos (ranibizumab, aflibercept, bevacizumab): Uveítis y pseudoendoftalmitis inflamatoria estéril — ¿en qué consiste?	Uveítis y pseudoendoftalmitis inflamatoria estéril	Farmacoterapia::Oftalmología y ORL
Efecto adverso grave de Anti-VEGF intravítreos (ranibizumab, aflibercept, bevacizumab): Catarata traumática — ¿en qué consiste?	Catarata traumática	Farmacoterapia::Oftalmología y ORL
Efecto adverso grave de Anti-VEGF intravítreos (ranibizumab, aflibercept, bevacizumab): Eventos tromboembólicos arteriales sistémicos — ¿en qué consiste?	Eventos tromboembólicos arteriales sistémicos (riesgo pequeño y discutido)	Farmacoterapia::Oftalmología y ORL
¿Está contraindicado Anti-VEGF intravítreos (ranibizumab, aflibercept, bevacizumab) en: Infección ocular o periocular ACTIVA?	Sí — Infección ocular o periocular ACTIVA (blefaritis, conjuntivitis, dacriocistitis): hay que tratarla antes	Farmacoterapia::Oftalmología y ORL
¿Está contraindicado Anti-VEGF intravítreos (ranibizumab, aflibercept, bevacizumab) en: Endoftalmitis previa reciente?	Sí — Endoftalmitis previa reciente	Farmacoterapia::Oftalmología y ORL
¿Está contraindicado Anti-VEGF intravítreos (ranibizumab, aflibercept, bevacizumab) en: Glaucoma no controlado?	Sí — Glaucoma no controlado	Farmacoterapia::Oftalmología y ORL
¿Está contraindicado Anti-VEGF intravítreos (ranibizumab, aflibercept, bevacizumab) en: Ictus o infarto reciente?	Sí — Ictus o infarto reciente (valoración individualizada)	Farmacoterapia::Oftalmología y ORL
¿Está contraindicado Anti-VEGF intravítreos (ranibizumab, aflibercept, bevacizumab) en: EMBARAZO?	Sí — EMBARAZO	Farmacoterapia::Oftalmología y ORL
Particularidad de Anti-VEGF intravítreos (ranibizumab, aflibercept, bevacizumab) que hay que tener en cuenta:	La instrucción que hay que dar SIEMPRE al alta, y que puede salvar un ojo: si en los días siguientes a la inyección aparece DOLOR intenso, ENROJECIMIENTO creciente o PÉRDIDA DE VISIÓN, hay que acudir de urgencia el mismo día. Es la presentación de la endoftalmitis, y su pronóstico depende de horas.	Farmacoterapia::Oftalmología y ORL
