¿A qué clase farmacológica pertenece Isotretinoína oral?	Retinoide (Retinoide sistémico de primera generación)	Farmacoterapia::Dermatología
¿Cuál es el mecanismo de acción de Isotretinoína oral?	Es el único fármaco que actúa sobre los CUATRO mecanismos del acné a la vez, y de ahí que sea el único capaz de producir remisiones prolongadas. Reduce drásticamente el tamaño y la actividad de la GLÁNDULA SEBÁCEA, hasta inducir su apoptosis, con lo que la producción de sebo cae más de un 90%; normaliza la QUERATINIZACIÓN del infundíbulo folicular y deshace el comedón; al desaparecer el sebo desaparece el sustrato de Cutibacterium acnes, que se reduce de forma secundaria; y tiene además efecto antiinflamatorio directo. Actúa uniéndose a los receptores nucleares del ácido retinoico, que regulan la transcripción de genes de diferenciación epitelial. Esa misma acción sobre la diferenciación celular es la que lo convierte en un TERATÓGENO extraordinariamente potente, porque el ácido retinoico es una molécula señalizadora esencial en la morfogénesis embrionaria.	Farmacoterapia::Dermatología
¿Cuál es la dosis de Isotretinoína oral en ACNÉ NODULOQUÍSTICO grave o con cicatrices?	0,5 mg/kg/día el primer mes y después 0,5-1 mg/kg/día, hasta una dosis ACUMULADA total de 120-150 mg/kg — Una o dos tomas al día CON COMIDA GRASA, vía VO	Farmacoterapia::Dermatología
¿A qué objetivo se ajusta la dosis de Isotretinoína oral en ACNÉ NODULOQUÍSTICO grave o con cicatrices?	Dosis acumulada total de 120-150 mg/kg, que es lo que determina la duración de la remisión	Farmacoterapia::Dermatología
¿Cuál es la dosis de Isotretinoína oral en Acné moderado resistente al tratamiento convencional o con gran repercusión psicológica?	0,3-0,5 mg/kg/día — Una toma diaria con comida, vía VO	Farmacoterapia::Dermatología
¿Cuál es la dosis de Isotretinoína oral en ROSÁCEA grave, rosácea fimatosa y foliculitis por gramnegativos?	0,25-0,5 mg/kg/día — Una toma diaria, vía VO	Farmacoterapia::Dermatología
¿Cuál es la dosis de Isotretinoína oral en Hidradenitis supurativa y otros trastornos de la queratinización?	0,5-1 mg/kg/día — Una o dos tomas diarias, vía VO	Farmacoterapia::Dermatología
¿Cuánto dura el tratamiento con Isotretinoína oral?	Habitualmente 5-8 meses, guiada por la dosis ACUMULADA de 120-150 mg/kg y no por el calendario.	Farmacoterapia::Dermatología
¿Cómo se suspende Isotretinoína oral?	Al alcanzar la dosis acumulada. La mejoría CONTINÚA durante los meses siguientes a suspenderlo, algo que hay que explicar para evitar retratamientos prematuros.	Farmacoterapia::Dermatología
¿Qué hay que monitorizar durante el tratamiento con Isotretinoína oral?	Prueba de EMBARAZO MENSUAL en la mujer fértil; transaminasas y perfil lipídico al mes y después periódicos; vigilancia activa del estado de ánimo.	Farmacoterapia::Dermatología
¿Cuál es la vida media de Isotretinoína oral?	10-20 horas (metabolito hasta 30 horas), lo que justifica el mes de anticoncepción posterior.	Farmacoterapia::Dermatología
¿Requiere Isotretinoína oral ajuste en insuficiencia renal?	Reducir la dosis en la insuficiencia renal grave.	Farmacoterapia::Dermatología
Interacción crítica de Isotretinoína oral con TETRACICLINAS (doxiciclina, minociclina): ¿qué ocurre y qué se hace?	HIPERTENSIÓN INTRACRANEAL BENIGNA (pseudotumor cerebri), con cefalea, papiledema y riesgo de pérdida visual. Manejo: CONTRAINDICADA la combinación. Es un error frecuente porque ambos se usan para el acné y se solapan al cambiar de tratamiento	Farmacoterapia::Dermatología
Interacción crítica de Isotretinoína oral con VITAMINA A y suplementos que la contengan: ¿qué ocurre y qué se hace?	Hipervitaminosis A aditiva. Manejo: Evitar suplementos vitamínicos durante el tratamiento	Farmacoterapia::Dermatología
Interacción crítica de Isotretinoína oral con Anticonceptivos de solo progestágeno (minipíldora): ¿qué ocurre y qué se hace?	Se consideran insuficientes en el programa de prevención de embarazos. Manejo: Exigir dos métodos, con preferencia por métodos de larga duración o combinados	Farmacoterapia::Dermatología
Efecto adverso grave de Isotretinoína oral: TERATOGENIA extraordinariamente grave — ¿en qué consiste?	TERATOGENIA extraordinariamente grave: malformaciones craneofaciales, cardiacas (troncoconales), tímicas y del sistema nervioso central, y aborto. El riesgo es de alrededor del 30% en el embarazo expuesto	Farmacoterapia::Dermatología
Efecto adverso grave de Isotretinoína oral: HIPERTENSIÓN INTRACRANEAL BENIGNA, sobre todo asociada a tetraciclinas — ¿en qué consiste?	HIPERTENSIÓN INTRACRANEAL BENIGNA, sobre todo asociada a tetraciclinas	Farmacoterapia::Dermatología
Efecto adverso grave de Isotretinoína oral: Hipertrigliceridemia grave con riesgo de pancreatitis — ¿en qué consiste?	Hipertrigliceridemia grave con riesgo de pancreatitis	Farmacoterapia::Dermatología
Efecto adverso grave de Isotretinoína oral: Hepatitis — ¿en qué consiste?	Hepatitis	Farmacoterapia::Dermatología
Efecto adverso grave de Isotretinoína oral: Alteraciones del estado de ánimo y depresión — ¿en qué consiste?	Alteraciones del estado de ánimo y depresión (asociación debatida, pero que obliga a vigilancia activa)	Farmacoterapia::Dermatología
Efecto adverso grave de Isotretinoína oral: Hiperostosis y cierre epifisario precoz con tratamientos muy prolongados — ¿en qué consiste?	Hiperostosis y cierre epifisario precoz con tratamientos muy prolongados	Farmacoterapia::Dermatología
Efecto adverso grave de Isotretinoína oral: Queratitis y disminución de la visión nocturna — ¿en qué consiste?	Queratitis y disminución de la visión nocturna	Farmacoterapia::Dermatología
Efecto adverso grave de Isotretinoína oral: Enfermedad inflamatoria intestinal — ¿en qué consiste?	Enfermedad inflamatoria intestinal (asociación descrita y no confirmada)	Farmacoterapia::Dermatología
¿Está contraindicado Isotretinoína oral en: EMBARAZO y mujer en edad fértil sin cumplir el programa de prevención de embarazos?	Sí — EMBARAZO y mujer en edad fértil sin cumplir el programa de prevención de embarazos	Farmacoterapia::Dermatología
¿Está contraindicado Isotretinoína oral en: Lactancia?	Sí — Lactancia	Farmacoterapia::Dermatología
¿Está contraindicado Isotretinoína oral en: Uso concomitante de TETRACICLINAS?	Sí — Uso concomitante de TETRACICLINAS	Farmacoterapia::Dermatología
¿Está contraindicado Isotretinoína oral en: Hipertrigliceridemia grave e hipervitaminosis A?	Sí — Hipertrigliceridemia grave e hipervitaminosis A	Farmacoterapia::Dermatología
¿Está contraindicado Isotretinoína oral en: Insuficiencia hepática?	Sí — Insuficiencia hepática	Farmacoterapia::Dermatología
¿Está contraindicado Isotretinoína oral en: DONACIÓN DE SANGRE durante el tratamiento y en el mes posterior?	Sí — DONACIÓN DE SANGRE durante el tratamiento y en el mes posterior	Farmacoterapia::Dermatología
Particularidad de Isotretinoína oral que hay que tener en cuenta:	Es el fármaco teratógeno por excelencia y toda su prescripción gira alrededor de eso: dos pruebas de embarazo negativas, DOS métodos anticonceptivos desde un mes antes hasta un mes después, prueba mensual y receta de validez limitada. El programa de prevención de embarazos no es burocracia, es la razón por la que este fármaco sigue disponible.	Farmacoterapia::Dermatología
¿A qué clase farmacológica pertenece Retinoides tópicos y peróxido de benzoilo?	Antiacneico tópico (Retinoides tópicos, agente oxidante y antibióticos tópicos)	Farmacoterapia::Dermatología
¿Cuál es el mecanismo de acción de Retinoides tópicos y peróxido de benzoilo?	Los RETINOIDES TÓPICOS (tretinoína, adapaleno, tazaroteno) normalizan la queratinización del infundíbulo folicular, deshacen el MICROCOMEDÓN (que es la lesión primaria de la que nacen todas las demás) e impiden que se formen nuevos; tienen además efecto antiinflamatorio y estimulan la síntesis de colágeno dérmico, de donde procede su segundo uso como despigmentantes y antienvejecimiento. El PERÓXIDO DE BENZOILO libera radicales libres de oxígeno que matan a Cutibacterium acnes por un mecanismo oxidativo INESPECÍFICO, contra el que la bacteria NO puede desarrollar resistencia: esa es su gran virtud y la razón por la que se asocia siempre a los antibióticos tópicos, a los que protege de la aparición de resistencias. Los ANTIBIÓTICOS TÓPICOS (clindamicina, eritromicina) reducen la población bacteriana y la inflamación, pero NUNCA deben usarse solos, porque seleccionan resistencias con rapidez.	Farmacoterapia::Dermatología
¿Cuál es el espectro de Retinoides tópicos y peróxido de benzoilo?	Cutibacterium acnes (peróxido de benzoilo y antibióticos tópicos).	Farmacoterapia::Dermatología
¿Cuál es la dosis de Retinoides tópicos y peróxido de benzoilo en ACNÉ COMEDONIANO (puntos negros y blancos)?	Adapaleno 0,1% en gel, una aplicación por la NOCHE en toda la zona afectada — Una aplicación nocturna, vía tópica	Farmacoterapia::Dermatología
¿Cuál es la dosis de Retinoides tópicos y peróxido de benzoilo en Acné inflamatorio leve-moderado?	Combinación fija de adapaleno 0,1% con peróxido de benzoilo 2,5%, una aplicación nocturna — Una aplicación nocturna, vía tópica	Farmacoterapia::Dermatología
¿Cuál es la dosis de Retinoides tópicos y peróxido de benzoilo en Acné inflamatorio moderado con pápulas y pústulas?	Clindamicina 1% con peróxido de benzoilo 5% en combinación fija, una o dos aplicaciones al día, y doxiciclina 100 mg al día si es extenso — Una o dos aplicaciones diarias, vía tópica	Farmacoterapia::Dermatología
¿Cuál es la dosis de Retinoides tópicos y peróxido de benzoilo en MANTENIMIENTO tras la remisión del acné?	Adapaleno 0,1% en gel, una aplicación por la noche a días alternos o diaria — Diaria o a días alternos, de forma indefinida, vía tópica	Farmacoterapia::Dermatología
¿Cuál es la dosis de Retinoides tópicos y peróxido de benzoilo en Fotoenvejecimiento e hiperpigmentación?	Tretinoína 0,025-0,05% en crema por la noche — Una aplicación nocturna, vía tópica	Farmacoterapia::Dermatología
¿Cuánto dura el tratamiento con Retinoides tópicos y peróxido de benzoilo?	El tratamiento activo dura 3-4 meses; el MANTENIMIENTO con retinoide es INDEFINIDO mientras persista la tendencia acneica.	Farmacoterapia::Dermatología
¿Cómo se suspende Retinoides tópicos y peróxido de benzoilo?	El antibiótico oral se retira a los 3-4 meses; el retinoide tópico se mantiene.	Farmacoterapia::Dermatología
¿Qué hay que monitorizar durante el tratamiento con Retinoides tópicos y peróxido de benzoilo?	Clínica. Advertir de la irritación inicial, del brote paradójico de las primeras semanas y de la necesidad de fotoprotección.	Farmacoterapia::Dermatología
¿Cuál es la vida media de Retinoides tópicos y peróxido de benzoilo?	No aplicable clínicamente.	Farmacoterapia::Dermatología
¿Requiere Retinoides tópicos y peróxido de benzoilo ajuste en insuficiencia renal?	Sin ajuste.	Farmacoterapia::Dermatología
Interacción crítica de Retinoides tópicos y peróxido de benzoilo con Antibiótico tópico SIN peróxido de benzoilo: ¿qué ocurre y qué se hace?	Selección rápida de RESISTENCIAS de C. acnes. Manejo: NUNCA usar un antibiótico tópico en monoterapia: siempre asociado a peróxido de benzoilo, que previene la resistencia	Farmacoterapia::Dermatología
Efecto adverso grave de Retinoides tópicos y peróxido de benzoilo: Dermatitis de contacto irritativa intensa — ¿en qué consiste?	Dermatitis de contacto irritativa intensa	Farmacoterapia::Dermatología
Efecto adverso grave de Retinoides tópicos y peróxido de benzoilo: Dermatitis alérgica de contacto al peróxido de benzoilo — ¿en qué consiste?	Dermatitis alérgica de contacto al peróxido de benzoilo (infrecuente)	Farmacoterapia::Dermatología
Efecto adverso grave de Retinoides tópicos y peróxido de benzoilo: Resistencia antibiótica de C. acnes con el uso de antibióticos tópicos en monoterapia — ¿en qué consiste?	Resistencia antibiótica de C. acnes con el uso de antibióticos tópicos en monoterapia	Farmacoterapia::Dermatología
Efecto adverso grave de Retinoides tópicos y peróxido de benzoilo: Hiperpigmentación postinflamatoria en fototipos altos si la irritación es intensa — ¿en qué consiste?	Hiperpigmentación postinflamatoria en fototipos altos si la irritación es intensa	Farmacoterapia::Dermatología
¿Está contraindicado Retinoides tópicos y peróxido de benzoilo en: EMBARAZO para el TAZAROTENO?	Sí — EMBARAZO para el TAZAROTENO (categoría de riesgo alto); la tretinoína y el adapaleno tópicos se evitan por precaución pese a su absorción mínima	Farmacoterapia::Dermatología
¿Está contraindicado Retinoides tópicos y peróxido de benzoilo en: Piel erosionada, eccematosa o quemada por el sol?	Sí — Piel erosionada, eccematosa o quemada por el sol	Farmacoterapia::Dermatología
¿Está contraindicado Retinoides tópicos y peróxido de benzoilo en: Hipersensibilidad conocida?	Sí — Hipersensibilidad conocida	Farmacoterapia::Dermatología
Particularidad de Retinoides tópicos y peróxido de benzoilo que hay que tener en cuenta:	El RETINOIDE TÓPICO es la base de todo tratamiento del acné, sea cual sea su gravedad, porque es lo único que actúa sobre el MICROCOMEDÓN, que es la lesión de la que nacen tanto los comedones como las pápulas. Tratar solo lo visible con antibiótico es tratar el síntoma.	Farmacoterapia::Dermatología
¿A qué clase farmacológica pertenece Terbinafina?	Antifúngico dermatológico (Alilamina inhibidora de la escualeno epoxidasa)	Farmacoterapia::Dermatología
¿Cuál es el mecanismo de acción de Terbinafina?	Inhibe la ESCUALENO EPOXIDASA, una enzima que actúa en un punto de la síntesis del ergosterol ANTERIOR al que bloquean los azoles y que, a diferencia de aquellos, NO pertenece al citocromo P450. De ahí derivan sus dos rasgos distintivos. El primero es la potencia: el bloqueo produce a la vez déficit de ergosterol y acumulación intracelular de ESCUALENO, que es tóxico para la membrana del hongo, y esa doble acción la hace FUNGICIDA frente a los dermatofitos, mientras que los azoles solo son fungistáticos. El segundo es la seguridad de interacciones: al no depender del CYP3A4, no arrastra la maraña de interacciones del itraconazol, aunque sí inhibe con fuerza el CYP2D6. Su altísima lipofilia hace que se concentre y persista en el estrato córneo, el sebo, el pelo y la lámina ungueal durante meses después de terminar el tratamiento.	Farmacoterapia::Dermatología
¿Qué distingue a Terbinafina de los demás fármacos de su clase (Antifúngico dermatológico)?	<b>Alilamina FUNGICIDA</b>: de elección por VO en la <b>onicomicosis por dermatofitos</b> y en tiñas extensas.	Farmacoterapia::Dermatología
¿Cuál es el espectro de Terbinafina?	DERMATOFITOS (Trichophyton, Microsporum, Epidermophyton): es fungicida y de elección. Actividad limitada frente a Candida (fungistática) y escasa frente a Malassezia, por lo que NO es el tratamiento de la pitiriasis versicolor ni de la candidiasis mucosa.	Farmacoterapia::Dermatología
¿Cuál es la dosis de Terbinafina en ONICOMICOSIS por dermatofitos?	250 mg al día — Una toma diaria, vía VO	Farmacoterapia::Dermatología
¿Cuál es la dosis de Terbinafina en Tinea capitis (tiña del cuero cabelludo)?	250 mg al día en el adulto; 62,5-250 mg al día en el niño según peso — Una toma diaria, vía VO	Farmacoterapia::Dermatología
¿Cuál es la dosis de Terbinafina en Tinea corporis, cruris y pedis extensas o resistentes al tratamiento tópico?	250 mg al día durante 2-4 semanas — Una toma diaria, vía VO	Farmacoterapia::Dermatología
¿Cuál es la dosis de Terbinafina en Tinea corporis, cruris y pedis localizadas?	Crema al 1%, una o dos aplicaciones al día durante 1-2 semanas (2-4 semanas en el pie) — Una o dos aplicaciones diarias, vía tópica	Farmacoterapia::Dermatología
¿Cuál es la dosis de Terbinafina en Granuloma de Majocchi y tinea barbae (afectación folicular)?	250 mg al día durante 4-6 semanas — Una toma diaria, vía VO	Farmacoterapia::Dermatología
¿Cuánto dura el tratamiento con Terbinafina?	2-4 semanas en la piel; 4-8 semanas en el cuero cabelludo; 6 semanas en las uñas de las manos y 12 semanas en las de los pies.	Farmacoterapia::Dermatología
¿Cómo se suspende Terbinafina?	Se termina el ciclo y se ESPERA. La uña seguirá con mal aspecto durante meses porque lo que se ve es lámina ya crecida y enferma: la curación se juzga por la uña NUEVA que emerge desde la matriz, no por la que ya estaba.	Farmacoterapia::Dermatología
¿Qué hay que monitorizar durante el tratamiento con Terbinafina?	Transaminasas basales y a las 4-6 semanas en el tratamiento oral prolongado. Vigilar exantema, alteraciones del gusto e ictericia.	Farmacoterapia::Dermatología
¿Cuál es la vida media de Terbinafina?	Plasmática de 17 horas, pero la terminal desde el tejido queratinizado es de semanas.	Farmacoterapia::Dermatología
¿Requiere Terbinafina ajuste en insuficiencia renal?	No recomendada con filtrado menor de 50 mL/min por falta de datos.	Farmacoterapia::Dermatología
Interacción crítica de Terbinafina con Sustratos del CYP2D6: antidepresivos tricíclicos, ISRS, betabloqueantes (metoprolol), antiarrítmicos, TAMOXIFENO, codeína y tramadol: ¿qué ocurre y qué se hace?	La terbinafina es un INHIBIDOR POTENTE del CYP2D6 y eleva sus concentraciones; en el caso de la codeína y el tramadol, en cambio, BLOQUEA su activación y les hace perder eficacia analgésica. Manejo: Es su interacción característica y la que se olvida por creerla un fármaco sin interacciones. Revisar la medicación del paciente antes de un ciclo de 3 meses	Farmacoterapia::Dermatología
Efecto adverso grave de Terbinafina: HEPATOTOXICIDAD, incluida la insuficiencia hepática aguda — ¿en qué consiste?	HEPATOTOXICIDAD, incluida la insuficiencia hepática aguda (rara pero descrita, y motivo de la determinación basal de transaminasas)	Farmacoterapia::Dermatología
Efecto adverso grave de Terbinafina: Reacciones cutáneas graves — ¿en qué consiste?	Reacciones cutáneas graves: Stevens-Johnson, necrólisis epidérmica tóxica, DRESS y pustulosis exantemática aguda generalizada	Farmacoterapia::Dermatología
Efecto adverso grave de Terbinafina: Inducción o exacerbación de LUPUS cutáneo y sistémico — ¿en qué consiste?	Inducción o exacerbación de LUPUS cutáneo y sistémico	Farmacoterapia::Dermatología
Efecto adverso grave de Terbinafina: Neutropenia y agranulocitosis — ¿en qué consiste?	Neutropenia y agranulocitosis (raras)	Farmacoterapia::Dermatología
Efecto adverso grave de Terbinafina: Agravamiento de la psoriasis — ¿en qué consiste?	Agravamiento de la psoriasis	Farmacoterapia::Dermatología
¿Está contraindicado Terbinafina en: Hepatopatía crónica o activa?	Sí — Hepatopatía crónica o activa	Farmacoterapia::Dermatología
¿Está contraindicado Terbinafina en: Insuficiencia renal con filtrado menor de 50 mL/min?	Sí — Insuficiencia renal con filtrado menor de 50 mL/min (falta de datos)	Farmacoterapia::Dermatología
¿Está contraindicado Terbinafina en: Antecedente de lupus?	Sí — Antecedente de lupus	Farmacoterapia::Dermatología
¿Está contraindicado Terbinafina en: Hipersensibilidad conocida?	Sí — Hipersensibilidad conocida	Farmacoterapia::Dermatología
¿Está contraindicado Terbinafina en: Embarazo, salvo indicación clara?	Sí — Embarazo, salvo indicación clara: la onicomicosis siempre puede esperar	Farmacoterapia::Dermatología
Particularidad de Terbinafina que hay que tener en cuenta:	El principio que ordena el tratamiento de las tiñas: PELO y UÑA, tratamiento ORAL; piel lampiña, tratamiento TÓPICO. El motivo es farmacocinético y no admite excepciones de comodidad: el antifúngico tópico no penetra en el folículo ni en la lámina ungueal, y tratar una tiña del cuero cabelludo con crema es garantizar el fracaso.	Farmacoterapia::Dermatología
¿A qué clase farmacológica pertenece Corticoides tópicos?	Antiinflamatorio (Glucocorticoides de aplicación cutánea, clasificados por potencia)	Farmacoterapia::Dermatología
¿Cuál es el mecanismo de acción de Corticoides tópicos?	Se unen al receptor citosólico de glucocorticoides y modifican la transcripción génica en el queratinocito, el fibroblasto y las células inflamatorias de la piel. El efecto tiene cuatro componentes: ANTIINFLAMATORIO (inhibición de la fosfolipasa A2 y de la síntesis de citocinas y eicosanoides), INMUNOSUPRESOR local (inhibición de las células de Langerhans y del linfocito T), ANTIPROLIFERATIVO sobre el queratinocito y el fibroblasto, y VASOCONSTRICTOR, que es precisamente el efecto que se usa para clasificar su potencia en el ensayo de McKenzie. Los tres primeros explican su eficacia y el tercero explica su toxicidad: la atrofia cutánea, las estrías y la telangiectasia no son un efecto secundario caprichoso sino la misma acción antiproliferativa que se busca, aplicada demasiado tiempo.	Farmacoterapia::Dermatología
¿Cuál es la dosis de Corticoides tópicos en DERMATITIS ATÓPICA, brote agudo?	Potencia BAJA (hidrocortisona 1-2,5%) en cara y pliegues; potencia MEDIA (betametasona valerato 0,1%) o ALTA en tronco y extremidades, una aplicación al día durante 7-14 días — Una aplicación diaria hasta controlar el brote, vía tópica	Farmacoterapia::Dermatología
¿Cuál es la dosis de Corticoides tópicos en PSORIASIS en placas?	Potencia ALTA o MUY ALTA (clobetasol propionato 0,05%), habitualmente en combinación con calcipotriol, una aplicación al día — Una aplicación diaria durante 2-4 semanas, vía tópica	Farmacoterapia::Dermatología
¿Cuál es la dosis de Corticoides tópicos en Eccema de contacto y dishidrótico?	Potencia según localización: hidrocortisona 1% en cara y pliegues, betametasona valerato 0,1% en tronco y extremidades, una o dos aplicaciones al día durante 1-2 semanas — Una o dos aplicaciones diarias, vía tópica	Farmacoterapia::Dermatología
¿Cuál es la dosis de Corticoides tópicos en Mantenimiento PROACTIVO de la dermatitis atópica moderada-grave?	Betametasona valerato 0,1% o fluticasona propionato 0,05%, 2 días por semana sobre las zonas que suelen brotar, manteniendo el emoliente a diario — Dos aplicaciones semanales, vía tópica	Farmacoterapia::Dermatología
¿Cuál es la dosis de Corticoides tópicos en Liquen escleroso vulvar?	Clobetasol 0,05% una vez al día durante 4-12 semanas, con descenso posterior — Diaria y luego intermitente, vía tópica	Farmacoterapia::Dermatología
¿Cuánto dura el tratamiento con Corticoides tópicos?	Cursos CORTOS de 1-2 semanas en la mayoría de los casos; en la cara y los pliegues, no más de 5-7 días con potencias medias.	Farmacoterapia::Dermatología
¿Cómo se suspende Corticoides tópicos?	Retirada progresiva (espaciando a días alternos y luego dos veces por semana) en los tratamientos prolongados o de alta potencia, para evitar el efecto REBOTE y la dermatitis por retirada.	Farmacoterapia::Dermatología
¿Qué hay que monitorizar durante el tratamiento con Corticoides tópicos?	Inspección de la piel tratada buscando atrofia, estrías y telangiectasias. En tratamientos extensos y prolongados, sobre todo en el niño, vigilar signos de absorción sistémica.	Farmacoterapia::Dermatología
¿Cuál es la vida media de Corticoides tópicos?	Variable; el efecto cutáneo persiste mucho más que las concentraciones plasmáticas.	Farmacoterapia::Dermatología
¿Requiere Corticoides tópicos ajuste en insuficiencia renal?	No aplicable en el uso tópico habitual.	Farmacoterapia::Dermatología
Efecto adverso grave de Corticoides tópicos: DERMATITIS PERIORAL y ROSÁCEA esteroidea por uso facial prolongado — ¿en qué consiste?	DERMATITIS PERIORAL y ROSÁCEA esteroidea por uso facial prolongado	Farmacoterapia::Dermatología
Efecto adverso grave de Corticoides tópicos: GLAUCOMA y CATARATA subcapsular por aplicación periocular mantenida — ¿en qué consiste?	GLAUCOMA y CATARATA subcapsular por aplicación periocular mantenida	Farmacoterapia::Dermatología
Efecto adverso grave de Corticoides tópicos: SUPRESIÓN DEL EJE hipotálamo-hipófiso-suprarrenal y síndrome de Cushing yatrógeno con tratamientos extensos, prolongados u ocluidos, especialmente en el LACTANTE por su mayor relación superficie/peso — ¿en qué consiste?	SUPRESIÓN DEL EJE hipotálamo-hipófiso-suprarrenal y síndrome de Cushing yatrógeno con tratamientos extensos, prolongados u ocluidos, especialmente en el LACTANTE por su mayor relación superficie/peso	Farmacoterapia::Dermatología
Efecto adverso grave de Corticoides tópicos: TAQUIFILAXIA y efecto REBOTE al retirarlo bruscamente — ¿en qué consiste?	TAQUIFILAXIA y efecto REBOTE al retirarlo bruscamente	Farmacoterapia::Dermatología
Efecto adverso grave de Corticoides tópicos: Enmascaramiento y agravamiento de infecciones — ¿en qué consiste?	Enmascaramiento y agravamiento de infecciones (tiña incógnito, sarna incógnita, herpes)	Farmacoterapia::Dermatología
Efecto adverso grave de Corticoides tópicos: Dermatitis alérgica de contacto AL PROPIO CORTICOIDE, que se manifiesta como un eccema que no mejora con el tratamiento — ¿en qué consiste?	Dermatitis alérgica de contacto AL PROPIO CORTICOIDE, que se manifiesta como un eccema que no mejora con el tratamiento	Farmacoterapia::Dermatología
¿Está contraindicado Corticoides tópicos en: Infección cutánea no tratada?	Sí — Infección cutánea no tratada: bacteriana, fúngica (tiña), vírica (herpes) o parasitaria (sarna)	Farmacoterapia::Dermatología
¿Está contraindicado Corticoides tópicos en: Rosácea y dermatitis perioral?	Sí — Rosácea y dermatitis perioral (los empeoran)	Farmacoterapia::Dermatología
¿Está contraindicado Corticoides tópicos en: Úlceras y heridas abiertas?	Sí — Úlceras y heridas abiertas	Farmacoterapia::Dermatología
¿Está contraindicado Corticoides tópicos en: Aplicación periocular prolongada?	Sí — Aplicación periocular prolongada	Farmacoterapia::Dermatología
¿Está contraindicado Corticoides tópicos en: Precaución máxima en la cara, los pliegues, los genitales y el lactante?	Sí — Precaución máxima en la cara, los pliegues, los genitales y el lactante	Farmacoterapia::Dermatología
Particularidad de Corticoides tópicos que hay que tener en cuenta:	La regla que ordena la prescripción: la POTENCIA la decide la LOCALIZACIÓN, no el diagnóstico. Cara, pliegues y genitales absorben cientos de veces más que las palmas y las plantas, de modo que un mismo eccema exige hidrocortisona en un párpado y clobetasol en un codo.	Farmacoterapia::Dermatología
¿A qué clase farmacológica pertenece Antifúngicos tópicos (ketoconazol, clotrimazol, ciclopirox, sulfuro de selenio)?	Visión de clase: antifúngicos tópicos (Azoles y otros antifúngicos de aplicación cutánea)	Farmacoterapia::Dermatología
¿Cuál es el mecanismo de acción de Antifúngicos tópicos (ketoconazol, clotrimazol, ciclopirox, sulfuro de selenio)?	Los AZOLES (ketoconazol, clotrimazol, miconazol, sertaconazol) inhiben la 14-alfa-desmetilasa fúngica y bloquean la síntesis de ERGOSTEROL, desestabilizando la membrana; son FUNGISTÁTICOS frente a dermatofitos y activos frente a Candida y Malassezia. El CICLOPIROX actúa de forma distinta: quela cationes trivalentes (hierro y aluminio) e inhibe enzimas dependientes de metales, con lo que añade actividad antibacteriana y antiinflamatoria. El SULFURO DE SELENIO y la PIRITIONA DE ZINC son citostáticos que reducen el recambio del queratinocito y la población de Malassezia. La diferencia práctica con la terbinafina tópica, que es FUNGICIDA frente a dermatofitos, es que los azoles cubren además Candida y Malassezia, que la terbinafina cubre mal o no cubre.	Farmacoterapia::Dermatología
¿Qué distingue a Antifúngicos tópicos (ketoconazol, clotrimazol, ciclopirox, sulfuro de selenio) de los demás fármacos de su clase (Visión de clase: antifúngicos tópicos)?	<b>Tratamiento TÓPICO</b>: tiñas cutáneas localizadas, pitiriasis versicolor, dermatitis seborreica (ketoconazol), candidiasis cutánea e intertrigo.	Farmacoterapia::Dermatología
¿Cuál es el espectro de Antifúngicos tópicos (ketoconazol, clotrimazol, ciclopirox, sulfuro de selenio)?	AZOLES: dermatofitos, Candida y Malassezia (espectro amplio, que es su ventaja). CICLOPIROX: además, actividad antibacteriana y antiinflamatoria. SULFURO DE SELENIO y PIRITIONA DE ZINC: Malassezia. NISTATINA: solo Candida, no cubre dermatofitos.	Farmacoterapia::Dermatología
¿Cuál es la dosis de Antifúngicos tópicos (ketoconazol, clotrimazol, ciclopirox, sulfuro de selenio) en PITIRIASIS VERSICOLOR?	Ketoconazol 2% en gel o champú aplicado a TODO EL TRONCO, dejándolo actuar 5-10 minutos antes de aclarar, a diario durante 1-2 semanas — Una aplicación diaria, vía tópica	Farmacoterapia::Dermatología
¿Cuál es la dosis de Antifúngicos tópicos (ketoconazol, clotrimazol, ciclopirox, sulfuro de selenio) en DERMATITIS SEBORREICA y caspa?	Ketoconazol 2% o ciclopirox 1,5% en champú, 2-3 veces por semana durante 4 semanas y después una vez por semana como mantenimiento — 2-3 veces por semana, vía tópica	Farmacoterapia::Dermatología
¿Cuál es la dosis de Antifúngicos tópicos (ketoconazol, clotrimazol, ciclopirox, sulfuro de selenio) en Tinea corporis, cruris y pedis localizadas?	Clotrimazol 1%, ketoconazol 2% o sertaconazol 2% en crema, 1-2 aplicaciones al día durante 2-4 semanas — Una o dos aplicaciones diarias, vía tópica	Farmacoterapia::Dermatología
¿Cuál es la dosis de Antifúngicos tópicos (ketoconazol, clotrimazol, ciclopirox, sulfuro de selenio) en Candidiasis cutánea, intertrigo y dermatitis del pañal candidiásica?	Clotrimazol 1% o miconazol 2% en crema, 2 aplicaciones al día durante 2 semanas — Dos aplicaciones diarias, vía tópica	Farmacoterapia::Dermatología
¿Cuál es la dosis de Antifúngicos tópicos (ketoconazol, clotrimazol, ciclopirox, sulfuro de selenio) en Candidiasis vulvovaginal?	Clotrimazol 500 mg en óvulo, dosis única; o crema vaginal al 2% durante 3 noches — Dosis única o 3 noches, vía vaginal	Farmacoterapia::Dermatología
¿Cuál es la dosis de Antifúngicos tópicos (ketoconazol, clotrimazol, ciclopirox, sulfuro de selenio) en Onicomicosis leve sin afectación de la matriz?	Ciclopirox 8% o amorolfina 5% en LACA ungueal, 1-2 aplicaciones por semana durante 6-12 meses — Una o dos veces por semana, vía tópica	Farmacoterapia::Dermatología
¿Cuánto dura el tratamiento con Antifúngicos tópicos (ketoconazol, clotrimazol, ciclopirox, sulfuro de selenio)?	2-4 semanas en la piel; 1-2 semanas en la pitiriasis versicolor; 6-12 meses en la laca ungueal.	Farmacoterapia::Dermatología
¿Cómo se suspende Antifúngicos tópicos (ketoconazol, clotrimazol, ciclopirox, sulfuro de selenio)?	Continuar UNA SEMANA más allá de la desaparición de las lesiones. En la pitiriasis versicolor y en la dermatitis seborreica, pasar a una pauta de MANTENIMIENTO intermitente, porque ambas recidivan por definición.	Farmacoterapia::Dermatología
¿Qué hay que monitorizar durante el tratamiento con Antifúngicos tópicos (ketoconazol, clotrimazol, ciclopirox, sulfuro de selenio)?	Clínica. En la pitiriasis versicolor hay que juzgar la curación por la DESCAMACIÓN, no por el color.	Farmacoterapia::Dermatología
¿Cuál es la vida media de Antifúngicos tópicos (ketoconazol, clotrimazol, ciclopirox, sulfuro de selenio)?	No aplicable clínicamente en el uso tópico.	Farmacoterapia::Dermatología
¿Requiere Antifúngicos tópicos (ketoconazol, clotrimazol, ciclopirox, sulfuro de selenio) ajuste en insuficiencia renal?	No requiere ajuste.	Farmacoterapia::Dermatología
Interacción crítica de Antifúngicos tópicos (ketoconazol, clotrimazol, ciclopirox, sulfuro de selenio) con PRESERVATIVOS y diafragmas de látex (formulaciones vaginales): ¿qué ocurre y qué se hace?	Los excipientes grasos DAÑAN el látex y anulan su eficacia anticonceptiva y protectora. Manejo: Advertirlo expresamente: es una información que casi nunca se da y que puede tener consecuencias importantes	Farmacoterapia::Dermatología
Interacción crítica de Antifúngicos tópicos (ketoconazol, clotrimazol, ciclopirox, sulfuro de selenio) con Miconazol en gel oral y anticoagulantes antivitamina K: ¿qué ocurre y qué se hace?	Incluso la absorción desde la mucosa oral puede elevar el INR de forma significativa. Manejo: Interacción real y sorprendente por tratarse de un tópico: vigilar el INR o elegir nistatina	Farmacoterapia::Dermatología
Efecto adverso grave de Antifúngicos tópicos (ketoconazol, clotrimazol, ciclopirox, sulfuro de selenio): Dermatitis alérgica de contacto al principio activo o a los excipientes — ¿en qué consiste?	Dermatitis alérgica de contacto al principio activo o a los excipientes	Farmacoterapia::Dermatología
Efecto adverso grave de Antifúngicos tópicos (ketoconazol, clotrimazol, ciclopirox, sulfuro de selenio): Decoloración del pelo y del tejido con el sulfuro de selenio — ¿en qué consiste?	Decoloración del pelo y del tejido con el sulfuro de selenio	Farmacoterapia::Dermatología
Efecto adverso grave de Antifúngicos tópicos (ketoconazol, clotrimazol, ciclopirox, sulfuro de selenio): Elevación del INR con miconazol oral en pacientes anticoagulados — ¿en qué consiste?	Elevación del INR con miconazol oral en pacientes anticoagulados	Farmacoterapia::Dermatología
¿Está contraindicado Antifúngicos tópicos (ketoconazol, clotrimazol, ciclopirox, sulfuro de selenio) en: Hipersensibilidad al principio activo o a los excipientes?	Sí — Hipersensibilidad al principio activo o a los excipientes	Farmacoterapia::Dermatología
¿Está contraindicado Antifúngicos tópicos (ketoconazol, clotrimazol, ciclopirox, sulfuro de selenio) en: Uso en PELO y UÑA como tratamiento único?	Sí — Uso en PELO y UÑA como tratamiento único: no penetran en el folículo ni en la lámina ungueal, y ahí hace falta tratamiento oral	Farmacoterapia::Dermatología
¿Está contraindicado Antifúngicos tópicos (ketoconazol, clotrimazol, ciclopirox, sulfuro de selenio) en: Formulaciones vaginales con látex simultáneo?	Sí — Formulaciones vaginales con látex simultáneo	Farmacoterapia::Dermatología
Particularidad de Antifúngicos tópicos (ketoconazol, clotrimazol, ciclopirox, sulfuro de selenio) que hay que tener en cuenta:	La regla que decide entre tópico y oral no cambia: PIEL LAMPIÑA, tópico; PELO Y UÑA, oral. Ningún antifúngico tópico penetra en el folículo ni en la lámina ungueal en concentración suficiente, y tratar una tiña de la cabeza con crema es perder semanas.	Farmacoterapia::Dermatología
¿A qué clase farmacológica pertenece Emolientes y productos de barrera?	Restaurador de la barrera cutánea (Oclusivos, humectantes y queratolíticos suaves)	Farmacoterapia::Dermatología
¿Cuál es el mecanismo de acción de Emolientes y productos de barrera?	No son cosmética: son el tratamiento de fondo de la dermatitis atópica, cuya alteración primaria es un DEFECTO DE BARRERA (con frecuencia por mutaciones de la FILAGRINA) que permite la pérdida de agua transepidérmica y la entrada de alérgenos e irritantes que desencadenan la inflamación. Los emolientes actúan por tres mecanismos complementarios: los OCLUSIVOS (vaselina, dimeticona, lanolina) forman una película hidrófoba que impide la evaporación; los HUMECTANTES (urea, glicerina, ácido hialurónico) captan agua y la retienen en el estrato córneo; y los reponedores de LÍPIDOS (ceramidas, colesterol, ácidos grasos) restituyen el cemento intercelular que falta. Al restaurar la barrera se rompe el círculo de sequedad, picor, rascado e inflamación, y por eso reducen de forma demostrada el número de brotes y la cantidad de corticoide necesaria.	Farmacoterapia::Dermatología
¿Cuál es la dosis de Emolientes y productos de barrera en DERMATITIS ATÓPICA, tratamiento de fondo?	Emoliente sin perfume aplicado en TODA la superficie corporal al menos dos veces al día; en el adulto se necesitan 250-500 g a la SEMANA — Dos o más aplicaciones diarias, de forma indefinida, vía tópica	Farmacoterapia::Dermatología
¿A qué objetivo se ajusta la dosis de Emolientes y productos de barrera en DERMATITIS ATÓPICA, tratamiento de fondo?	Piel sin sequedad ni descamación y reducción del número de brotes	Farmacoterapia::Dermatología
¿Cuál es la dosis de Emolientes y productos de barrera en Xerosis del anciano y prurito senil?	Emoliente con UREA al 5-10%, una o dos aplicaciones al día — Una o dos aplicaciones diarias, vía tópica	Farmacoterapia::Dermatología
¿Cuál es la dosis de Emolientes y productos de barrera en PREVENCIÓN de la dermatitis del pañal?	Óxido de zinc al 10-20% en pasta al agua, una aplicación en cada cambio de pañal — En cada cambio, vía tópica	Farmacoterapia::Dermatología
¿Cuál es la dosis de Emolientes y productos de barrera en Hiperqueratosis plantar, ictiosis y psoriasis, como coadyuvante?	Urea al 20-40% o ácido salicílico al 5-10% — Una o dos aplicaciones diarias, vía tópica	Farmacoterapia::Dermatología
¿Cuánto dura el tratamiento con Emolientes y productos de barrera?	INDEFINIDA. El emoliente no se suspende cuando la piel mejora: es precisamente entonces cuando previene el siguiente brote.	Farmacoterapia::Dermatología
¿Cómo se suspende Emolientes y productos de barrera?	No se retira.	Farmacoterapia::Dermatología
¿Qué hay que monitorizar durante el tratamiento con Emolientes y productos de barrera?	Cantidad realmente consumida (un dato objetivo y muy revelador), estado de la piel y número de brotes.	Farmacoterapia::Dermatología
¿Cuál es la vida media de Emolientes y productos de barrera?	Efecto de pocas horas, lo que justifica las aplicaciones repetidas.	Farmacoterapia::Dermatología
¿Requiere Emolientes y productos de barrera ajuste en insuficiencia renal?	Sin ajuste.	Farmacoterapia::Dermatología
Interacción crítica de Emolientes y productos de barrera con Ácido salicílico en superficies extensas: ¿qué ocurre y qué se hace?	SALICILISMO por absorción sistémica, sobre todo en el NIÑO. Manejo: No aplicar salicílico en grandes superficies ni en el lactante	Farmacoterapia::Dermatología
Efecto adverso grave de Emolientes y productos de barrera: Dermatitis alérgica de contacto a perfumes, conservantes o lanolina — ¿en qué consiste?	Dermatitis alérgica de contacto a perfumes, conservantes o lanolina	Farmacoterapia::Dermatología
Efecto adverso grave de Emolientes y productos de barrera: SENSIBILIZACIÓN ALIMENTARIA por vía cutánea en el lactante atópico expuesto a emolientes con proteínas alimentarias — ¿en qué consiste?	SENSIBILIZACIÓN ALIMENTARIA por vía cutánea en el lactante atópico expuesto a emolientes con proteínas alimentarias	Farmacoterapia::Dermatología
Efecto adverso grave de Emolientes y productos de barrera: SALICILISMO por ácido salicílico en grandes superficies — ¿en qué consiste?	SALICILISMO por ácido salicílico en grandes superficies	Farmacoterapia::Dermatología
Efecto adverso grave de Emolientes y productos de barrera: Riesgo de INCENDIO con emolientes con parafina impregnados en ropa y apósitos, con muertes documentadas en pacientes fumadores — ¿en qué consiste?	Riesgo de INCENDIO con emolientes con parafina impregnados en ropa y apósitos, con muertes documentadas en pacientes fumadores	Farmacoterapia::Dermatología
¿Está contraindicado Emolientes y productos de barrera en: Alergia de contacto a algún componente?	Sí — Alergia de contacto a algún componente	Farmacoterapia::Dermatología
¿Está contraindicado Emolientes y productos de barrera en: Ácido salicílico en el lactante y en superficies extensas?	Sí — Ácido salicílico en el lactante y en superficies extensas	Farmacoterapia::Dermatología
¿Está contraindicado Emolientes y productos de barrera en: Urea a alta concentración sobre piel erosionada?	Sí — Urea a alta concentración sobre piel erosionada	Farmacoterapia::Dermatología
Particularidad de Emolientes y productos de barrera que hay que tener en cuenta:	La CANTIDAD es lo que decide si funciona. Un adulto con dermatitis atópica necesita entre 250 y 500 gramos de emoliente a la SEMANA. Preguntar cuánto tarda en acabarse un envase es la forma más rápida y objetiva de saber si el tratamiento se está haciendo, y casi siempre revela que se aplica una fracción de lo necesario.	Farmacoterapia::Dermatología
¿A qué clase farmacológica pertenece Inhibidores tópicos de la calcineurina y nuevos tópicos (tacrolimus, pimecrolimus, crisaborol)?	Inmunomodulador tópico (Inhibidores de la calcineurina de aplicación cutánea)	Farmacoterapia::Dermatología
¿Cuál es el mecanismo de acción de Inhibidores tópicos de la calcineurina y nuevos tópicos (tacrolimus, pimecrolimus, crisaborol)?	Se unen a la inmunofilina FKBP-12 e inhiben la CALCINEURINA en el linfocito T cutáneo, bloqueando la transcripción de interleucina 2 y de otras citocinas inflamatorias, igual que hace el tacrolimus sistémico en el trasplante. La diferencia clave con los corticoides no está en la potencia antiinflamatoria sino en lo que NO hacen: no actúan sobre el fibroblasto ni sobre el queratinocito, y por tanto NO producen ATROFIA CUTÁNEA, ni estrías, ni telangiectasias, ni glaucoma. Esa ausencia de atrofia es toda su razón de ser y define su lugar terapéutico: las zonas donde el corticoide no puede usarse de forma prolongada, es decir, la CARA, los PÁRPADOS, los PLIEGUES y los genitales. Su tamaño molecular grande limita la absorción a través de la piel íntegra, lo que explica su escasa exposición sistémica incluso en aplicaciones extensas.	Farmacoterapia::Dermatología
¿Cuál es la dosis de Inhibidores tópicos de la calcineurina y nuevos tópicos (tacrolimus, pimecrolimus, crisaborol) en DERMATITIS ATÓPICA de la CARA, párpados y pliegues?	Tacrolimus pomada 0,03% (niños de 2-15 años) o 0,1% (adultos), dos aplicaciones al día en el brote — Dos aplicaciones al día durante el brote, vía tópica	Farmacoterapia::Dermatología
¿A qué objetivo se ajusta la dosis de Inhibidores tópicos de la calcineurina y nuevos tópicos (tacrolimus, pimecrolimus, crisaborol) en DERMATITIS ATÓPICA de la CARA, párpados y pliegues?	Control de la inflamación sin recurrir a corticoide en una zona donde este produciría atrofia	Farmacoterapia::Dermatología
¿Cuál es la dosis de Inhibidores tópicos de la calcineurina y nuevos tópicos (tacrolimus, pimecrolimus, crisaborol) en Tratamiento PROACTIVO de mantenimiento de la dermatitis atópica?	Tacrolimus 0,03-0,1%, dos veces por semana sobre las zonas que suelen brotar — Dos aplicaciones semanales, vía tópica	Farmacoterapia::Dermatología
¿Cuál es la dosis de Inhibidores tópicos de la calcineurina y nuevos tópicos (tacrolimus, pimecrolimus, crisaborol) en Dermatitis SEBORREICA facial y psoriasis invertida de pliegues?	Pimecrolimus 1% o tacrolimus 0,1%, dos aplicaciones al día — Dos aplicaciones diarias, vía tópica	Farmacoterapia::Dermatología
¿Cuál es la dosis de Inhibidores tópicos de la calcineurina y nuevos tópicos (tacrolimus, pimecrolimus, crisaborol) en VITÍLIGO facial y liquen escleroso?	Tacrolimus 0,1%, dos aplicaciones al día durante meses — Dos aplicaciones diarias, vía tópica	Farmacoterapia::Dermatología
¿Cuánto dura el tratamiento con Inhibidores tópicos de la calcineurina y nuevos tópicos (tacrolimus, pimecrolimus, crisaborol)?	Ciclos en el brote y mantenimiento proactivo prolongado.	Farmacoterapia::Dermatología
¿Cómo se suspende Inhibidores tópicos de la calcineurina y nuevos tópicos (tacrolimus, pimecrolimus, crisaborol)?	Se espacia según la evolución. No produce efecto rebote ni taquifilaxia, a diferencia del corticoide.	Farmacoterapia::Dermatología
¿Qué hay que monitorizar durante el tratamiento con Inhibidores tópicos de la calcineurina y nuevos tópicos (tacrolimus, pimecrolimus, crisaborol)?	Clínica. Insistir en la FOTOPROTECCIÓN mientras dure el tratamiento.	Farmacoterapia::Dermatología
¿Cuál es la vida media de Inhibidores tópicos de la calcineurina y nuevos tópicos (tacrolimus, pimecrolimus, crisaborol)?	No relevante en el uso tópico.	Farmacoterapia::Dermatología
¿Requiere Inhibidores tópicos de la calcineurina y nuevos tópicos (tacrolimus, pimecrolimus, crisaborol) ajuste en insuficiencia renal?	Sin ajuste.	Farmacoterapia::Dermatología
Efecto adverso grave de Inhibidores tópicos de la calcineurina y nuevos tópicos (tacrolimus, pimecrolimus, crisaborol): Erupción variceliforme de Kaposi — ¿en qué consiste?	Erupción variceliforme de Kaposi (eccema herpético) por diseminación de un herpes simple sobre la piel tratada	Farmacoterapia::Dermatología
Efecto adverso grave de Inhibidores tópicos de la calcineurina y nuevos tópicos (tacrolimus, pimecrolimus, crisaborol): Aumento de infecciones cutáneas víricas — ¿en qué consiste?	Aumento de infecciones cutáneas víricas (molusco, verrugas)	Farmacoterapia::Dermatología
Efecto adverso grave de Inhibidores tópicos de la calcineurina y nuevos tópicos (tacrolimus, pimecrolimus, crisaborol): Advertencia regulatoria sobre un posible riesgo de linfoma y de cáncer cutáneo, que NO se ha confirmado en los estudios de seguimiento a largo plazo pero que obliga a fotoprotección y a no usarlos en inmunodeprimidos — ¿en qué consiste?	Advertencia regulatoria sobre un posible riesgo de linfoma y de cáncer cutáneo, que NO se ha confirmado en los estudios de seguimiento a largo plazo pero que obliga a fotoprotección y a no usarlos en inmunodeprimidos	Farmacoterapia::Dermatología
¿Está contraindicado Inhibidores tópicos de la calcineurina y nuevos tópicos (tacrolimus, pimecrolimus, crisaborol) en: INFECCIÓN cutánea activa en la zona a tratar?	Sí — INFECCIÓN cutánea activa en la zona a tratar (herpes, impétigo, molusco)	Farmacoterapia::Dermatología
¿Está contraindicado Inhibidores tópicos de la calcineurina y nuevos tópicos (tacrolimus, pimecrolimus, crisaborol) en: Inmunodepresión sistémica?	Sí — Inmunodepresión sistémica	Farmacoterapia::Dermatología
¿Está contraindicado Inhibidores tópicos de la calcineurina y nuevos tópicos (tacrolimus, pimecrolimus, crisaborol) en: Menores de 2 años?	Sí — Menores de 2 años	Farmacoterapia::Dermatología
¿Está contraindicado Inhibidores tópicos de la calcineurina y nuevos tópicos (tacrolimus, pimecrolimus, crisaborol) en: Síndrome de Netherton y otras enfermedades con barrera muy alterada?	Sí — Síndrome de Netherton y otras enfermedades con barrera muy alterada (absorción aumentada)	Farmacoterapia::Dermatología
¿Está contraindicado Inhibidores tópicos de la calcineurina y nuevos tópicos (tacrolimus, pimecrolimus, crisaborol) en: Piel con lesiones premalignas o malignas?	Sí — Piel con lesiones premalignas o malignas	Farmacoterapia::Dermatología
Particularidad de Inhibidores tópicos de la calcineurina y nuevos tópicos (tacrolimus, pimecrolimus, crisaborol) que hay que tener en cuenta:	Su lugar terapéutico se resume en una idea: donde el corticoide no puede quedarse. En PÁRPADOS, CARA, PLIEGUES y genitales, el corticoide produce atrofia, telangiectasias, rosácea esteroidea y hasta glaucoma; el inhibidor de la calcineurina no produce nada de eso, y por eso permite tratar durante meses zonas que de otro modo quedarían sin tratamiento eficaz.	Farmacoterapia::Dermatología
¿A qué clase farmacológica pertenece Permetrina e ivermectina (escabiosis y pediculosis)?	Antiparasitario externo (Piretroide tópico y lactona macrocíclica oral)	Farmacoterapia::Dermatología
¿Cuál es el mecanismo de acción de Permetrina e ivermectina (escabiosis y pediculosis)?	La PERMETRINA es un piretroide sintético que actúa sobre los canales de SODIO del artrópodo, manteniéndolos abiertos y produciendo despolarización mantenida, parálisis y muerte del ácaro y del piojo. Su selectividad es excelente porque los mamíferos metabolizan rápidamente los piretroides por esterasas cutáneas y hepáticas y sus canales de sodio son mucho menos sensibles. La IVERMECTINA actúa sobre los canales de CLORO dependientes de glutamato, exclusivos de invertebrados, hiperpolarizando la célula y produciendo parálisis flácida; no atraviesa la barrera hematoencefálica del mamífero adulto porque la glicoproteína P la expulsa, y esa es la razón de su seguridad. Un dato que ordena todo el manejo de la sarna: el PRURITO no lo produce el ácaro directamente sino una reacción de HIPERSENSIBILIDAD retardada a sus antígenos, y por eso persiste SEMANAS después de que el parásito haya muerto.	Farmacoterapia::Dermatología
¿Cuál es el espectro de Permetrina e ivermectina (escabiosis y pediculosis)?	Sarcoptes scabiei, Pediculus humanus capitis y corporis, Phthirus pubis. La ivermectina cubre además Strongyloides, oncocercosis y Demodex.	Farmacoterapia::Dermatología
¿Cuál es la dosis de Permetrina e ivermectina (escabiosis y pediculosis) en ESCABIOSIS (sarna)?	Permetrina 5% en crema aplicada en TODO el cuerpo desde el cuello hasta los pies, dejándola actuar 8-12 horas, y REPETIR a los 7 días — Dos aplicaciones separadas 7 días, vía tópica	Farmacoterapia::Dermatología
¿A qué objetivo se ajusta la dosis de Permetrina e ivermectina (escabiosis y pediculosis) en ESCABIOSIS (sarna)?	Desaparición de los surcos y de las lesiones nuevas; el prurito puede persistir semanas	Farmacoterapia::Dermatología
¿Cuál es la dosis de Permetrina e ivermectina (escabiosis y pediculosis) en Escabiosis: tratamiento ORAL?	Ivermectina 200 microgramos/kg en dosis única, REPETIDA a los 7-14 días — Dos dosis separadas 7-14 días, vía VO	Farmacoterapia::Dermatología
¿Cuál es la dosis de Permetrina e ivermectina (escabiosis y pediculosis) en SARNA COSTROSA (noruega)?	Ivermectina oral 200 microgramos/kg en los días 1, 2, 8, 9 y 15, junto con permetrina tópica diaria y queratolíticos — Pauta combinada prolongada, vía VO	Farmacoterapia::Dermatología
¿Cuál es la dosis de Permetrina e ivermectina (escabiosis y pediculosis) en PEDICULOSIS de la cabeza?	Permetrina 1-1,5% en loción sobre pelo seco, dejándola 10 minutos, repitiendo a los 7-9 días; o dimeticona 4% en la misma pauta — Dos aplicaciones separadas 7-9 días, vía tópica	Farmacoterapia::Dermatología
¿Cuál es la dosis de Permetrina e ivermectina (escabiosis y pediculosis) en ROSÁCEA papulopustulosa con Demodex?	Ivermectina 1% en crema, una aplicación al día — Una aplicación diaria durante meses, vía tópica	Farmacoterapia::Dermatología
¿Cuánto dura el tratamiento con Permetrina e ivermectina (escabiosis y pediculosis)?	Dos aplicaciones o dos dosis separadas por una semana.	Farmacoterapia::Dermatología
¿Cómo se suspende Permetrina e ivermectina (escabiosis y pediculosis)?	El PRURITO POSESCABIÓTICO persiste 2-4 semanas tras la curación y NO significa fracaso: se trata con emolientes, antihistamínicos y un corticoide tópico suave, no con más escabicida.	Farmacoterapia::Dermatología
¿Qué hay que monitorizar durante el tratamiento con Permetrina e ivermectina (escabiosis y pediculosis)?	Aparición de lesiones NUEVAS (eso sí indica fracaso o reinfestación) frente a persistencia del prurito sobre lesiones antiguas (que es lo esperable).	Farmacoterapia::Dermatología
¿Cuál es la vida media de Permetrina e ivermectina (escabiosis y pediculosis)?	Ivermectina 12-18 horas.	Farmacoterapia::Dermatología
¿Requiere Permetrina e ivermectina (escabiosis y pediculosis) ajuste en insuficiencia renal?	Sin ajuste.	Farmacoterapia::Dermatología
Efecto adverso grave de Permetrina e ivermectina (escabiosis y pediculosis): Dermatitis alérgica de contacto a los piretroides — ¿en qué consiste?	Dermatitis alérgica de contacto a los piretroides	Farmacoterapia::Dermatología
Efecto adverso grave de Permetrina e ivermectina (escabiosis y pediculosis): Reacción de MAZZOTTI con ivermectina en pacientes con oncocercosis o con carga parasitaria alta — ¿en qué consiste?	Reacción de MAZZOTTI con ivermectina en pacientes con oncocercosis o con carga parasitaria alta: fiebre, prurito intenso, adenopatías e hipotensión	Farmacoterapia::Dermatología
Efecto adverso grave de Permetrina e ivermectina (escabiosis y pediculosis): Neurotoxicidad de la ivermectina en pacientes con la barrera hematoencefálica alterada o con déficit de glicoproteína P — ¿en qué consiste?	Neurotoxicidad de la ivermectina en pacientes con la barrera hematoencefálica alterada o con déficit de glicoproteína P	Farmacoterapia::Dermatología
Efecto adverso grave de Permetrina e ivermectina (escabiosis y pediculosis): Sobreinfección bacteriana de las lesiones de rascado, con riesgo de glomerulonefritis postestreptocócica en el niño — ¿en qué consiste?	Sobreinfección bacteriana de las lesiones de rascado, con riesgo de glomerulonefritis postestreptocócica en el niño	Farmacoterapia::Dermatología
¿Está contraindicado Permetrina e ivermectina (escabiosis y pediculosis) en: Hipersensibilidad a piretroides o a los crisantemos?	Sí — Hipersensibilidad a piretroides o a los crisantemos	Farmacoterapia::Dermatología
¿Está contraindicado Permetrina e ivermectina (escabiosis y pediculosis) en: IVERMECTINA en menores de 15 kg o de 5 años, y en el embarazo?	Sí — IVERMECTINA en menores de 15 kg o de 5 años, y en el embarazo (datos limitados)	Farmacoterapia::Dermatología
¿Está contraindicado Permetrina e ivermectina (escabiosis y pediculosis) en: Permetrina?	Sí — Permetrina: precaución en menores de 2 meses	Farmacoterapia::Dermatología
Particularidad de Permetrina e ivermectina (escabiosis y pediculosis) que hay que tener en cuenta:	La regla que evita casi todos los fracasos: hay que tratar a TODOS LOS CONVIVIENTES A LA VEZ, tengan síntomas o no. El periodo de incubación del primer contacto es de 4-6 semanas, de modo que quien todavía no pica probablemente ya está infestado y reinfestará al resto.	Farmacoterapia::Dermatología
¿A qué clase farmacológica pertenece Minoxidil y finasterida (alopecia androgénica)?	Tratamiento de la alopecia (Vasodilatador abridor de canales de potasio e inhibidor de la 5-alfa-reductasa)	Farmacoterapia::Dermatología
¿Cuál es el mecanismo de acción de Minoxidil y finasterida (alopecia androgénica)?	El MINOXIDIL es un abridor de los canales de POTASIO dependientes de ATP: fue desarrollado como antihipertensivo y su efecto sobre el pelo se descubrió como reacción adversa. En el folículo prolonga la fase ANÁGENA (de crecimiento), acorta la telógena y aumenta el tamaño del folículo miniaturizado, probablemente por vasodilatación local y por estimulación directa de la papila dérmica; requiere ser sulfatado por la enzima folicular SULFOTRANSFERASA para activarse, y la variabilidad de esa enzima explica por qué hay respondedores y no respondedores. La FINASTERIDA inhibe la 5-ALFA-REDUCTASA tipo 2, bloqueando la conversión de testosterona en DIHIDROTESTOSTERONA, que es la hormona responsable de la miniaturización folicular en la alopecia androgénica; reduce la dihidrotestosterona sérica en torno a un 70% sin bajar la testosterona, que incluso sube ligeramente.	Farmacoterapia::Dermatología
¿Cuál es la dosis de Minoxidil y finasterida (alopecia androgénica) en ALOPECIA ANDROGÉNICA masculina?	Minoxidil 5% en solución o espuma, 1 mL dos veces al día; finasterida 1 mg al día por vía oral — Minoxidil dos veces al día; finasterida una vez al día, vía tópica	Farmacoterapia::Dermatología
¿A qué objetivo se ajusta la dosis de Minoxidil y finasterida (alopecia androgénica) en ALOPECIA ANDROGÉNICA masculina?	Detención de la caída y repoblación parcial, valorada con fotografías estandarizadas a los 6-12 meses	Farmacoterapia::Dermatología
¿Cuál es la dosis de Minoxidil y finasterida (alopecia androgénica) en Alopecia androgénica FEMENINA?	Minoxidil 2-5%, una o dos aplicaciones al día — Una o dos aplicaciones diarias, vía tópica	Farmacoterapia::Dermatología
¿Cuál es la dosis de Minoxidil y finasterida (alopecia androgénica) en HIPERPLASIA BENIGNA DE PRÓSTATA (finasterida 5 mg)?	Finasterida 5 mg al día — Una toma diaria, vía VO	Farmacoterapia::Dermatología
¿Cuál es la dosis de Minoxidil y finasterida (alopecia androgénica) en Alopecia areata y efluvio telógeno crónico (minoxidil)?	Minoxidil 5%, dos aplicaciones al día — Dos aplicaciones diarias, vía tópica	Farmacoterapia::Dermatología
¿Cuánto dura el tratamiento con Minoxidil y finasterida (alopecia androgénica)?	INDEFINIDA. Es el punto que hay que dejar claro antes de empezar.	Farmacoterapia::Dermatología
¿Cómo se suspende Minoxidil y finasterida (alopecia androgénica)?	Al suspender, todo el pelo ganado se PIERDE en 3-6 meses y la alopecia vuelve al punto en el que estaría sin tratamiento. No hay curación, hay control.	Farmacoterapia::Dermatología
¿Qué hay que monitorizar durante el tratamiento con Minoxidil y finasterida (alopecia androgénica)?	Fotografías cada 6 meses. Con finasterida: función sexual y estado de ánimo; recordar el ajuste del PSA.	Farmacoterapia::Dermatología
¿Cuál es la vida media de Minoxidil y finasterida (alopecia androgénica)?	Finasterida 6-8 horas, pero su efecto sobre la enzima es prolongado.	Farmacoterapia::Dermatología
¿Requiere Minoxidil y finasterida (alopecia androgénica) ajuste en insuficiencia renal?	Sin ajuste.	Farmacoterapia::Dermatología
Interacción crítica de Minoxidil y finasterida (alopecia androgénica) con Determinación de PSA: ¿qué ocurre y qué se hace?	La finasterida lo REDUCE aproximadamente a la mitad. Manejo: MULTIPLICAR POR DOS el PSA medido para interpretarlo. Es un error que retrasa diagnósticos de cáncer de próstata y hay que dejarlo anotado en la historia	Farmacoterapia::Dermatología
Efecto adverso grave de Minoxidil y finasterida (alopecia androgénica): MINOXIDIL — ¿en qué consiste?	MINOXIDIL: taquicardia, edemas y derrame pericárdico con absorción sistémica significativa	Farmacoterapia::Dermatología
Efecto adverso grave de Minoxidil y finasterida (alopecia androgénica): FINASTERIDA — ¿en qué consiste?	FINASTERIDA: síndrome POSTFINASTERIDA, con persistencia de disfunción sexual y síntomas depresivos tras suspenderlo (entidad debatida pero descrita y motivo de advertencia regulatoria)	Farmacoterapia::Dermatología
Efecto adverso grave de Minoxidil y finasterida (alopecia androgénica): Depresión e ideación suicida — ¿en qué consiste?	Depresión e ideación suicida (advertencia añadida a la ficha técnica)	Farmacoterapia::Dermatología
Efecto adverso grave de Minoxidil y finasterida (alopecia androgénica): GINECOMASTIA — ¿en qué consiste?	GINECOMASTIA	Farmacoterapia::Dermatología
Efecto adverso grave de Minoxidil y finasterida (alopecia androgénica): TERATOGENIA — ¿en qué consiste?	TERATOGENIA: la finasterida produce feminización de los genitales externos del FETO VARÓN	Farmacoterapia::Dermatología
Efecto adverso grave de Minoxidil y finasterida (alopecia androgénica): Riesgo aumentado de cáncer de próstata de alto grado — ¿en qué consiste?	Riesgo aumentado de cáncer de próstata de alto grado (hallazgo debatido y probablemente artefactual)	Farmacoterapia::Dermatología
¿Está contraindicado Minoxidil y finasterida (alopecia androgénica) en: FINASTERIDA en la MUJER en edad fértil y en el EMBARAZO?	Sí — FINASTERIDA en la MUJER en edad fértil y en el EMBARAZO (la mujer gestante no debe siquiera manipular comprimidos partidos o triturados)	Farmacoterapia::Dermatología
¿Está contraindicado Minoxidil y finasterida (alopecia androgénica) en: Hipersensibilidad conocida?	Sí — Hipersensibilidad conocida	Farmacoterapia::Dermatología
¿Está contraindicado Minoxidil y finasterida (alopecia androgénica) en: Minoxidil?	Sí — Minoxidil: precaución en la cardiopatía y en la hipotensión	Farmacoterapia::Dermatología
¿Está contraindicado Minoxidil y finasterida (alopecia androgénica) en: No aplicar minoxidil sobre cuero cabelludo inflamado o erosionado?	Sí — No aplicar minoxidil sobre cuero cabelludo inflamado o erosionado	Farmacoterapia::Dermatología
Particularidad de Minoxidil y finasterida (alopecia androgénica) que hay que tener en cuenta:	Lo primero que hay que decir al paciente es que el tratamiento es INDEFINIDO: si lo suspende, en 3-6 meses pierde todo lo ganado y vuelve al punto donde estaría sin haberlo tomado nunca. No es una cura, es un control, y quien no acepta eso no debería empezar.	Farmacoterapia::Dermatología
¿A qué clase farmacológica pertenece Imiquimod tópico?	Inmunomodulador tópico antiviral y antitumoral (Agonista de los receptores tipo Toll 7 y 8)	Farmacoterapia::Dermatología
¿Cuál es el mecanismo de acción de Imiquimod tópico?	No tiene actividad antivírica ni citotóxica DIRECTA: actúa activando los receptores TLR7 y TLR8 de las células dendríticas y de los monocitos de la piel, lo que desencadena la producción local de interferón alfa, factor de necrosis tumoral e interleucinas, y con ello una respuesta inmunitaria celular TH1 dirigida contra las células infectadas o displásicas. Es decir, no destruye la lesión: hace que el sistema inmunitario del propio paciente la reconozca y la elimine. De ahí que la INFLAMACIÓN local intensa no sea un efecto adverso indeseado sino la señal de que el fármaco está funcionando.	Farmacoterapia::Dermatología
¿Cuál es el espectro de Imiquimod tópico?	Lesiones por virus del papiloma humano (condilomas acuminados, genotipos 6 y 11), molusco contagioso, y lesiones cutáneas displásicas o neoplásicas: queratosis actínica y carcinoma basocelular superficial.	Farmacoterapia::Dermatología
¿Cuál es la dosis de Imiquimod tópico en Condilomas acuminados genitales y perianales externos?	Crema al 5%, aplicada en capa fina sobre la lesión — 3 veces por semana (noches alternas), dejándola actuar 6-10 h y lavando después, vía tópica	Farmacoterapia::Dermatología
¿Cuál es la dosis de Imiquimod tópico en Queratosis actínica del rostro y del cuero cabelludo?	Crema al 5% (o al 3,75% en pauta corta) — 2-3 veces por semana durante 4 semanas, o pauta de 2 ciclos de 2 semanas, vía tópica	Farmacoterapia::Dermatología
¿Cuál es la dosis de Imiquimod tópico en Carcinoma basocelular superficial no apto para cirugía?	Crema al 5% — 5 veces por semana durante 6 semanas, vía tópica	Farmacoterapia::Dermatología
¿Cuál es la dosis de Imiquimod tópico en Molusco contagioso extenso o en el paciente inmunodeprimido?	Crema al 5% — 3 veces por semana, vía tópica	Farmacoterapia::Dermatología
¿Cuánto dura el tratamiento con Imiquimod tópico?	Hasta 16 semanas en los condilomas; 4-6 semanas en la queratosis actínica y en el carcinoma basocelular superficial.	Farmacoterapia::Dermatología
¿Cómo se suspende Imiquimod tópico?	Se suspende al desaparecer la lesión o al agotar el ciclo. La piel tarda semanas en normalizarse tras la reacción inflamatoria.	Farmacoterapia::Dermatología
¿Qué hay que monitorizar durante el tratamiento con Imiquimod tópico?	Inspección de la respuesta local y de la resolución de las lesiones. En el carcinoma basocelular, biopsia de control si no hay respuesta completa.	Farmacoterapia::Dermatología
¿Cuál es la vida media de Imiquimod tópico?	Aproximadamente 2 h la fracción absorbida; el efecto biológico local persiste mucho más por la respuesta inmunitaria que induce.	Farmacoterapia::Dermatología
¿Requiere Imiquimod tópico ajuste en insuficiencia renal?	No precisa ajuste.	Farmacoterapia::Dermatología
Interacción crítica de Imiquimod tópico con Preservativos y diafragmas de LÁTEX: ¿qué ocurre y qué se hace?	La crema DEBILITA el látex y puede provocar su rotura, con fallo anticonceptivo y de protección frente a ITS. Manejo: Evitar las relaciones sexuales mientras la crema esté sobre la piel, o usar métodos que no sean de látex	Farmacoterapia::Dermatología
Efecto adverso grave de Imiquimod tópico: Erosión, ulceración y sobreinfección bacteriana de la zona tratada por aplicación excesiva o demasiado frecuente — ¿en qué consiste?	Erosión, ulceración y sobreinfección bacteriana de la zona tratada por aplicación excesiva o demasiado frecuente	Farmacoterapia::Dermatología
Efecto adverso grave de Imiquimod tópico: Despigmentación permanente — ¿en qué consiste?	Despigmentación permanente (vitíligo local) tras reacciones intensas	Farmacoterapia::Dermatología
Efecto adverso grave de Imiquimod tópico: Exacerbación de enfermedades autoinmunes o inflamatorias cutáneas preexistentes — ¿en qué consiste?	Exacerbación de enfermedades autoinmunes o inflamatorias cutáneas preexistentes (psoriasis, lupus, penfigoide)	Farmacoterapia::Dermatología
Efecto adverso grave de Imiquimod tópico: Reacción sistémica con fiebre y malestar intenso al tratar superficies grandes — ¿en qué consiste?	Reacción sistémica con fiebre y malestar intenso al tratar superficies grandes	Farmacoterapia::Dermatología
¿Está contraindicado Imiquimod tópico en: Hipersensibilidad al imiquimod o a los excipientes?	Sí — Hipersensibilidad al imiquimod o a los excipientes	Farmacoterapia::Dermatología
¿Está contraindicado Imiquimod tópico en: Aplicación sobre MUCOSAS?	Sí — Aplicación sobre MUCOSAS (vaginal, cervical, uretral, rectal, intraanal)	Farmacoterapia::Dermatología
¿Está contraindicado Imiquimod tópico en: Piel lesionada, erosionada o quemada por otro tratamiento?	Sí — Piel lesionada, erosionada o quemada por otro tratamiento	Farmacoterapia::Dermatología
¿Está contraindicado Imiquimod tópico en: Menores de 12 años?	Sí — Menores de 12 años (fuera de indicación autorizada)	Farmacoterapia::Dermatología
Particularidad de Imiquimod tópico que hay que tener en cuenta:	Es el ejemplo más claro de un fármaco que no ataca al patógeno sino que ORGANIZA la respuesta del huésped. De ahí se derivan casi todas sus particularidades: que la inflamación sea señal de eficacia, que funcione peor en el inmunodeprimido y que sus recidivas sean menos frecuentes que las de los tratamientos destructivos, porque deja memoria inmunitaria.	Farmacoterapia::Dermatología
¿A qué clase farmacológica pertenece Clotrimazol tópico?	Antifúngico dermatológico (Imidazol tópico)	Farmacoterapia::Dermatología
¿Cuál es el mecanismo de acción de Clotrimazol tópico?	Inhibe la 14-alfa-desmetilasa fúngica (síntesis de ergosterol): fungistático.	Farmacoterapia::Dermatología
¿Qué distingue a Clotrimazol tópico de los demás fármacos de su clase (Antifúngico dermatológico)?	<b>Cubre dermatofitos Y Candida</b>: tiñas, intertrigo, candidiasis cutánea y <b>vulvovaginal</b> (óvulos y crema).	Farmacoterapia::Dermatología
¿Cuál es el espectro de Clotrimazol tópico?	Dermatofitos, Candida, Malassezia.	Farmacoterapia::Dermatología
¿Cuál es la dosis de Clotrimazol tópico en Tiña corporis, cruris, pedis; intertrigo candidiásico?	1 aplicación (crema 1%) — Cada 8-12 h, vía tópica	Farmacoterapia::Dermatología
¿Cuál es la dosis de Clotrimazol tópico en Candidiasis vulvovaginal?	500 mg (óvulo) — Dosis única (o 100 mg/24 h × 6-7 días), vía vaginal	Farmacoterapia::Dermatología
¿Cuánto dura el tratamiento con Clotrimazol tópico?	Hasta 1-2 semanas tras la curación clínica.	Farmacoterapia::Dermatología
¿Cómo se suspende Clotrimazol tópico?	—	Farmacoterapia::Dermatología
¿Qué hay que monitorizar durante el tratamiento con Clotrimazol tópico?	Respuesta clínica.	Farmacoterapia::Dermatología
¿Cuál es la vida media de Clotrimazol tópico?	No relevante.	Farmacoterapia::Dermatología
¿Requiere Clotrimazol tópico ajuste en insuficiencia renal?	No precisa.	Farmacoterapia::Dermatología
Efecto adverso grave de Clotrimazol tópico: Dermatitis de contacto — ¿en qué consiste?	Dermatitis de contacto (rara)	Farmacoterapia::Dermatología
¿Está contraindicado Clotrimazol tópico en: Hipersensibilidad a imidazoles?	Sí — Hipersensibilidad a imidazoles	Farmacoterapia::Dermatología
Particularidad de Clotrimazol tópico que hay que tener en cuenta:	Si una «tiña» no responde, comprobar con micológico: puede ser eccema o psoriasis.	Farmacoterapia::Dermatología
¿A qué clase farmacológica pertenece Ketoconazol tópico (crema y champú)?	Antifúngico dermatológico (Imidazol tópico con actividad frente a Malassezia)	Farmacoterapia::Dermatología
¿Cuál es el mecanismo de acción de Ketoconazol tópico (crema y champú)?	Inhibición de la síntesis de ergosterol fúngico.	Farmacoterapia::Dermatología
¿Qué distingue a Ketoconazol tópico (crema y champú) de los demás fármacos de su clase (Antifúngico dermatológico)?	<b>De elección en la DERMATITIS SEBORREICA y la PITIRIASIS VERSICOLOR</b> (Malassezia), en champú al 2%.	Farmacoterapia::Dermatología
¿Cuál es el espectro de Ketoconazol tópico (crema y champú)?	Malassezia, dermatofitos, Candida.	Farmacoterapia::Dermatología
¿Cuál es la dosis de Ketoconazol tópico (crema y champú) en Dermatitis seborreica del cuero cabelludo y cara?	Champú al 2% (1 aplicación) — 2 veces por semana; mantenimiento semanal, vía tópica	Farmacoterapia::Dermatología
¿Cuál es la dosis de Ketoconazol tópico (crema y champú) en Pitiriasis versicolor?	Champú al 2% (1 aplicación sobre la piel) — Cada 24 h, vía tópica	Farmacoterapia::Dermatología
¿Cuánto dura el tratamiento con Ketoconazol tópico (crema y champú)?	2-4 semanas y mantenimiento.	Farmacoterapia::Dermatología
¿Cómo se suspende Ketoconazol tópico (crema y champú)?	—	Farmacoterapia::Dermatología
¿Qué hay que monitorizar durante el tratamiento con Ketoconazol tópico (crema y champú)?	—	Farmacoterapia::Dermatología
¿Cuál es la vida media de Ketoconazol tópico (crema y champú)?	No relevante.	Farmacoterapia::Dermatología
¿Requiere Ketoconazol tópico (crema y champú) ajuste en insuficiencia renal?	No precisa.	Farmacoterapia::Dermatología
Efecto adverso grave de Ketoconazol tópico (crema y champú): Dermatitis de contacto — ¿en qué consiste?	Dermatitis de contacto (rara)	Farmacoterapia::Dermatología
¿Está contraindicado Ketoconazol tópico (crema y champú) en: Hipersensibilidad?	Sí — Hipersensibilidad	Farmacoterapia::Dermatología
Particularidad de Ketoconazol tópico (crema y champú) que hay que tener en cuenta:	Pitiriasis versicolor: la mancha blanca persiste aunque el hongo esté curado; no es fracaso.	Farmacoterapia::Dermatología
¿A qué clase farmacológica pertenece Nistatina?	Antifúngico dermatológico (Poliénico tópico/oral no absorbible)	Farmacoterapia::Dermatología
¿Cuál es el mecanismo de acción de Nistatina?	Se une al ergosterol de la membrana fúngica y forma poros: fungicida.	Farmacoterapia::Dermatología
¿Qué distingue a Nistatina de los demás fármacos de su clase (Antifúngico dermatológico)?	<b>Poliénico NO absorbible: actúa solo sobre CANDIDA</b> (no dermatofitos).	Farmacoterapia::Dermatología
¿Cuál es el espectro de Nistatina?	Candida spp. NO cubre dermatofitos.	Farmacoterapia::Dermatología
¿Cuál es la dosis de Nistatina en Candidiasis orofaríngea (muguet)?	100.000-500.000 UI (1-5 mL) — Cada 6 h, vía VO	Farmacoterapia::Dermatología
¿Cuál es la dosis de Nistatina en Dermatitis del pañal candidiásica?	1 aplicación (crema 100.000 UI/g) — Cada 8-12 h, vía tópica	Farmacoterapia::Dermatología
¿Cuánto dura el tratamiento con Nistatina?	7-14 días.	Farmacoterapia::Dermatología
¿Cómo se suspende Nistatina?	48 h tras la curación.	Farmacoterapia::Dermatología
¿Qué hay que monitorizar durante el tratamiento con Nistatina?	—	Farmacoterapia::Dermatología
¿Cuál es la vida media de Nistatina?	No relevante.	Farmacoterapia::Dermatología
¿Requiere Nistatina ajuste en insuficiencia renal?	No precisa.	Farmacoterapia::Dermatología
Efecto adverso grave de Nistatina: Hipersensibilidad — ¿en qué consiste?	Hipersensibilidad (rara)	Farmacoterapia::Dermatología
¿Está contraindicado Nistatina en: Hipersensibilidad?	Sí — Hipersensibilidad	Farmacoterapia::Dermatología
Particularidad de Nistatina que hay que tener en cuenta:	En la madre lactante, tratar también el pezón si el muguet recurre.	Farmacoterapia::Dermatología
