¿Con qué fármacos se trata: Resfriado común y congestión nasal — Adulto?	Paracetamol · Ibuprofeno · Oximetazolina nasal (congestión) · Dextrometorfano (tos seca que impide dormir)	Patologías::Neumología y vía aérea
Resfriado común y congestión nasal — Adulto: ¿pauta de Paracetamol?	500 mg-1 g VO, Cada 6-8 h, durante A demanda (fiebre, dolor)	Patologías::Neumología y vía aérea
Resfriado común y congestión nasal — Adulto: ¿pauta de Ibuprofeno?	400 mg VO, Cada 8 h, durante A demanda — Alternativa	Patologías::Neumología y vía aérea
Resfriado común y congestión nasal — Adulto: ¿pauta de Oximetazolina nasal (congestión)?	1-2 pulverizaciones (0,05%) por fosa IN, Cada 12 h, durante Máximo 3-5 días (rebote)	Patologías::Neumología y vía aérea
Resfriado común y congestión nasal — Adulto: ¿pauta de Dextrometorfano (tos seca que impide dormir)?	15-30 mg VO, Cada 6-8 h, durante Pocos días — Beneficio escaso	Patologías::Neumología y vía aérea
¿Con qué fármacos se trata: Resfriado común y congestión nasal — Niño (Pediatría)?	Paracetamol	Patologías::Neumología y vía aérea
Resfriado común y congestión nasal — Niño (Pediatría): ¿pauta de Paracetamol?	15 mg/kg/dosis VO, Cada 6 h (máximo 60-75 mg/kg/día), durante A demanda (malestar, fiebre) — Lavados nasales con suero; miel en >1 año para la tos	Patologías::Neumología y vía aérea
¿Cuál es el objetivo terapéutico en Resfriado común y congestión nasal?	Alivio de síntomas sin tratamientos innecesarios.	Patologías::Neumología y vía aérea
Clave en el tratamiento de Resfriado común y congestión nasal:	<b>El color del moco no distingue infección vírica de bacteriana.</b>	Patologías::Neumología y vía aérea
¿Con qué fármacos se trata: Bronquitis aguda, tos aguda y tosferina — Bronquitis aguda vírica?	Dextrometorfano (tos seca molesta) · Levodropropizina · Salbutamol (sibilancias o hiperreactividad)	Patologías::Neumología y vía aérea
Bronquitis aguda, tos aguda y tosferina — Bronquitis aguda vírica: ¿pauta de Dextrometorfano (tos seca molesta)?	15-30 mg VO, Cada 6-8 h, durante Pocos días	Patologías::Neumología y vía aérea
Bronquitis aguda, tos aguda y tosferina — Bronquitis aguda vírica: ¿pauta de Levodropropizina?	60 mg VO, Cada 8 h, durante ≤7 días — Alternativa sin sedación	Patologías::Neumología y vía aérea
Bronquitis aguda, tos aguda y tosferina — Bronquitis aguda vírica: ¿pauta de Salbutamol (sibilancias o hiperreactividad)?	200 µg (2 inhalaciones) inhalada, Cada 6-8 h a demanda, durante Pocos días — Solo si hay broncoespasmo	Patologías::Neumología y vía aérea
¿Con qué fármacos se trata: Bronquitis aguda, tos aguda y tosferina — Tosferina (tratamiento y profilaxis postexposición)?	Azitromicina · Claritromicina · Cotrimoxazol (alergia a macrólidos)	Patologías::Neumología y vía aérea
Bronquitis aguda, tos aguda y tosferina — Tosferina (tratamiento y profilaxis postexposición): ¿pauta de Azitromicina?	500 mg el día 1; 250 mg los días 2-5 VO, Cada 24 h, durante 5 días — Profilaxis igual en contactos domésticos y de riesgo (lactantes, embarazadas)	Patologías::Neumología y vía aérea
Bronquitis aguda, tos aguda y tosferina — Tosferina (tratamiento y profilaxis postexposición): ¿pauta de Claritromicina?	500 mg VO, Cada 12 h, durante 7 días — Alternativa	Patologías::Neumología y vía aérea
Bronquitis aguda, tos aguda y tosferina — Tosferina (tratamiento y profilaxis postexposición): ¿pauta de Cotrimoxazol (alergia a macrólidos)?	160/800 mg VO, Cada 12 h, durante 14 días — Alternativa. No en embarazo a término ni en <2 meses	Patologías::Neumología y vía aérea
¿Cuál es el objetivo terapéutico en Bronquitis aguda, tos aguda y tosferina?	Alivio sintomático y uso racional de antibióticos.	Patologías::Neumología y vía aérea
Clave en el tratamiento de Bronquitis aguda, tos aguda y tosferina:	<b>Los antibióticos no acortan la bronquitis aguda.</b>	Patologías::Neumología y vía aérea
¿Con qué fármacos se trata: Asma bronquial: tratamiento de mantenimiento — Escalones 1-2: síntomas leves (a demanda)?	Budesonida-formoterol 160/4,5 µg	Patologías::Neumología y vía aérea
Asma bronquial: tratamiento de mantenimiento — Escalones 1-2: síntomas leves (a demanda): ¿pauta de Budesonida-formoterol 160/4,5 µg?	1 inhalación inhalada, A demanda (máx. 12 inhalaciones/día), durante Continuo, según síntomas	Patologías::Neumología y vía aérea
¿Con qué fármacos se trata: Asma bronquial: tratamiento de mantenimiento — Escalones 3-4: mantenimiento y rescate con el mismo inhalador (MART)?	Budesonida-formoterol 160/4,5 µg · Fluticasona/salmeterol (alternativa sin MART) · Salbutamol (rescate en la vía alternativa)	Patologías::Neumología y vía aérea
Asma bronquial: tratamiento de mantenimiento — Escalones 3-4: mantenimiento y rescate con el mismo inhalador (MART): ¿pauta de Budesonida-formoterol 160/4,5 µg?	1 inhalación (escalón 3) o 2 inhalaciones (escalón 4) inhalada, Cada 12 h + 1 inhalación a demanda, durante Mínimo 3 meses; después desescalar si control	Patologías::Neumología y vía aérea
Asma bronquial: tratamiento de mantenimiento — Escalones 3-4: mantenimiento y rescate con el mismo inhalador (MART): ¿pauta de Fluticasona/salmeterol (alternativa sin MART)?	50/250 µg (1 inhalación) inhalada, Cada 12 h, durante Igual — Rescate con salbutamol aparte	Patologías::Neumología y vía aérea
Asma bronquial: tratamiento de mantenimiento — Escalones 3-4: mantenimiento y rescate con el mismo inhalador (MART): ¿pauta de Salbutamol (rescate en la vía alternativa)?	100-200 µg (1-2 pulsaciones) inhalada, A demanda, durante A demanda	Patologías::Neumología y vía aérea
¿Con qué fármacos se trata: Asma bronquial: tratamiento de mantenimiento — Escalón 5: asma grave no controlada?	Tiotropio (añadido) · Montelukast (añadido) · Biológicos (omalizumab, mepolizumab, benralizumab, dupilumab)	Patologías::Neumología y vía aérea
Asma bronquial: tratamiento de mantenimiento — Escalón 5: asma grave no controlada: ¿pauta de Tiotropio (añadido)?	2,5 µg × 2 pulsaciones (Respimat) inhalada, Cada 24 h, durante Indefinida	Patologías::Neumología y vía aérea
Asma bronquial: tratamiento de mantenimiento — Escalón 5: asma grave no controlada: ¿pauta de Montelukast (añadido)?	10 mg VO, Cada 24 h, por la noche, durante Reevaluar a los 3 meses — Útil con rinitis alérgica o asma por AAS; alerta neuropsiquiátrica	Patologías::Neumología y vía aérea
Asma bronquial: tratamiento de mantenimiento — Escalón 5: asma grave no controlada: ¿pauta de Biológicos (omalizumab, mepolizumab, benralizumab, dupilumab)?	Según fármaco (p. ej., mepolizumab 100 mg) SC, Cada 2-8 semanas según fármaco, durante Reevaluar a los 4-6 meses — Fenotipo T2 (eosinófilos, IgE, FeNO) en unidad de asma grave	Patologías::Neumología y vía aérea
¿Con qué fármacos se trata: Asma bronquial: tratamiento de mantenimiento — Asma infantil (fondo) (Pediatría)?	Budesonida inhalada · Montelukast · Salbutamol	Patologías::Neumología y vía aérea
Asma bronquial: tratamiento de mantenimiento — Asma infantil (fondo) (Pediatría): ¿pauta de Budesonida inhalada?	100-200 µg (dosis baja) inhalada, Cada 12 h, durante Mínimo 3 meses y reevaluar — Con cámara espaciadora (y mascarilla <4 años)	Patologías::Neumología y vía aérea
Asma bronquial: tratamiento de mantenimiento — Asma infantil (fondo) (Pediatría): ¿pauta de Montelukast?	4 mg (2-5 años), 5 mg (6-14 años) VO, Cada 24 h, por la noche, durante Reevaluar a los 3 meses — Alternativa o añadido; vigilar alteraciones del sueño y conducta	Patologías::Neumología y vía aérea
Asma bronquial: tratamiento de mantenimiento — Asma infantil (fondo) (Pediatría): ¿pauta de Salbutamol?	2-4 pulsaciones de 100 µg con cámara inhalada, A demanda, durante A demanda	Patologías::Neumología y vía aérea
¿Cuál es el objetivo terapéutico en Asma bronquial: tratamiento de mantenimiento?	Control de síntomas (sin despertares, rescate ≤2 veces/semana), sin exacerbaciones, función pulmonar normal.	Patologías::Neumología y vía aérea
Clave en el tratamiento de Asma bronquial: tratamiento de mantenimiento:	<b>SABA en monoterapia aumenta las crisis graves y la mortalidad</b>: siempre con ICS.	Patologías::Neumología y vía aérea
¿Con qué fármacos se trata: Crisis asmática (exacerbación del asma) — Adulto?	Salbutamol · Bromuro de ipratropio · Prednisona · Sulfato de magnesio	Patologías::Neumología y vía aérea
Crisis asmática (exacerbación del asma) — Adulto: ¿pauta de Salbutamol?	4-10 pulsaciones de 100 µg con cámara, o 2,5-5 mg nebulizado inhalada / nebulizada, Cada 20 min durante la 1.ª hora, luego según respuesta, durante Hasta estabilización	Patologías::Neumología y vía aérea
Crisis asmática (exacerbación del asma) — Adulto: ¿pauta de Bromuro de ipratropio?	500 µg nebulizada, Cada 20 min, 3 dosis, durante 1.ª hora — Crisis moderada-grave, junto al salbutamol	Patologías::Neumología y vía aérea
Crisis asmática (exacerbación del asma) — Adulto: ¿pauta de Prednisona?	40-50 mg VO, Cada 24 h, durante 5-7 días (sin pauta descendente) — En la primera hora	Patologías::Neumología y vía aérea
Crisis asmática (exacerbación del asma) — Adulto: ¿pauta de Sulfato de magnesio?	2 g IV, Dosis única en 20 min, durante Dosis única — Crisis grave que no responde al tratamiento inicial	Patologías::Neumología y vía aérea
¿Con qué fármacos se trata: Crisis asmática (exacerbación del asma) — Niño (Pediatría)?	Salbutamol · Dexametasona	Patologías::Neumología y vía aérea
Crisis asmática (exacerbación del asma) — Niño (Pediatría): ¿pauta de Salbutamol?	2-10 pulsaciones con cámara (o 0,15 mg/kg nebulizado, mín. 2,5 mg) inhalada / nebulizada, Cada 20 min durante la 1.ª hora, durante Hasta estabilización	Patologías::Neumología y vía aérea
Crisis asmática (exacerbación del asma) — Niño (Pediatría): ¿pauta de Dexametasona?	0,3-0,6 mg/kg (máx. 16 mg) VO, Dosis única (repetir a las 24 h si persiste), durante 1-2 dosis	Patologías::Neumología y vía aérea
¿Cuál es el objetivo terapéutico en Crisis asmática (exacerbación del asma)?	SpO2 93-95% (adultos) o 94-98% (niños); PEF >70% del teórico al alta.	Patologías::Neumología y vía aérea
Clave en el tratamiento de Crisis asmática (exacerbación del asma):	<b>Un asmático que no puede hablar y tiene tórax silente está en riesgo vital</b>, aunque no sibile.	Patologías::Neumología y vía aérea
¿Con qué fármacos se trata: EPOC estable — Pocos síntomas y sin exacerbaciones (GOLD A)?	Tiotropio	Patologías::Neumología y vía aérea
EPOC estable — Pocos síntomas y sin exacerbaciones (GOLD A): ¿pauta de Tiotropio?	2,5 µg × 2 pulsaciones (Respimat) o 18 µg (HandiHaler) inhalada, Cada 24 h, durante Indefinida — Un broncodilatador de larga acción	Patologías::Neumología y vía aérea
¿Con qué fármacos se trata: EPOC estable — Sintomático (GOLD B) o con exacerbaciones y eosinófilos <300 (GOLD E)?	Umeclidinio/vilanterol	Patologías::Neumología y vía aérea
EPOC estable — Sintomático (GOLD B) o con exacerbaciones y eosinófilos <300 (GOLD E): ¿pauta de Umeclidinio/vilanterol?	55/22 µg (1 inhalación) inhalada, Cada 24 h, durante Indefinida — LAMA + LABA en un dispositivo	Patologías::Neumología y vía aérea
¿Con qué fármacos se trata: EPOC estable — Exacerbaciones con eosinófilos ≥300/µL (triple terapia)?	Fluticasona furoato/umeclidinio/vilanterol	Patologías::Neumología y vía aérea
EPOC estable — Exacerbaciones con eosinófilos ≥300/µL (triple terapia): ¿pauta de Fluticasona furoato/umeclidinio/vilanterol?	92/55/22 µg (1 inhalación) inhalada, Cada 24 h, durante Indefinida — Más neumonías por el ICS	Patologías::Neumología y vía aérea
¿Con qué fármacos se trata: EPOC estable — Exacerbaciones persistentes pese a triple terapia?	Roflumilast · Azitromicina	Patologías::Neumología y vía aérea
EPOC estable — Exacerbaciones persistentes pese a triple terapia: ¿pauta de Roflumilast?	250 µg 4 semanas, después 500 µg VO, Cada 24 h, durante Indefinida — FEV1 <50% con bronquitis crónica	Patologías::Neumología y vía aérea
EPOC estable — Exacerbaciones persistentes pese a triple terapia: ¿pauta de Azitromicina?	250 mg (o 500 mg 3 días/semana) VO, Cada 24 h, durante Hasta 1 año y reevaluar — Exfumadores; ECG (QT) y audiometría	Patologías::Neumología y vía aérea
¿Con qué fármacos se trata: EPOC estable — Rescate?	Salbutamol	Patologías::Neumología y vía aérea
EPOC estable — Rescate: ¿pauta de Salbutamol?	100-200 µg inhalada, A demanda, durante A demanda	Patologías::Neumología y vía aérea
¿Cuál es el objetivo terapéutico en EPOC estable?	Menos disnea y exacerbaciones; mejor tolerancia al ejercicio.	Patologías::Neumología y vía aérea
Clave en el tratamiento de EPOC estable:	<b>El ICS no se usa en monoterapia en la EPOC.</b>	Patologías::Neumología y vía aérea
¿Con qué fármacos se trata: Exacerbación de la EPOC — Tratamiento?	Salbutamol · Bromuro de ipratropio · Prednisona · Amoxicilina-clavulánico · Ciprofloxacino	Patologías::Neumología y vía aérea
Exacerbación de la EPOC — Tratamiento: ¿pauta de Salbutamol?	2,5-5 mg (o 4-8 pulsaciones con cámara) nebulizada / inhalada, Cada 4-6 h (más frecuente al inicio), durante Hasta estabilización	Patologías::Neumología y vía aérea
Exacerbación de la EPOC — Tratamiento: ¿pauta de Bromuro de ipratropio?	500 µg nebulizada, Cada 6-8 h, durante Hasta estabilización	Patologías::Neumología y vía aérea
Exacerbación de la EPOC — Tratamiento: ¿pauta de Prednisona?	40 mg VO, Cada 24 h, durante 5 días	Patologías::Neumología y vía aérea
Exacerbación de la EPOC — Tratamiento: ¿pauta de Amoxicilina-clavulánico?	875/125 mg VO, Cada 8 h, durante 5 días — Solo si esputo purulento	Patologías::Neumología y vía aérea
Exacerbación de la EPOC — Tratamiento: ¿pauta de Ciprofloxacino?	750 mg VO, Cada 12 h, durante 7-10 días — Riesgo de Pseudomonas (FEV1 <30%, bronquiectasias, aislamientos previos)	Patologías::Neumología y vía aérea
¿Cuál es el objetivo terapéutico en Exacerbación de la EPOC?	SpO2 88-92%; resolución en 7-10 días; prevenir la siguiente.	Patologías::Neumología y vía aérea
Clave en el tratamiento de Exacerbación de la EPOC:	<b>Oxígeno a alto flujo en el EPOC retenedor = narcosis hipercápnica.</b>	Patologías::Neumología y vía aérea
¿Con qué fármacos se trata: Bronquiolitis aguda — Prevención (inmunización pasiva frente al VRS) (Pediatría (lactantes))?	Nirsevimab	Patologías::Neumología y vía aérea
Bronquiolitis aguda — Prevención (inmunización pasiva frente al VRS) (Pediatría (lactantes)): ¿pauta de Nirsevimab?	50 mg (<5 kg) o 100 mg (≥5 kg); 200 mg en la 2.ª temporada de riesgo IM, Dosis única al inicio de la temporada (o al nacer en ella), durante Protege ≥5 meses	Patologías::Neumología y vía aérea
¿Con qué fármacos se trata: Bronquiolitis aguda — Tratamiento (casos seleccionados) (Pediatría (lactantes))?	Salbutamol (prueba terapéutica) · Suero salino hipertónico al 3%	Patologías::Neumología y vía aérea
Bronquiolitis aguda — Tratamiento (casos seleccionados) (Pediatría (lactantes)): ¿pauta de Salbutamol (prueba terapéutica)?	2-4 pulsaciones de 100 µg con cámara inhalada, Prueba única; mantener solo si respuesta clara, durante Según respuesta — Mayores de 6-12 meses con antecedentes atópicos	Patologías::Neumología y vía aérea
Bronquiolitis aguda — Tratamiento (casos seleccionados) (Pediatría (lactantes)): ¿pauta de Suero salino hipertónico al 3%?	4 mL nebulizada, Cada 6-8 h, durante Durante el ingreso — Solo en hospitalizados; evidencia limitada	Patologías::Neumología y vía aérea
¿Cuál es el objetivo terapéutico en Bronquiolitis aguda?	Mantener oxigenación e hidratación; detectar signos de gravedad (apneas, dificultad respiratoria grave).	Patologías::Neumología y vía aérea
Clave en el tratamiento de Bronquiolitis aguda:	<b>Corticoides y antibióticos no son útiles en la bronquiolitis.</b>	Patologías::Neumología y vía aérea
¿Con qué fármacos se trata: Laringitis aguda (crup) — Tratamiento (Pediatría)?	Dexametasona · Budesonida nebulizada · Adrenalina nebulizada	Patologías::Neumología y vía aérea
Laringitis aguda (crup) — Tratamiento (Pediatría): ¿pauta de Dexametasona?	0,15-0,6 mg/kg (máx. 10-16 mg) VO, Dosis única, durante Dosis única — Igual de eficaz VO que IM	Patologías::Neumología y vía aérea
Laringitis aguda (crup) — Tratamiento (Pediatría): ¿pauta de Budesonida nebulizada?	2 mg nebulizada, Dosis única, durante Dosis única — Si vomita o no tolera VO	Patologías::Neumología y vía aérea
Laringitis aguda (crup) — Tratamiento (Pediatría): ¿pauta de Adrenalina nebulizada?	0,5 mL/kg de la solución 1:1.000 (máx. 5 mL) nebulizada, Repetible cada 15-20 min si es necesario, durante Fase aguda — Estridor en reposo; observar 3-4 h (efecto rebote)	Patologías::Neumología y vía aérea
¿Cuál es el objetivo terapéutico en Laringitis aguda (crup)?	Ausencia de estridor en reposo antes del alta.	Patologías::Neumología y vía aérea
Clave en el tratamiento de Laringitis aguda (crup):	<b>Fiebre alta, aspecto tóxico, babeo y postura en trípode: epiglotitis</b> → vía aérea en quirófano, no crup.	Patologías::Neumología y vía aérea
