¿Con qué fármacos se trata: Bradicardia sintomática y bloqueo auriculoventricular — Bradicardia inestable?	Atropina · Adrenalina en perfusión · Dopamina en perfusión · Isoprenalina	Patologías::Cardiovascular
Bradicardia sintomática y bloqueo auriculoventricular — Bradicardia inestable: ¿pauta de Atropina?	1 mg IV, Cada 3-5 min, durante Hasta un máximo de 3 mg — Ineficaz en el bloqueo infrahisiano (QRS ancho) y en el corazón trasplantado	Patologías::Cardiovascular
Bradicardia sintomática y bloqueo auriculoventricular — Bradicardia inestable: ¿pauta de Adrenalina en perfusión?	2-10 µg/min IV, Perfusión titulada a FC y PA, durante Hasta marcapasos	Patologías::Cardiovascular
Bradicardia sintomática y bloqueo auriculoventricular — Bradicardia inestable: ¿pauta de Dopamina en perfusión?	5-20 µg/kg/min IV, Perfusión titulada, durante Hasta marcapasos — Alternativa	Patologías::Cardiovascular
Bradicardia sintomática y bloqueo auriculoventricular — Bradicardia inestable: ¿pauta de Isoprenalina?	1-10 µg/min IV, Perfusión titulada, durante Hasta marcapasos — Alternativa. Vasodilata: evitar si hay hipotensión marcada o isquemia	Patologías::Cardiovascular
¿Con qué fármacos se trata: Bradicardia sintomática y bloqueo auriculoventricular — Bradicardia por intoxicación?	Glucagón (betabloqueantes) · Gluconato cálcico (calcioantagonistas) · Anticuerpos antidigoxina (digoxina)	Patologías::Cardiovascular
Bradicardia sintomática y bloqueo auriculoventricular — Bradicardia por intoxicación: ¿pauta de Glucagón (betabloqueantes)?	3-10 mg en bolo; después 3-5 mg/h IV, Bolo en 1-2 min y perfusión, durante Según respuesta — Vómitos frecuentes: proteger la vía aérea	Patologías::Cardiovascular
Bradicardia sintomática y bloqueo auriculoventricular — Bradicardia por intoxicación: ¿pauta de Gluconato cálcico (calcioantagonistas)?	30-60 mL al 10% IV, En 10 min; repetible, durante Según respuesta — Más insulina en dosis altas en los casos graves	Patologías::Cardiovascular
Bradicardia sintomática y bloqueo auriculoventricular — Bradicardia por intoxicación: ¿pauta de Anticuerpos antidigoxina (digoxina)?	2-5 viales (40 mg cada uno) en bradiarritmia; 10-20 viales en parada IV, En 30 min (bolo en la parada), durante Dosis única, repetible	Patologías::Cardiovascular
¿Cuál es el objetivo terapéutico en Bradicardia sintomática y bloqueo auriculoventricular?	Recuperar una FC que mantenga la perfusión hasta el marcapasos o la corrección de la causa.	Patologías::Cardiovascular
Clave en el tratamiento de Bradicardia sintomática y bloqueo auriculoventricular:	<b>Bloqueo AV en el IAM inferior suele ser nodal y transitorio (responde a atropina); en el anterior es infrahisiano y necesita marcapasos.</b>	Patologías::Cardiovascular
¿Con qué fármacos se trata: Síncope e hipotensión ortostática — Hipotensión ortostática neurógena o refractaria?	Fludrocortisona · Midodrina	Patologías::Cardiovascular
Síncope e hipotensión ortostática — Hipotensión ortostática neurógena o refractaria: ¿pauta de Fludrocortisona?	0,1-0,2 mg VO, Cada 24 h por la mañana, durante Crónica, reevaluando — Expande el volumen; vigilar potasio, edemas e hipertensión en decúbito	Patologías::Cardiovascular
Síncope e hipotensión ortostática — Hipotensión ortostática neurógena o refractaria: ¿pauta de Midodrina?	2,5-10 mg VO, Cada 8 h durante el día (última ≥4 h antes de acostarse), durante Crónica, reevaluando	Patologías::Cardiovascular
¿Con qué fármacos se trata: Síncope e hipotensión ortostática — Síncope vasovagal recurrente refractario a medidas físicas?	Midodrina · Fludrocortisona	Patologías::Cardiovascular
Síncope e hipotensión ortostática — Síncope vasovagal recurrente refractario a medidas físicas: ¿pauta de Midodrina?	2,5-10 mg VO, Cada 8 h, durante Meses — En pacientes jóvenes con PA baja y sin HTA	Patologías::Cardiovascular
Síncope e hipotensión ortostática — Síncope vasovagal recurrente refractario a medidas físicas: ¿pauta de Fludrocortisona?	0,1-0,2 mg VO, Cada 24 h, durante Meses — Alternativa	Patologías::Cardiovascular
¿Cuál es el objetivo terapéutico en Síncope e hipotensión ortostática?	Descartar la causa arrítmica o estructural y evitar las recurrencias y las caídas.	Patologías::Cardiovascular
Clave en el tratamiento de Síncope e hipotensión ortostática:	<b>Síncope durante el ejercicio o en decúbito = cardiaco hasta demostrar lo contrario.</b>	Patologías::Cardiovascular
¿Con qué fármacos se trata: Pericarditis aguda — Primer episodio?	Ibuprofeno · Ácido acetilsalicílico · Colchicina · Omeprazol	Patologías::Cardiovascular
Pericarditis aguda — Primer episodio: ¿pauta de Ibuprofeno?	600 mg VO, Cada 8 h, durante 1-2 semanas; después descenso de 200-400 mg cada 1-2 semanas — Con protección gástrica	Patologías::Cardiovascular
Pericarditis aguda — Primer episodio: ¿pauta de Ácido acetilsalicílico?	750-1000 mg VO, Cada 8 h, durante 1-2 semanas; después descenso progresivo — Alternativa. De elección tras un IAM o si ya toma antiagregantes	Patologías::Cardiovascular
Pericarditis aguda — Primer episodio: ¿pauta de Colchicina?	0,5 mg (cada 24 h si <70 kg) VO, Cada 12 h, durante 3 meses (6 meses en la recurrencia) — Siempre añadida al AINE	Patologías::Cardiovascular
Pericarditis aguda — Primer episodio: ¿pauta de Omeprazol?	20 mg VO, Cada 24 h, durante Mientras dure el AINE	Patologías::Cardiovascular
¿Con qué fármacos se trata: Pericarditis aguda — Contraindicación o fracaso de AINE (segunda línea)?	Prednisona	Patologías::Cardiovascular
Pericarditis aguda — Contraindicación o fracaso de AINE (segunda línea): ¿pauta de Prednisona?	0,2-0,5 mg/kg/día VO, Cada 24 h, durante Hasta resolución y descenso muy lento (meses) — Dosis bajas: las altas favorecen la recurrencia	Patologías::Cardiovascular
¿Cuál es el objetivo terapéutico en Pericarditis aguda?	Controlar los síntomas, normalizar la PCR y evitar las recurrencias.	Patologías::Cardiovascular
Clave en el tratamiento de Pericarditis aguda:	<b>Los corticoides de primera línea aumentan las recurrencias.</b>	Patologías::Cardiovascular
¿Con qué fármacos se trata: Enfermedad arterial periférica e isquemia aguda de extremidades — Enfermedad arterial periférica sintomática?	Clopidogrel · Ácido acetilsalicílico · Rivaroxabán (dosis vascular, con AAS) · Atorvastatina · Cilostazol	Patologías::Cardiovascular
Enfermedad arterial periférica e isquemia aguda de extremidades — Enfermedad arterial periférica sintomática: ¿pauta de Clopidogrel?	75 mg VO, Cada 24 h, durante Indefinida — Algo superior al AAS en esta población	Patologías::Cardiovascular
Enfermedad arterial periférica e isquemia aguda de extremidades — Enfermedad arterial periférica sintomática: ¿pauta de Ácido acetilsalicílico?	75-100 mg VO, Cada 24 h, durante Indefinida — Alternativa	Patologías::Cardiovascular
Enfermedad arterial periférica e isquemia aguda de extremidades — Enfermedad arterial periférica sintomática: ¿pauta de Rivaroxabán (dosis vascular, con AAS)?	2,5 mg VO, Cada 12 h, durante Indefinida — Riesgo isquémico alto y hemorrágico bajo, o tras revascularización	Patologías::Cardiovascular
Enfermedad arterial periférica e isquemia aguda de extremidades — Enfermedad arterial periférica sintomática: ¿pauta de Atorvastatina?	40-80 mg VO, Cada 24 h, durante Indefinida — Objetivo LDL <55 mg/dL	Patologías::Cardiovascular
Enfermedad arterial periférica e isquemia aguda de extremidades — Enfermedad arterial periférica sintomática: ¿pauta de Cilostazol?	100 mg VO, Cada 12 h, lejos de las comidas, durante Reevaluar a los 3 meses — Contraindicado en insuficiencia cardiaca	Patologías::Cardiovascular
¿Con qué fármacos se trata: Enfermedad arterial periférica e isquemia aguda de extremidades — Isquemia aguda de extremidad?	Heparina no fraccionada	Patologías::Cardiovascular
Enfermedad arterial periférica e isquemia aguda de extremidades — Isquemia aguda de extremidad: ¿pauta de Heparina no fraccionada?	80 UI/kg en bolo; después 18 UI/kg/h IV, Perfusión ajustada al TTPa (1,5-2,5 veces el control), durante Hasta la revascularización — Analgesia con opioides	Patologías::Cardiovascular
¿Cuál es el objetivo terapéutico en Enfermedad arterial periférica e isquemia aguda de extremidades?	Reducir eventos cardiovasculares y amputaciones y mejorar la distancia de marcha.	Patologías::Cardiovascular
Clave en el tratamiento de Enfermedad arterial periférica e isquemia aguda de extremidades:	<b>Las 6 P de la isquemia aguda: dolor, palidez, ausencia de pulso, parestesias, parálisis, poiquilotermia.</b>	Patologías::Cardiovascular
¿Con qué fármacos se trata: Insuficiencia venosa crónica, varices y trombosis venosa superficial — Síntomas de insuficiencia venosa crónica?	Diosmina-hesperidina · Oxerutinas · Dobesilato cálcico	Patologías::Cardiovascular
Insuficiencia venosa crónica, varices y trombosis venosa superficial — Síntomas de insuficiencia venosa crónica: ¿pauta de Diosmina-hesperidina?	1000 mg/día VO, Cada 12-24 h, durante 2-3 meses y reevaluar	Patologías::Cardiovascular
Insuficiencia venosa crónica, varices y trombosis venosa superficial — Síntomas de insuficiencia venosa crónica: ¿pauta de Oxerutinas?	500 mg VO, Cada 12 h, durante 4-8 semanas y reevaluar — Alternativa	Patologías::Cardiovascular
Insuficiencia venosa crónica, varices y trombosis venosa superficial — Síntomas de insuficiencia venosa crónica: ¿pauta de Dobesilato cálcico?	500 mg VO, Cada 12 h, durante Ciclos de 1-3 meses — Alternativa	Patologías::Cardiovascular
¿Con qué fármacos se trata: Insuficiencia venosa crónica, varices y trombosis venosa superficial — Úlcera venosa?	Diosmina-hesperidina (coadyuvante) · Amoxicilina-clavulánico (solo si celulitis periulcerosa)	Patologías::Cardiovascular
Insuficiencia venosa crónica, varices y trombosis venosa superficial — Úlcera venosa: ¿pauta de Diosmina-hesperidina (coadyuvante)?	1000 mg/día VO, Cada 12-24 h, durante Hasta la cicatrización — Acelera la curación junto a la compresión	Patologías::Cardiovascular
Insuficiencia venosa crónica, varices y trombosis venosa superficial — Úlcera venosa: ¿pauta de Amoxicilina-clavulánico (solo si celulitis periulcerosa)?	875/125 mg VO, Cada 8 h, durante 7 días — La colonización sin signos de infección no se trata	Patologías::Cardiovascular
¿Con qué fármacos se trata: Insuficiencia venosa crónica, varices y trombosis venosa superficial — Trombosis venosa superficial?	Fondaparinux · Ibuprofeno (trombosis corta y distal)	Patologías::Cardiovascular
Insuficiencia venosa crónica, varices y trombosis venosa superficial — Trombosis venosa superficial: ¿pauta de Fondaparinux?	2,5 mg SC, Cada 24 h, durante 45 días — Si ≥5 cm de longitud; a <3 cm de la unión safeno-femoral, anticoagulación a dosis terapéutica como una TVP	Patologías::Cardiovascular
Insuficiencia venosa crónica, varices y trombosis venosa superficial — Trombosis venosa superficial: ¿pauta de Ibuprofeno (trombosis corta y distal)?	400-600 mg VO, Cada 8 h, durante 7-10 días — Con calor local	Patologías::Cardiovascular
¿Cuál es el objetivo terapéutico en Insuficiencia venosa crónica, varices y trombosis venosa superficial?	Aliviar síntomas, curar úlceras y prevenir la TVP.	Patologías::Cardiovascular
Clave en el tratamiento de Insuficiencia venosa crónica, varices y trombosis venosa superficial:	<b>Antes de comprimir, medir el ITB: la compresión en arteriopatía grave produce necrosis.</b>	Patologías::Cardiovascular
¿Con qué fármacos se trata: Taquicardia de QRS ancho y taquicardia ventricular — TV monomorfa estable?	Amiodarona · Lidocaína (TV en isquemia aguda)	Patologías::Cardiovascular
Taquicardia de QRS ancho y taquicardia ventricular — TV monomorfa estable: ¿pauta de Amiodarona?	150-300 mg en 10-20 min; después 900 mg/24 h IV, Carga y perfusión, durante 24 h y paso a vía oral si hace falta	Patologías::Cardiovascular
Taquicardia de QRS ancho y taquicardia ventricular — TV monomorfa estable: ¿pauta de Lidocaína (TV en isquemia aguda)?	1-1,5 mg/kg; perfusión 1-4 mg/min IV, Bolo y perfusión, durante Fase aguda — Alternativa	Patologías::Cardiovascular
¿Con qué fármacos se trata: Taquicardia de QRS ancho y taquicardia ventricular — Torsade de pointes?	Sulfato de magnesio · Isoprenalina (torsade dependiente de bradicardia) · Cloruro potásico (objetivo K 4,5-5)	Patologías::Cardiovascular
Taquicardia de QRS ancho y taquicardia ventricular — Torsade de pointes: ¿pauta de Sulfato de magnesio?	2 g en 2-10 min; después 3-20 mg/min IV, Bolo y perfusión, durante Hasta estabilizar el QT — Aunque el magnesio sea normal	Patologías::Cardiovascular
Taquicardia de QRS ancho y taquicardia ventricular — Torsade de pointes: ¿pauta de Isoprenalina (torsade dependiente de bradicardia)?	1-10 µg/min IV, Perfusión titulada a FC >90, durante Hasta marcapasos — Alternativa al marcapasos transitorio	Patologías::Cardiovascular
Taquicardia de QRS ancho y taquicardia ventricular — Torsade de pointes: ¿pauta de Cloruro potásico (objetivo K 4,5-5)?	10-20 mEq/h IV, Perfusión, durante Hasta K 4,5-5 mEq/L	Patologías::Cardiovascular
¿Con qué fármacos se trata: Taquicardia de QRS ancho y taquicardia ventricular — Prevención de recurrencias (además del DAI)?	Bisoprolol · Amiodarona	Patologías::Cardiovascular
Taquicardia de QRS ancho y taquicardia ventricular — Prevención de recurrencias (además del DAI): ¿pauta de Bisoprolol?	2,5-10 mg VO, Cada 24 h, durante Indefinida	Patologías::Cardiovascular
Taquicardia de QRS ancho y taquicardia ventricular — Prevención de recurrencias (además del DAI): ¿pauta de Amiodarona?	200 mg (tras carga) VO, Cada 24 h, durante Indefinida — Controlar tiroides, hígado y pulmón	Patologías::Cardiovascular
¿Cuál es el objetivo terapéutico en Taquicardia de QRS ancho y taquicardia ventricular?	Terminar la arritmia, tratar la causa (isquemia, iones, fármacos) y prevenir la muerte súbita.	Patologías::Cardiovascular
Clave en el tratamiento de Taquicardia de QRS ancho y taquicardia ventricular:	<b>Verapamilo en una TV mal diagnosticada de TSV puede provocar colapso: nunca en QRS ancho.</b>	Patologías::Cardiovascular
¿Con qué fármacos se trata: Hipertensión arterial esencial — Paso 1: combinación doble (IECA o ARA-II + calcioantagonista o tiazida)?	Ramipril · Losartán · Amlodipino · Hidroclorotiazida	Patologías::Cardiovascular
Hipertensión arterial esencial — Paso 1: combinación doble (IECA o ARA-II + calcioantagonista o tiazida): ¿pauta de Ramipril?	2,5-10 mg VO, Cada 24 h, durante Indefinida — Creatinina y K a las 1-2 semanas	Patologías::Cardiovascular
Hipertensión arterial esencial — Paso 1: combinación doble (IECA o ARA-II + calcioantagonista o tiazida): ¿pauta de Losartán?	50-100 mg VO, Cada 24 h, durante Indefinida — Si tos con IECA; losartán si hay gota	Patologías::Cardiovascular
Hipertensión arterial esencial — Paso 1: combinación doble (IECA o ARA-II + calcioantagonista o tiazida): ¿pauta de Amlodipino?	5-10 mg VO, Cada 24 h, durante Indefinida — Edema maleolar dosis-dependiente	Patologías::Cardiovascular
Hipertensión arterial esencial — Paso 1: combinación doble (IECA o ARA-II + calcioantagonista o tiazida): ¿pauta de Hidroclorotiazida?	12,5-25 mg VO, Cada 24 h (mañana), durante Indefinida — Na y K a las 2-4 semanas	Patologías::Cardiovascular
¿Con qué fármacos se trata: Hipertensión arterial esencial — Paso 2: triple terapia?	IECA o ARA-II (dosis plena) · Amlodipino · Clortalidona	Patologías::Cardiovascular
Hipertensión arterial esencial — Paso 2: triple terapia: ¿pauta de IECA o ARA-II (dosis plena)?	160-320 mg (valsartán) VO, Cada 24 h, durante Indefinida	Patologías::Cardiovascular
Hipertensión arterial esencial — Paso 2: triple terapia: ¿pauta de Amlodipino?	10 mg VO, Cada 24 h, durante Indefinida	Patologías::Cardiovascular
Hipertensión arterial esencial — Paso 2: triple terapia: ¿pauta de Clortalidona?	12,5-25 mg VO, Cada 24 h, durante Indefinida — Más potente y duradera que la hidroclorotiazida	Patologías::Cardiovascular
¿Con qué fármacos se trata: Hipertensión arterial esencial — Paso 3: hipertensión resistente (PA no controlada con 3 fármacos a dosis plenas, uno diurético)?	Espironolactona · Bisoprolol	Patologías::Cardiovascular
Hipertensión arterial esencial — Paso 3: hipertensión resistente (PA no controlada con 3 fármacos a dosis plenas, uno diurético): ¿pauta de Espironolactona?	25-50 mg VO, Cada 24 h, durante Indefinida — Si K <4,5 y FG >45; control de K al mes (PATHWAY-2)	Patologías::Cardiovascular
Hipertensión arterial esencial — Paso 3: hipertensión resistente (PA no controlada con 3 fármacos a dosis plenas, uno diurético): ¿pauta de Bisoprolol?	5-10 mg VO, Cada 24 h, durante Indefinida — Alternativa si no se tolera la espironolactona	Patologías::Cardiovascular
¿Con qué fármacos se trata: Hipertensión arterial esencial — Hipertensión en el embarazo (crónica o gestacional) (Embarazo)?	Nifedipino de liberación prolongada · Labetalol · Metildopa	Patologías::Cardiovascular
Hipertensión arterial esencial — Hipertensión en el embarazo (crónica o gestacional) (Embarazo): ¿pauta de Nifedipino de liberación prolongada?	30-60 mg (máx. 120 mg) VO, Cada 24 h, durante Hasta el parto y posparto según PA	Patologías::Cardiovascular
Hipertensión arterial esencial — Hipertensión en el embarazo (crónica o gestacional) (Embarazo): ¿pauta de Labetalol?	100-400 mg VO, Cada 8-12 h, durante Hasta el parto y posparto según PA — Evitar en asma	Patologías::Cardiovascular
Hipertensión arterial esencial — Hipertensión en el embarazo (crónica o gestacional) (Embarazo): ¿pauta de Metildopa?	250-500 mg VO, Cada 8-12 h, durante Hasta el parto — Segunda línea; sedación; no en el posparto (depresión)	Patologías::Cardiovascular
¿Cuál es el objetivo terapéutico en Hipertensión arterial esencial?	PAS 120-129 mmHg si se tolera; como mínimo <140/90. En ≥85 años o frágiles, el objetivo más bajo que se tolere sin hipotensión ortostática.	Patologías::Cardiovascular
Clave en el tratamiento de Hipertensión arterial esencial:	<b>Nunca IECA + ARA-II juntos</b>: más hiperpotasemia y fracaso renal sin beneficio.	Patologías::Cardiovascular
¿Con qué fármacos se trata: Urgencia y emergencia hipertensiva — Urgencia hipertensiva (sin lesión aguda de órgano diana)?	Captopril · Amlodipino · Labetalol oral	Patologías::Cardiovascular
Urgencia y emergencia hipertensiva — Urgencia hipertensiva (sin lesión aguda de órgano diana): ¿pauta de Captopril?	25 mg VO, Dosis única; repetible a los 30-60 min, durante Dosis puntual — <b>Nunca nifedipino de liberación inmediata ni sublingual</b>	Patologías::Cardiovascular
Urgencia y emergencia hipertensiva — Urgencia hipertensiva (sin lesión aguda de órgano diana): ¿pauta de Amlodipino?	5-10 mg VO, Cada 24 h, durante Inicio del tratamiento crónico	Patologías::Cardiovascular
Urgencia y emergencia hipertensiva — Urgencia hipertensiva (sin lesión aguda de órgano diana): ¿pauta de Labetalol oral?	100-200 mg VO, Dosis única, durante Dosis puntual — Evitar en asma, bradicardia o IC descompensada	Patologías::Cardiovascular
¿Con qué fármacos se trata: Urgencia y emergencia hipertensiva — Emergencia hipertensiva general (encefalopatía, fracaso renal, retinopatía)?	Labetalol · Urapidilo · Nicardipino	Patologías::Cardiovascular
Urgencia y emergencia hipertensiva — Emergencia hipertensiva general (encefalopatía, fracaso renal, retinopatía): ¿pauta de Labetalol?	20 mg bolo, después 20-80 mg (máx. 300 mg) o perfusión 1-2 mg/min IV, Bolos cada 10 min, durante Hasta control; después paso a VO	Patologías::Cardiovascular
Urgencia y emergencia hipertensiva — Emergencia hipertensiva general (encefalopatía, fracaso renal, retinopatía): ¿pauta de Urapidilo?	12,5-25 mg bolo; perfusión 5-40 mg/h IV, Bolo repetible a los 5 min, durante Hasta control — Útil si el betabloqueo está contraindicado	Patologías::Cardiovascular
Urgencia y emergencia hipertensiva — Emergencia hipertensiva general (encefalopatía, fracaso renal, retinopatía): ¿pauta de Nicardipino?	5 mg/h, subir 2,5 mg/h cada 5-15 min (máx. 15 mg/h) IV, Perfusión continua, durante Hasta control	Patologías::Cardiovascular
¿Con qué fármacos se trata: Urgencia y emergencia hipertensiva — Edema agudo de pulmón hipertensivo o síndrome coronario agudo?	Nitroglicerina · Furosemida	Patologías::Cardiovascular
Urgencia y emergencia hipertensiva — Edema agudo de pulmón hipertensivo o síndrome coronario agudo: ¿pauta de Nitroglicerina?	10-20 µg/min, subir 10-20 µg/min cada 5 min (máx. 200 µg/min) IV, Perfusión continua, durante 24-48 h — Contraindicada con inhibidores de la PDE5 recientes	Patologías::Cardiovascular
Urgencia y emergencia hipertensiva — Edema agudo de pulmón hipertensivo o síndrome coronario agudo: ¿pauta de Furosemida?	40 mg IV, Bolo; repetir según diuresis, durante Mientras haya congestión — Solo en el EAP	Patologías::Cardiovascular
¿Con qué fármacos se trata: Urgencia y emergencia hipertensiva — Disección aórtica aguda?	Labetalol · Nitroprusiato	Patologías::Cardiovascular
Urgencia y emergencia hipertensiva — Disección aórtica aguda: ¿pauta de Labetalol?	20 mg bolo; perfusión 1-2 mg/min IV, Bolos cada 10 min, durante Hasta cirugía o control	Patologías::Cardiovascular
Urgencia y emergencia hipertensiva — Disección aórtica aguda: ¿pauta de Nitroprusiato?	0,3-10 µg/kg/min IV, Perfusión continua, durante <48-72 h (toxicidad por cianuro) — Solo tras betabloqueo	Patologías::Cardiovascular
¿Con qué fármacos se trata: Urgencia y emergencia hipertensiva — Preeclampsia grave / eclampsia (Embarazo)?	Labetalol · Nifedipino de liberación inmediata (tragado, no sublingual) · Sulfato de magnesio	Patologías::Cardiovascular
Urgencia y emergencia hipertensiva — Preeclampsia grave / eclampsia (Embarazo): ¿pauta de Labetalol?	20 mg, luego 40-80 mg (máx. 220-300 mg) IV, Cada 10-20 min, durante Hasta PA <160/110	Patologías::Cardiovascular
Urgencia y emergencia hipertensiva — Preeclampsia grave / eclampsia (Embarazo): ¿pauta de Nifedipino de liberación inmediata (tragado, no sublingual)?	10-20 mg VO, Cada 20-30 min hasta 3 dosis, durante Fase aguda — Alternativa sin vía IV	Patologías::Cardiovascular
Urgencia y emergencia hipertensiva — Preeclampsia grave / eclampsia (Embarazo): ¿pauta de Sulfato de magnesio?	4-6 g en 20 min, después 1-2 g/h IV, Carga + perfusión, durante Hasta 24 h posparto — Prevención y tratamiento de la convulsión, no antihipertensivo	Patologías::Cardiovascular
¿Cuál es el objetivo terapéutico en Urgencia y emergencia hipertensiva?	Urgencia: bajar progresivamente en 24-48 h. Emergencia: reducir la PA media ≤25% en la primera hora y a 160/100 en 2-6 h; excepciones: disección aórtica (PAS <120 y FC <60 en 20 min) y ictus (según trombólisis).	Patologías::Cardiovascular
Clave en el tratamiento de Urgencia y emergencia hipertensiva:	<b>Bajar la PA demasiado rápido produce isquemia cerebral, coronaria y renal</b>: la autorregulación está desplazada.	Patologías::Cardiovascular
¿Con qué fármacos se trata: Insuficiencia cardiaca crónica con FEVI reducida — Los 4 pilares (iniciar todos en las primeras 4-6 semanas)?	Sacubitrilo/valsartán · Bisoprolol · Espironolactona · Dapagliflozina	Patologías::Cardiovascular
Insuficiencia cardiaca crónica con FEVI reducida — Los 4 pilares (iniciar todos en las primeras 4-6 semanas): ¿pauta de Sacubitrilo/valsartán?	24/26 mg → 97/103 mg VO, Cada 12 h, durante Indefinida — 36 h de lavado si viene de IECA; titular cada 2-4 semanas	Patologías::Cardiovascular
Insuficiencia cardiaca crónica con FEVI reducida — Los 4 pilares (iniciar todos en las primeras 4-6 semanas): ¿pauta de Bisoprolol?	1,25 mg → 10 mg VO, Cada 24 h, durante Indefinida — Iniciar con el paciente euvolémico	Patologías::Cardiovascular
Insuficiencia cardiaca crónica con FEVI reducida — Los 4 pilares (iniciar todos en las primeras 4-6 semanas): ¿pauta de Espironolactona?	12,5-25 mg → 50 mg VO, Cada 24 h, durante Indefinida — Si K ≤5,0 y FG >30; K a la semana y al mes	Patologías::Cardiovascular
Insuficiencia cardiaca crónica con FEVI reducida — Los 4 pilares (iniciar todos en las primeras 4-6 semanas): ¿pauta de Dapagliflozina?	10 mg VO, Cada 24 h, durante Indefinida — Sin titulación; FG ≥20-25	Patologías::Cardiovascular
¿Con qué fármacos se trata: Insuficiencia cardiaca crónica con FEVI reducida — Control de la congestión?	Furosemida	Patologías::Cardiovascular
Insuficiencia cardiaca crónica con FEVI reducida — Control de la congestión: ¿pauta de Furosemida?	20-80 mg VO, Cada 12-24 h, durante Mientras haya tendencia a la congestión — Dosis flexible según peso diario	Patologías::Cardiovascular
¿Con qué fármacos se trata: Insuficiencia cardiaca crónica con FEVI reducida — Tratamientos añadidos en situaciones concretas?	Ivabradina · Hierro carboximaltosa · Digoxina	Patologías::Cardiovascular
Insuficiencia cardiaca crónica con FEVI reducida — Tratamientos añadidos en situaciones concretas: ¿pauta de Ivabradina?	5 mg → 7,5 mg VO, Cada 12 h, durante Indefinida — Ritmo sinusal con FC ≥70 lpm pese a betabloqueante a dosis máxima tolerada	Patologías::Cardiovascular
Insuficiencia cardiaca crónica con FEVI reducida — Tratamientos añadidos en situaciones concretas: ¿pauta de Hierro carboximaltosa?	500-1.000 mg IV, Dosis única; repetir según ferritina, durante Hasta corregir la ferropenia — Ferritina <100, o 100-299 con IST <20%	Patologías::Cardiovascular
Insuficiencia cardiaca crónica con FEVI reducida — Tratamientos añadidos en situaciones concretas: ¿pauta de Digoxina?	0,125 mg VO, Cada 24 h, durante Indefinida — Síntomas persistentes o FA rápida; niveles 0,5-0,9 ng/mL	Patologías::Cardiovascular
¿Cuál es el objetivo terapéutico en Insuficiencia cardiaca crónica con FEVI reducida?	Alcanzar las dosis objetivo (o máximas toleradas) de los 4 pilares; euvolemia con la mínima dosis de diurético; FC en reposo 60-70 lpm.	Patologías::Cardiovascular
Clave en el tratamiento de Insuficiencia cardiaca crónica con FEVI reducida:	<b>Empeoramiento leve de creatinina o hipotensión asintomática no justifican retirar los pilares</b>: ajustar primero el diurético.	Patologías::Cardiovascular
¿Con qué fármacos se trata: Insuficiencia cardiaca aguda y edema agudo de pulmón — Congestión con PA conservada o alta («caliente y húmedo»)?	Furosemida · Nitroglicerina · Oxígeno	Patologías::Cardiovascular
Insuficiencia cardiaca aguda y edema agudo de pulmón — Congestión con PA conservada o alta («caliente y húmedo»): ¿pauta de Furosemida?	40 mg (o 1-2,5 veces la dosis oral diaria) IV, Bolo cada 8-12 h o perfusión continua, durante Hasta euvolemia (habitualmente 3-5 días); después paso a VO — Si respuesta insuficiente: duplicar dosis o añadir tiazida/acetazolamida	Patologías::Cardiovascular
Insuficiencia cardiaca aguda y edema agudo de pulmón — Congestión con PA conservada o alta («caliente y húmedo»): ¿pauta de Nitroglicerina?	10-20 µg/min → hasta 200 µg/min IV, Perfusión continua, durante 24-48 h — Solo si PAS >110 mmHg; muy útil en el EAP hipertensivo	Patologías::Cardiovascular
Insuficiencia cardiaca aguda y edema agudo de pulmón — Congestión con PA conservada o alta («caliente y húmedo»): ¿pauta de Oxígeno?	2-15 L/min o ventilación no invasiva (CPAP) inhalada, Continuo, durante Mientras SpO2 <90% — No de forma rutinaria si SpO2 normal	Patologías::Cardiovascular
¿Con qué fármacos se trata: Insuficiencia cardiaca aguda y edema agudo de pulmón — Resistencia diurética (refuerzo con bloqueo secuencial de la nefrona)?	Hidroclorotiazida · Acetazolamida	Patologías::Cardiovascular
Insuficiencia cardiaca aguda y edema agudo de pulmón — Resistencia diurética (refuerzo con bloqueo secuencial de la nefrona): ¿pauta de Hidroclorotiazida?	25-50 mg VO, Cada 24 h, durante 2-3 días — Vigilar K y Na estrechamente	Patologías::Cardiovascular
Insuficiencia cardiaca aguda y edema agudo de pulmón — Resistencia diurética (refuerzo con bloqueo secuencial de la nefrona): ¿pauta de Acetazolamida?	500 mg IV, Cada 24 h, durante 3 días — Mejora la descongestión (ADVOR)	Patologías::Cardiovascular
¿Con qué fármacos se trata: Insuficiencia cardiaca aguda y edema agudo de pulmón — Bajo gasto / shock cardiogénico («frío»)?	Dobutamina · Noradrenalina	Patologías::Cardiovascular
Insuficiencia cardiaca aguda y edema agudo de pulmón — Bajo gasto / shock cardiogénico («frío»): ¿pauta de Dobutamina?	2-20 µg/kg/min IV, Perfusión continua, durante El mínimo necesario — Inotrópico; arritmias	Patologías::Cardiovascular
Insuficiencia cardiaca aguda y edema agudo de pulmón — Bajo gasto / shock cardiogénico («frío»): ¿pauta de Noradrenalina?	0,05-0,5 µg/kg/min IV, Perfusión continua, durante Hasta estabilizar — Si PAS <90 con hipoperfusión	Patologías::Cardiovascular
¿Cuál es el objetivo terapéutico en Insuficiencia cardiaca aguda y edema agudo de pulmón?	Diuresis >100-150 mL/h en las primeras 6 h y natriuresis >50-70 mEq/L a las 2 h; alivio de la disnea; SpO2 >90%.	Patologías::Cardiovascular
Clave en el tratamiento de Insuficiencia cardiaca aguda y edema agudo de pulmón:	<b>La morfina ya no es de rutina</b> en el EAP (más ventilación mecánica y mortalidad en registros).	Patologías::Cardiovascular
¿Con qué fármacos se trata: Síndrome coronario agudo — Fase aguda (urgencias)?	Ácido acetilsalicílico · Ticagrelor · Clopidogrel · Nitroglicerina sublingual · Morfina	Patologías::Cardiovascular
Síndrome coronario agudo — Fase aguda (urgencias): ¿pauta de Ácido acetilsalicílico?	150-300 mg carga, después 75-100 mg VO, Carga masticada, luego cada 24 h, durante Indefinida	Patologías::Cardiovascular
Síndrome coronario agudo — Fase aguda (urgencias): ¿pauta de Ticagrelor?	180 mg carga, después 90 mg VO, Carga, luego cada 12 h, durante 12 meses (doble antiagregación)	Patologías::Cardiovascular
Síndrome coronario agudo — Fase aguda (urgencias): ¿pauta de Clopidogrel?	300-600 mg carga, después 75 mg VO, Carga, luego cada 24 h, durante 12 meses — Si fibrinólisis, anticoagulación oral o alto riesgo hemorrágico	Patologías::Cardiovascular
Síndrome coronario agudo — Fase aguda (urgencias): ¿pauta de Nitroglicerina sublingual?	0,4 mg SL, Cada 5 min, máximo 3 dosis, durante Mientras dure el dolor — No si PAS <90, IAM de VD o PDE5 reciente	Patologías::Cardiovascular
Síndrome coronario agudo — Fase aguda (urgencias): ¿pauta de Morfina?	2-4 mg IV, Cada 5-15 min si dolor refractario, durante Fase aguda — Retrasa la absorción de los antiagregantes orales	Patologías::Cardiovascular
¿Con qué fármacos se trata: Síndrome coronario agudo — Anticoagulación en la fase aguda?	Heparina no fraccionada · Enoxaparina · Fondaparinux	Patologías::Cardiovascular
Síndrome coronario agudo — Anticoagulación en la fase aguda: ¿pauta de Heparina no fraccionada?	70-100 UI/kg bolo durante la angioplastia IV, Bolo (ajuste por TCA), durante Durante el procedimiento	Patologías::Cardiovascular
Síndrome coronario agudo — Anticoagulación en la fase aguda: ¿pauta de Enoxaparina?	1 mg/kg SC, Cada 12 h, durante Hasta revascularización o alta (máx. 8 días) — FG <30: cada 24 h; >75 años 0,75 mg/kg	Patologías::Cardiovascular
Síndrome coronario agudo — Anticoagulación en la fase aguda: ¿pauta de Fondaparinux?	2,5 mg SC, Cada 24 h, durante Hasta 8 días o alta — SCASEST con estrategia no urgente; bolo de HNF si angioplastia	Patologías::Cardiovascular
¿Con qué fármacos se trata: Síndrome coronario agudo — Prevención secundaria (desde el ingreso)?	Atorvastatina · Bisoprolol · Ramipril · Pantoprazol · Eplerenona	Patologías::Cardiovascular
Síndrome coronario agudo — Prevención secundaria (desde el ingreso): ¿pauta de Atorvastatina?	80 mg VO, Cada 24 h, durante Indefinida — Añadir ezetimiba si LDL no en objetivo a las 4-6 semanas	Patologías::Cardiovascular
Síndrome coronario agudo — Prevención secundaria (desde el ingreso): ¿pauta de Bisoprolol?	1,25-10 mg VO, Cada 24 h, durante Indefinida si FEVI ≤40%; al menos 1 año si FEVI normal — No en las primeras horas si Killip ≥II	Patologías::Cardiovascular
Síndrome coronario agudo — Prevención secundaria (desde el ingreso): ¿pauta de Ramipril?	2,5 → 10 mg VO, Cada 24 h, durante Indefinida — Especialmente si FEVI ≤40%, HTA, diabetes o ERC	Patologías::Cardiovascular
Síndrome coronario agudo — Prevención secundaria (desde el ingreso): ¿pauta de Pantoprazol?	20-40 mg VO, Cada 24 h, durante Mientras dure la doble antiagregación — IBP de elección con clopidogrel	Patologías::Cardiovascular
Síndrome coronario agudo — Prevención secundaria (desde el ingreso): ¿pauta de Eplerenona?	25 → 50 mg VO, Cada 24 h, durante Indefinida — Si FEVI ≤40% con IC o diabetes	Patologías::Cardiovascular
¿Cuál es el objetivo terapéutico en Síndrome coronario agudo?	Reperfusión precoz; LDL <55 mg/dL y descenso ≥50%; FC 55-60 lpm; PA <130/80.	Patologías::Cardiovascular
Clave en el tratamiento de Síndrome coronario agudo:	<b>Tiempo es miocardio</b>: en el SCACEST, no retrasar la reperfusión por pruebas.	Patologías::Cardiovascular
¿Con qué fármacos se trata: Cardiopatía isquémica estable (angina de esfuerzo) — Rescate de la crisis de angina?	Nitroglicerina sublingual	Patologías::Cardiovascular
Cardiopatía isquémica estable (angina de esfuerzo) — Rescate de la crisis de angina: ¿pauta de Nitroglicerina sublingual?	0,4 mg (1 comprimido o pulverización) SL, Cada 5 min, máximo 3 dosis, durante A demanda — Si no cede tras 3 dosis (15 min): urgencias (posible SCA)	Patologías::Cardiovascular
¿Con qué fármacos se trata: Cardiopatía isquémica estable (angina de esfuerzo) — Antianginosos de fondo?	Bisoprolol · Amlodipino · Diltiazem · Mononitrato de isosorbida · Ivabradina	Patologías::Cardiovascular
Cardiopatía isquémica estable (angina de esfuerzo) — Antianginosos de fondo: ¿pauta de Bisoprolol?	2,5-10 mg VO, Cada 24 h, durante Indefinida — Primera línea, sobre todo con FC alta o IC	Patologías::Cardiovascular
Cardiopatía isquémica estable (angina de esfuerzo) — Antianginosos de fondo: ¿pauta de Amlodipino?	5-10 mg VO, Cada 24 h, durante Indefinida — Primera línea o asociado al betabloqueante	Patologías::Cardiovascular
Cardiopatía isquémica estable (angina de esfuerzo) — Antianginosos de fondo: ¿pauta de Diltiazem?	120-360 mg (retard) VO, Cada 24 h, durante Indefinida — Si betabloqueante contraindicado (asma) y FEVI normal; <b>no asociar a betabloqueante</b>	Patologías::Cardiovascular
Cardiopatía isquémica estable (angina de esfuerzo) — Antianginosos de fondo: ¿pauta de Mononitrato de isosorbida?	50-60 mg retard VO, Cada 24 h por la mañana, durante Indefinida — Segunda línea; intervalo libre nocturno	Patologías::Cardiovascular
Cardiopatía isquémica estable (angina de esfuerzo) — Antianginosos de fondo: ¿pauta de Ivabradina?	5 → 7,5 mg VO, Cada 12 h, durante Indefinida — Ritmo sinusal, FC ≥70 lpm con intolerancia o contraindicación a betabloqueante	Patologías::Cardiovascular
¿Con qué fármacos se trata: Cardiopatía isquémica estable (angina de esfuerzo) — Prevención de eventos?	Ácido acetilsalicílico · Atorvastatina · Ramipril · Rivaroxabán (dosis vascular)	Patologías::Cardiovascular
Cardiopatía isquémica estable (angina de esfuerzo) — Prevención de eventos: ¿pauta de Ácido acetilsalicílico?	75-100 mg VO, Cada 24 h, durante Indefinida	Patologías::Cardiovascular
Cardiopatía isquémica estable (angina de esfuerzo) — Prevención de eventos: ¿pauta de Atorvastatina?	40-80 mg VO, Cada 24 h, durante Indefinida	Patologías::Cardiovascular
Cardiopatía isquémica estable (angina de esfuerzo) — Prevención de eventos: ¿pauta de Ramipril?	10 mg VO, Cada 24 h, durante Indefinida — Si HTA, diabetes, ERC o disfunción ventricular	Patologías::Cardiovascular
Cardiopatía isquémica estable (angina de esfuerzo) — Prevención de eventos: ¿pauta de Rivaroxabán (dosis vascular)?	2,5 mg VO, Cada 12 h, con AAS, durante Indefinida — Alto riesgo isquémico y bajo riesgo hemorrágico (COMPASS)	Patologías::Cardiovascular
¿Cuál es el objetivo terapéutico en Cardiopatía isquémica estable (angina de esfuerzo)?	Sin angina o con angina tolerable; FC en reposo 55-60 lpm; LDL <55 mg/dL.	Patologías::Cardiovascular
Clave en el tratamiento de Cardiopatía isquémica estable (angina de esfuerzo):	<b>Nitrato + inhibidor de PDE5 (sildenafilo, tadalafilo) = hipotensión grave.</b>	Patologías::Cardiovascular
¿Con qué fármacos se trata: Fibrilación auricular — Anticoagulación (CHA2DS2-VA ≥2, considerar si 1)?	Apixabán · Rivaroxabán · Edoxabán · Dabigatrán · Acenocumarol	Patologías::Cardiovascular
Fibrilación auricular — Anticoagulación (CHA2DS2-VA ≥2, considerar si 1): ¿pauta de Apixabán?	5 mg (2,5 mg si 2 de: ≥80 años, ≤60 kg, Cr ≥1,5) VO, Cada 12 h, durante Indefinida	Patologías::Cardiovascular
Fibrilación auricular — Anticoagulación (CHA2DS2-VA ≥2, considerar si 1): ¿pauta de Rivaroxabán?	20 mg (15 mg si FG 15-49) VO, Cada 24 h con la cena, durante Indefinida	Patologías::Cardiovascular
Fibrilación auricular — Anticoagulación (CHA2DS2-VA ≥2, considerar si 1): ¿pauta de Edoxabán?	60 mg (30 mg si FG 15-50, ≤60 kg o inhibidor P-gp) VO, Cada 24 h, durante Indefinida	Patologías::Cardiovascular
Fibrilación auricular — Anticoagulación (CHA2DS2-VA ≥2, considerar si 1): ¿pauta de Dabigatrán?	150 mg (110 mg si ≥80 años o verapamilo) VO, Cada 12 h, durante Indefinida — Contraindicado con FG <30	Patologías::Cardiovascular
Fibrilación auricular — Anticoagulación (CHA2DS2-VA ≥2, considerar si 1): ¿pauta de Acenocumarol?	Dosis individualizada VO, Cada 24 h, durante Indefinida — Prótesis mecánica o estenosis mitral	Patologías::Cardiovascular
¿Con qué fármacos se trata: Fibrilación auricular — Control de la frecuencia?	Bisoprolol · Diltiazem · Digoxina · Amiodarona	Patologías::Cardiovascular
Fibrilación auricular — Control de la frecuencia: ¿pauta de Bisoprolol?	2,5-10 mg VO, Cada 24 h, durante Indefinida — Primera línea con cualquier FEVI	Patologías::Cardiovascular
Fibrilación auricular — Control de la frecuencia: ¿pauta de Diltiazem?	120-360 mg (retard); IV 0,25 mg/kg VO / IV, VO cada 24 h; IV bolo en 2 min, durante Indefinida — Solo con FEVI >40%	Patologías::Cardiovascular
Fibrilación auricular — Control de la frecuencia: ¿pauta de Digoxina?	Carga 0,25 mg cada 2 h (máx. 1-1,5 mg); mantenimiento 0,0625-0,25 mg IV / VO, Mantenimiento cada 24 h, durante Indefinida — Sedentarios, IC o hipotensión; asociar a betabloqueante	Patologías::Cardiovascular
Fibrilación auricular — Control de la frecuencia: ¿pauta de Amiodarona?	300 mg en 1 h, después 900-1.200 mg/24 h IV, Carga + perfusión, durante Fase aguda — Inestabilidad o FEVI muy reducida cuando falla lo anterior	Patologías::Cardiovascular
¿Con qué fármacos se trata: Fibrilación auricular — Cardioversión farmacológica (FA <48 h, o anticoagulado ≥3 semanas / ETE sin trombo)?	Flecainida · Amiodarona	Patologías::Cardiovascular
Fibrilación auricular — Cardioversión farmacológica (FA <48 h, o anticoagulado ≥3 semanas / ETE sin trombo): ¿pauta de Flecainida?	200-300 mg VO o 2 mg/kg IV VO / IV, Dosis única, durante Dosis única — <b>Solo sin cardiopatía estructural</b>; asociar frenador del nodo	Patologías::Cardiovascular
Fibrilación auricular — Cardioversión farmacológica (FA <48 h, o anticoagulado ≥3 semanas / ETE sin trombo): ¿pauta de Amiodarona?	5-7 mg/kg en 1-2 h, después 50 mg/h IV, Carga + perfusión, durante Hasta cardioversión (24 h) — Con cardiopatía estructural o IC	Patologías::Cardiovascular
¿Con qué fármacos se trata: Fibrilación auricular — Mantenimiento del ritmo sinusal?	Flecainida · Amiodarona	Patologías::Cardiovascular
Fibrilación auricular — Mantenimiento del ritmo sinusal: ¿pauta de Flecainida?	50-150 mg VO, Cada 12 h, durante Indefinida — Corazón sano; con betabloqueante	Patologías::Cardiovascular
Fibrilación auricular — Mantenimiento del ritmo sinusal: ¿pauta de Amiodarona?	200 mg (tras carga de 600-800 mg/día 1-2 semanas) VO, Cada 24 h, durante Indefinida — Cardiopatía estructural; TSH, perfil hepático y Rx tórax periódicos	Patologías::Cardiovascular
¿Cuál es el objetivo terapéutico en Fibrilación auricular?	Prevención del ictus; FC en reposo <110 lpm (más estricta, <80, si persisten síntomas); alivio de síntomas.	Patologías::Cardiovascular
Clave en el tratamiento de Fibrilación auricular:	<b>Anticoagular durante al menos 4 semanas tras cualquier cardioversión</b> y después según CHA2DS2-VA.	Patologías::Cardiovascular
¿Con qué fármacos se trata: Taquicardia supraventricular paroxística — Episodio agudo estable?	Adenosina · Verapamilo · Metoprolol	Patologías::Cardiovascular
Taquicardia supraventricular paroxística — Episodio agudo estable: ¿pauta de Adenosina?	6 mg → 12 mg → 12-18 mg IV, Bolo rápido + 20 mL de suero; repetir cada 1-2 min, durante Dosis puntual — Vena antecubital; registrar ECG continuo; contraindicada en asma grave	Patologías::Cardiovascular
Taquicardia supraventricular paroxística — Episodio agudo estable: ¿pauta de Verapamilo?	5-10 mg IV, En 2-3 min; repetible a los 15-30 min, durante Dosis puntual — Si adenosina contraindicada o falla; <b>solo con QRS estrecho y FEVI conservada</b>	Patologías::Cardiovascular
Taquicardia supraventricular paroxística — Episodio agudo estable: ¿pauta de Metoprolol?	2,5-5 mg IV, Cada 5 min (máx. 15 mg), durante Dosis puntual — Alternativa	Patologías::Cardiovascular
¿Con qué fármacos se trata: Taquicardia supraventricular paroxística — Prevención de recurrencias (si no se hace ablación)?	Bisoprolol · Flecainida	Patologías::Cardiovascular
Taquicardia supraventricular paroxística — Prevención de recurrencias (si no se hace ablación): ¿pauta de Bisoprolol?	2,5-5 mg VO, Cada 24 h, durante Hasta ablación o indefinida	Patologías::Cardiovascular
Taquicardia supraventricular paroxística — Prevención de recurrencias (si no se hace ablación): ¿pauta de Flecainida?	50-100 mg VO, Cada 12 h, durante Indefinida — Sin cardiopatía estructural; útil en vías accesorias	Patologías::Cardiovascular
¿Cuál es el objetivo terapéutico en Taquicardia supraventricular paroxística?	Terminar la taquicardia y prevenir recurrencias.	Patologías::Cardiovascular
Clave en el tratamiento de Taquicardia supraventricular paroxística:	<b>QRS ancho = tratar como taquicardia ventricular</b>: verapamilo IV puede ser letal.	Patologías::Cardiovascular
¿Con qué fármacos se trata: Dislipemia y prevención cardiovascular (hipercolesterolemia) — Estatina según intensidad necesaria?	Atorvastatina · Rosuvastatina · Simvastatina · Pravastatina	Patologías::Cardiovascular
Dislipemia y prevención cardiovascular (hipercolesterolemia) — Estatina según intensidad necesaria: ¿pauta de Atorvastatina?	10-20 mg (moderada) o 40-80 mg (alta) VO, Cada 24 h, a cualquier hora, durante Indefinida — De elección en ERC (sin ajuste renal)	Patologías::Cardiovascular
Dislipemia y prevención cardiovascular (hipercolesterolemia) — Estatina según intensidad necesaria: ¿pauta de Rosuvastatina?	5-10 mg (moderada) o 20-40 mg (alta) VO, Cada 24 h, durante Indefinida — Pocas interacciones por CYP3A4; ajuste renal	Patologías::Cardiovascular
Dislipemia y prevención cardiovascular (hipercolesterolemia) — Estatina según intensidad necesaria: ¿pauta de Simvastatina?	20-40 mg (moderada) VO, Cada 24 h, por la noche, durante Indefinida — Máx. 20 mg con amlodipino o amiodarona	Patologías::Cardiovascular
Dislipemia y prevención cardiovascular (hipercolesterolemia) — Estatina según intensidad necesaria: ¿pauta de Pravastatina?	20-40 mg VO, Cada 24 h, por la noche, durante Indefinida — Polimedicados, trasplante, VIH con inhibidores de proteasa	Patologías::Cardiovascular
¿Con qué fármacos se trata: Dislipemia y prevención cardiovascular (hipercolesterolemia) — Si no se alcanza el objetivo?	Ezetimiba · Inhibidor de PCSK9 (evolocumab / alirocumab)	Patologías::Cardiovascular
Dislipemia y prevención cardiovascular (hipercolesterolemia) — Si no se alcanza el objetivo: ¿pauta de Ezetimiba?	10 mg VO, Cada 24 h, durante Indefinida — Descenso adicional del 20-25%; mejor en combinación fija	Patologías::Cardiovascular
Dislipemia y prevención cardiovascular (hipercolesterolemia) — Si no se alcanza el objetivo: ¿pauta de Inhibidor de PCSK9 (evolocumab / alirocumab)?	140 mg (evolocumab) o 75-150 mg (alirocumab) SC, Cada 2 semanas, durante Indefinida — Riesgo muy alto o HF con LDL fuera de objetivo pese a estatina + ezetimiba	Patologías::Cardiovascular
¿Cuál es el objetivo terapéutico en Dislipemia y prevención cardiovascular (hipercolesterolemia)?	LDL: riesgo muy alto <55 mg/dL y ↓≥50%; alto <70 mg/dL y ↓≥50%; moderado <100 mg/dL; bajo <116 mg/dL.	Patologías::Cardiovascular
Clave en el tratamiento de Dislipemia y prevención cardiovascular (hipercolesterolemia):	<b>«Regla del 6%»</b>: duplicar la estatina reduce el LDL solo un 6% más; la ezetimiba un 20-25%.	Patologías::Cardiovascular
¿Con qué fármacos se trata: Fenómeno de Raynaud — Episodios frecuentes o que limitan?	Nifedipino de liberación prolongada · Sildenafilo	Patologías::Cardiovascular
Fenómeno de Raynaud — Episodios frecuentes o que limitan: ¿pauta de Nifedipino de liberación prolongada?	30-60 mg (hasta 120 mg) VO, Cada 24 h, durante Invierno o crónica — Primera línea; edemas y cefalea	Patologías::Cardiovascular
Fenómeno de Raynaud — Episodios frecuentes o que limitan: ¿pauta de Sildenafilo?	20-50 mg VO, Cada 8 h, durante Crónica — Si no responde o no tolera el calcioantagonista; útil en úlceras digitales (fuera de indicación)	Patologías::Cardiovascular
¿Con qué fármacos se trata: Fenómeno de Raynaud — Isquemia digital crítica (hospital)?	Ácido acetilsalicílico · Nitroglicerina tópica	Patologías::Cardiovascular
Fenómeno de Raynaud — Isquemia digital crítica (hospital): ¿pauta de Ácido acetilsalicílico?	100 mg VO, Cada 24 h, durante Crónica en el secundario con úlceras — Junto a iloprost IV y valoración por reumatología o cirugía vascular	Patologías::Cardiovascular
Fenómeno de Raynaud — Isquemia digital crítica (hospital): ¿pauta de Nitroglicerina tópica?	1 aplicación de pomada al 0,2-2% en la base del dedo afectado tópica, Cada 8-12 h, durante Hasta la mejoría — Cefalea; no con inhibidores de la PDE5	Patologías::Cardiovascular
¿Cuál es el objetivo terapéutico en Fenómeno de Raynaud?	Reducir la frecuencia y la gravedad de los episodios y prevenir las úlceras digitales.	Patologías::Cardiovascular
Clave en el tratamiento de Fenómeno de Raynaud:	<b>Raynaud con úlceras digitales, inicio tardío o capilaroscopia patológica: buscar esclerodermia.</b>	Patologías::Cardiovascular
¿Con qué fármacos se trata: Miocarditis aguda — Con disfunción ventricular o insuficiencia cardiaca?	Enalapril · Bisoprolol · Furosemida	Patologías::Cardiovascular
Miocarditis aguda — Con disfunción ventricular o insuficiencia cardiaca: ¿pauta de Enalapril?	2,5 mg → 10-20 mg VO, Cada 12 h, durante Hasta recuperar la función (mínimo 6-12 meses) — O sacubitrilo-valsartán según tolerancia	Patologías::Cardiovascular
Miocarditis aguda — Con disfunción ventricular o insuficiencia cardiaca: ¿pauta de Bisoprolol?	1,25 mg → 10 mg VO, Cada 24 h, durante Hasta recuperar la función — Iniciar cuando esté estable (no en shock)	Patologías::Cardiovascular
Miocarditis aguda — Con disfunción ventricular o insuficiencia cardiaca: ¿pauta de Furosemida?	20-40 mg VO o IV, Cada 12-24 h, durante Mientras haya congestión — Ajustar según peso y diuresis	Patologías::Cardiovascular
¿Con qué fármacos se trata: Miocarditis aguda — Formas específicas (células gigantes, eosinofílica, por inhibidores del punto de control)?	Metilprednisolona	Patologías::Cardiovascular
Miocarditis aguda — Formas específicas (células gigantes, eosinofílica, por inhibidores del punto de control): ¿pauta de Metilprednisolona?	500-1000 mg IV, Cada 24 h, durante 3 días; después prednisona 1 mg/kg con descenso — Solo con diagnóstico histológico o miocarditis por inmunoterapia; en hospital	Patologías::Cardiovascular
¿Cuál es el objetivo terapéutico en Miocarditis aguda?	Tratar la disfunción ventricular y las arritmias y evitar la muerte súbita durante la fase inflamatoria.	Patologías::Cardiovascular
Clave en el tratamiento de Miocarditis aguda:	<b>Joven con dolor torácico tras un cuadro viral, troponina alta y coronarias normales: miocarditis → resonancia cardiaca.</b>	Patologías::Cardiovascular
