¿Con qué fármacos se trata: Hepatitis B crónica — Tratamiento de la hepatitis B crónica?	Tenofovir disoproxilo (o alafenamida) · Entecavir	Patologías::Antiinfecciosos
Hepatitis B crónica — Tratamiento de la hepatitis B crónica: ¿pauta de Tenofovir disoproxilo (o alafenamida)?	245 mg (alafenamida 25 mg) VO, Cada 24 h, durante Indefinida (posible retirada tras pérdida de HBsAg) — Alafenamida si hay enfermedad renal u osteoporosis	Patologías::Antiinfecciosos
Hepatitis B crónica — Tratamiento de la hepatitis B crónica: ¿pauta de Entecavir?	0,5 mg (1 mg si cirrosis descompensada o resistencia a lamivudina) VO, Cada 24 h en ayunas, durante Indefinida — Ajustar a la función renal	Patologías::Antiinfecciosos
¿Con qué fármacos se trata: Hepatitis B crónica — Embarazo con ADN-VHB >200 000 UI/mL?	Tenofovir disoproxilo	Patologías::Antiinfecciosos
Hepatitis B crónica — Embarazo con ADN-VHB >200 000 UI/mL: ¿pauta de Tenofovir disoproxilo?	245 mg VO, Cada 24 h, durante Desde la semana 24-28 hasta 12 semanas posparto — Más inmunoglobulina y vacuna al recién nacido en las primeras 12 h	Patologías::Antiinfecciosos
¿Con qué fármacos se trata: Hepatitis B crónica — Profilaxis de reactivación antes de quimioterapia o biológicos (HBsAg+, o anti-HBc+ con rituximab)?	Entecavir · Tenofovir	Patologías::Antiinfecciosos
Hepatitis B crónica — Profilaxis de reactivación antes de quimioterapia o biológicos (HBsAg+, o anti-HBc+ con rituximab): ¿pauta de Entecavir?	0,5 mg VO, Cada 24 h, durante Durante el tratamiento y 12-18 meses después	Patologías::Antiinfecciosos
Hepatitis B crónica — Profilaxis de reactivación antes de quimioterapia o biológicos (HBsAg+, o anti-HBc+ con rituximab): ¿pauta de Tenofovir?	245 mg VO, Cada 24 h, durante Igual que la anterior — Alternativa	Patologías::Antiinfecciosos
¿Cuál es el objetivo terapéutico en Hepatitis B crónica?	Suprimir el ADN viral para frenar la fibrosis y reducir el riesgo de cirrosis y hepatocarcinoma.	Patologías::Antiinfecciosos
Clave en el tratamiento de Hepatitis B crónica:	<b>Suspender tenofovir o entecavir sin control puede desencadenar una reactivación grave.</b>	Patologías::Antiinfecciosos
¿Con qué fármacos se trata: Hepatitis C — Sin tratamiento previo (sin cirrosis o con cirrosis compensada)?	Glecaprevir/pibrentasvir · Sofosbuvir/velpatasvir	Patologías::Antiinfecciosos
Hepatitis C — Sin tratamiento previo (sin cirrosis o con cirrosis compensada): ¿pauta de Glecaprevir/pibrentasvir?	300/120 mg (3 comprimidos) VO, Cada 24 h con comida, durante 8 semanas — No en cirrosis descompensada (inhibidor de proteasa)	Patologías::Antiinfecciosos
Hepatitis C — Sin tratamiento previo (sin cirrosis o con cirrosis compensada): ¿pauta de Sofosbuvir/velpatasvir?	400/100 mg VO, Cada 24 h, durante 12 semanas — Válido también en cirrosis descompensada (con ribavirina)	Patologías::Antiinfecciosos
¿Con qué fármacos se trata: Hepatitis C — Fracaso previo a antivirales de acción directa?	Sofosbuvir/velpatasvir/voxilaprevir	Patologías::Antiinfecciosos
Hepatitis C — Fracaso previo a antivirales de acción directa: ¿pauta de Sofosbuvir/velpatasvir/voxilaprevir?	400/100/100 mg VO, Cada 24 h con comida, durante 12 semanas	Patologías::Antiinfecciosos
¿Cuál es el objetivo terapéutico en Hepatitis C?	Respuesta virológica sostenida (ARN indetectable 12 semanas tras terminar).	Patologías::Antiinfecciosos
Clave en el tratamiento de Hepatitis C:	<b>Revisar interacciones antes de empezar (amiodarona con sofosbuvir: bradicardia grave).</b>	Patologías::Antiinfecciosos
¿Con qué fármacos se trata: Neumonía adquirida en la comunidad — Ambulatoria sin comorbilidad (CURB-65 0-1)?	Amoxicilina · Azitromicina	Patologías::Antiinfecciosos
Neumonía adquirida en la comunidad — Ambulatoria sin comorbilidad (CURB-65 0-1): ¿pauta de Amoxicilina?	1 g VO, Cada 8 h, durante 5-7 días — Cubre neumococo; añadir macrólido si sospecha de atípica	Patologías::Antiinfecciosos
Neumonía adquirida en la comunidad — Ambulatoria sin comorbilidad (CURB-65 0-1): ¿pauta de Azitromicina?	500 mg VO, Cada 24 h, durante 3 días — Asociada al betalactámico si clínica atípica	Patologías::Antiinfecciosos
¿Con qué fármacos se trata: Neumonía adquirida en la comunidad — Ambulatoria con comorbilidad (EPOC, diabetes, cardiopatía, alcoholismo) o alergia?	Amoxicilina-clavulánico · Levofloxacino	Patologías::Antiinfecciosos
Neumonía adquirida en la comunidad — Ambulatoria con comorbilidad (EPOC, diabetes, cardiopatía, alcoholismo) o alergia: ¿pauta de Amoxicilina-clavulánico?	875/125 mg VO, Cada 8 h, durante 5-7 días	Patologías::Antiinfecciosos
Neumonía adquirida en la comunidad — Ambulatoria con comorbilidad (EPOC, diabetes, cardiopatía, alcoholismo) o alergia: ¿pauta de Levofloxacino?	500-750 mg VO, Cada 24 h, durante 5-7 días — Alergia a betalactámicos; monoterapia	Patologías::Antiinfecciosos
¿Con qué fármacos se trata: Neumonía adquirida en la comunidad — Hospitalizada en planta?	Ceftriaxona · Azitromicina · Levofloxacino	Patologías::Antiinfecciosos
Neumonía adquirida en la comunidad — Hospitalizada en planta: ¿pauta de Ceftriaxona?	1-2 g IV, Cada 24 h, durante 5-7 días (paso a VO al estabilizar)	Patologías::Antiinfecciosos
Neumonía adquirida en la comunidad — Hospitalizada en planta: ¿pauta de Azitromicina?	500 mg IV / VO, Cada 24 h, durante 3-5 días	Patologías::Antiinfecciosos
Neumonía adquirida en la comunidad — Hospitalizada en planta: ¿pauta de Levofloxacino?	500 mg IV / VO, Cada 12 h el 1.er día, luego cada 24 h, durante 7 días — Alternativa en monoterapia (alergia)	Patologías::Antiinfecciosos
¿Con qué fármacos se trata: Neumonía adquirida en la comunidad — Grave (UCI) o con factores de riesgo de Pseudomonas o SARM?	Ceftriaxona · Piperacilina-tazobactam · Linezolid	Patologías::Antiinfecciosos
Neumonía adquirida en la comunidad — Grave (UCI) o con factores de riesgo de Pseudomonas o SARM: ¿pauta de Ceftriaxona?	2 g IV, Cada 24 h, durante 7 días — + azitromicina o levofloxacino IV	Patologías::Antiinfecciosos
Neumonía adquirida en la comunidad — Grave (UCI) o con factores de riesgo de Pseudomonas o SARM: ¿pauta de Piperacilina-tazobactam?	4/0,5 g IV, Cada 6 h (perfusión extendida), durante 7 días — Si riesgo de Pseudomonas, sustituye a la ceftriaxona	Patologías::Antiinfecciosos
Neumonía adquirida en la comunidad — Grave (UCI) o con factores de riesgo de Pseudomonas o SARM: ¿pauta de Linezolid?	600 mg IV / VO, Cada 12 h, durante 7-14 días — Solo si riesgo de SARM	Patologías::Antiinfecciosos
¿Con qué fármacos se trata: Neumonía adquirida en la comunidad — Neumonía en el niño (Pediatría)?	Amoxicilina · Azitromicina · Ceftriaxona	Patologías::Antiinfecciosos
Neumonía adquirida en la comunidad — Neumonía en el niño (Pediatría): ¿pauta de Amoxicilina?	80-90 mg/kg/día (máx. 3 g/día) VO, Cada 8 h, durante 5-7 días	Patologías::Antiinfecciosos
Neumonía adquirida en la comunidad — Neumonía en el niño (Pediatría): ¿pauta de Azitromicina?	10 mg/kg/día (máx. 500 mg) VO, Cada 24 h, durante 3 días — Sospecha de Mycoplasma (≥5 años)	Patologías::Antiinfecciosos
Neumonía adquirida en la comunidad — Neumonía en el niño (Pediatría): ¿pauta de Ceftriaxona?	50-100 mg/kg/día (máx. 2-4 g) IV, Cada 24 h, durante Hasta mejoría; completar con VO — Ingreso con neumonía complicada o no vacunado	Patologías::Antiinfecciosos
¿Cuál es el objetivo terapéutico en Neumonía adquirida en la comunidad?	Mejoría clínica en 48-72 h. Duración mínima 5 días y al menos 48-72 h afebril y estable.	Patologías::Antiinfecciosos
Clave en el tratamiento de Neumonía adquirida en la comunidad:	<b>Paso a vía oral cuando esté estable 24-48 h</b> (afebril, FC <100, FR <24, SpO2 normal, tolera VO).	Patologías::Antiinfecciosos
¿Con qué fármacos se trata: Faringoamigdalitis aguda estreptocócica — Adulto?	Penicilina V (fenoximetilpenicilina) · Amoxicilina · Penicilina G benzatina · Clindamicina	Patologías::Antiinfecciosos
Faringoamigdalitis aguda estreptocócica — Adulto: ¿pauta de Penicilina V (fenoximetilpenicilina)?	500 mg VO, Cada 12 h, durante 10 días — Elección	Patologías::Antiinfecciosos
Faringoamigdalitis aguda estreptocócica — Adulto: ¿pauta de Amoxicilina?	500 mg (o 1 g) VO, Cada 12 h (o cada 24 h), durante 10 días	Patologías::Antiinfecciosos
Faringoamigdalitis aguda estreptocócica — Adulto: ¿pauta de Penicilina G benzatina?	1.200.000 UI IM, Dosis única, durante Dosis única — Si se duda del cumplimiento	Patologías::Antiinfecciosos
Faringoamigdalitis aguda estreptocócica — Adulto: ¿pauta de Clindamicina?	300 mg VO, Cada 8 h, durante 10 días — Alergia a penicilina	Patologías::Antiinfecciosos
¿Con qué fármacos se trata: Faringoamigdalitis aguda estreptocócica — Niño (Pediatría)?	Amoxicilina · Azitromicina	Patologías::Antiinfecciosos
Faringoamigdalitis aguda estreptocócica — Niño (Pediatría): ¿pauta de Amoxicilina?	40-50 mg/kg/día (máx. 1 g/día) VO, Cada 12-24 h, durante 10 días	Patologías::Antiinfecciosos
Faringoamigdalitis aguda estreptocócica — Niño (Pediatría): ¿pauta de Azitromicina?	20 mg/kg/día (máx. 500 mg) VO, Cada 24 h, durante 3 días — Solo alergia a betalactámicos (dosis mayor que en otras infecciones)	Patologías::Antiinfecciosos
¿Cuál es el objetivo terapéutico en Faringoamigdalitis aguda estreptocócica?	Acortar síntomas, reducir contagio y prevenir la fiebre reumática.	Patologías::Antiinfecciosos
Clave en el tratamiento de Faringoamigdalitis aguda estreptocócica:	<b>Amoxicilina en una mononucleosis = exantema</b> (no alérgico): ante amigdalitis con adenopatías generalizadas y esplenomegalia, pensar en VEB.	Patologías::Antiinfecciosos
¿Con qué fármacos se trata: Otitis media aguda — Niño: primera línea (Pediatría)?	Amoxicilina · Ibuprofeno · Paracetamol	Patologías::Antiinfecciosos
Otitis media aguda — Niño: primera línea (Pediatría): ¿pauta de Amoxicilina?	80-90 mg/kg/día VO, Cada 8-12 h, durante 10 días (<2 años o grave); 5-7 días (≥2 años leve-moderada)	Patologías::Antiinfecciosos
Otitis media aguda — Niño: primera línea (Pediatría): ¿pauta de Ibuprofeno?	10 mg/kg VO, Cada 6-8 h, durante Mientras haya dolor — La analgesia es parte del tratamiento, con o sin antibiótico	Patologías::Antiinfecciosos
Otitis media aguda — Niño: primera línea (Pediatría): ¿pauta de Paracetamol?	15 mg/kg VO, Cada 6 h, durante Mientras haya dolor	Patologías::Antiinfecciosos
¿Con qué fármacos se trata: Otitis media aguda — Niño: fracaso a las 48-72 h, amoxicilina en el último mes u otitis-conjuntivitis (Pediatría)?	Amoxicilina-clavulánico · Ceftriaxona · Azitromicina	Patologías::Antiinfecciosos
Otitis media aguda — Niño: fracaso a las 48-72 h, amoxicilina en el último mes u otitis-conjuntivitis (Pediatría): ¿pauta de Amoxicilina-clavulánico?	80-90 mg/kg/día de amoxicilina (formulación 8:1 o 14:1) VO, Cada 8-12 h, durante 7-10 días — Cubre H. influenzae y Moraxella productores de betalactamasa	Patologías::Antiinfecciosos
Otitis media aguda — Niño: fracaso a las 48-72 h, amoxicilina en el último mes u otitis-conjuntivitis (Pediatría): ¿pauta de Ceftriaxona?	50 mg/kg (máx. 1 g) IM, Cada 24 h, durante 1-3 días — Vómitos o imposibilidad de VO	Patologías::Antiinfecciosos
Otitis media aguda — Niño: fracaso a las 48-72 h, amoxicilina en el último mes u otitis-conjuntivitis (Pediatría): ¿pauta de Azitromicina?	10 mg/kg/día VO, Cada 24 h, durante 3 días — Alergia inmediata a penicilina	Patologías::Antiinfecciosos
¿Con qué fármacos se trata: Otitis media aguda — Adulto?	Amoxicilina	Patologías::Antiinfecciosos
Otitis media aguda — Adulto: ¿pauta de Amoxicilina?	500 mg-1 g VO, Cada 8 h, durante 5-7 días	Patologías::Antiinfecciosos
¿Cuál es el objetivo terapéutico en Otitis media aguda?	Control del dolor y resolución clínica en 48-72 h.	Patologías::Antiinfecciosos
Clave en el tratamiento de Otitis media aguda:	<b>Los descongestionantes y antihistamínicos no aportan beneficio en la OMA.</b>	Patologías::Antiinfecciosos
¿Con qué fármacos se trata: Rinosinusitis aguda bacteriana — Adulto con criterios de sinusitis bacteriana?	Amoxicilina · Amoxicilina-clavulánico · Doxiciclina	Patologías::Antiinfecciosos
Rinosinusitis aguda bacteriana — Adulto con criterios de sinusitis bacteriana: ¿pauta de Amoxicilina?	500 mg-1 g VO, Cada 8 h, durante 5-7 días	Patologías::Antiinfecciosos
Rinosinusitis aguda bacteriana — Adulto con criterios de sinusitis bacteriana: ¿pauta de Amoxicilina-clavulánico?	875/125 mg VO, Cada 8 h, durante 5-7 días — Si antibiótico reciente, gravedad o fracaso	Patologías::Antiinfecciosos
Rinosinusitis aguda bacteriana — Adulto con criterios de sinusitis bacteriana: ¿pauta de Doxiciclina?	100 mg VO, Cada 12 h, durante 5-7 días — Alergia a penicilina	Patologías::Antiinfecciosos
¿Cuál es el objetivo terapéutico en Rinosinusitis aguda bacteriana?	Resolución de síntomas; evitar complicaciones orbitarias e intracraneales.	Patologías::Antiinfecciosos
Clave en el tratamiento de Rinosinusitis aguda bacteriana:	<b>Edema palpebral, alteración visual, diplopía o cefalea intensa con focalidad: complicación — TC urgente.</b>	Patologías::Antiinfecciosos
¿Con qué fármacos se trata: Celulitis y erisipela — Leve-moderada ambulatoria (no purulenta)?	Cefalexina · Cloxacilina · Amoxicilina-clavulánico · Clindamicina	Patologías::Antiinfecciosos
Celulitis y erisipela — Leve-moderada ambulatoria (no purulenta): ¿pauta de Cefalexina?	500 mg VO, Cada 6 h, durante 5-7 días (ampliar si mejora lenta)	Patologías::Antiinfecciosos
Celulitis y erisipela — Leve-moderada ambulatoria (no purulenta): ¿pauta de Cloxacilina?	500 mg-1 g VO, Cada 6 h, en ayunas, durante 5-7 días	Patologías::Antiinfecciosos
Celulitis y erisipela — Leve-moderada ambulatoria (no purulenta): ¿pauta de Amoxicilina-clavulánico?	875/125 mg VO, Cada 8 h, durante 5-7 días — Mordeduras y pie diabético leve	Patologías::Antiinfecciosos
Celulitis y erisipela — Leve-moderada ambulatoria (no purulenta): ¿pauta de Clindamicina?	300-450 mg VO, Cada 8 h, durante 5-7 días — Alergia a betalactámicos	Patologías::Antiinfecciosos
¿Con qué fármacos se trata: Celulitis y erisipela — Purulenta o con sospecha de SARM comunitario?	Cotrimoxazol	Patologías::Antiinfecciosos
Celulitis y erisipela — Purulenta o con sospecha de SARM comunitario: ¿pauta de Cotrimoxazol?	800/160 mg (1-2 comprimidos) VO, Cada 12 h, durante 5-10 días — Tras drenaje del absceso	Patologías::Antiinfecciosos
¿Con qué fármacos se trata: Celulitis y erisipela — Grave (sistémica, ingreso)?	Cefazolina · Vancomicina · Clindamicina (efecto antitoxina)	Patologías::Antiinfecciosos
Celulitis y erisipela — Grave (sistémica, ingreso): ¿pauta de Cefazolina?	2 g IV, Cada 8 h, durante Hasta mejoría, completar 7-14 días con VO	Patologías::Antiinfecciosos
Celulitis y erisipela — Grave (sistémica, ingreso): ¿pauta de Vancomicina?	15-20 mg/kg IV, Cada 8-12 h (por niveles), durante Según evolución — Si SARM probable	Patologías::Antiinfecciosos
Celulitis y erisipela — Grave (sistémica, ingreso): ¿pauta de Clindamicina (efecto antitoxina)?	600-900 mg IV, Cada 8 h, durante Hasta estabilidad — Añadir en la fascitis necrotizante o shock tóxico, con desbridamiento quirúrgico urgente	Patologías::Antiinfecciosos
¿Cuál es el objetivo terapéutico en Celulitis y erisipela?	Mejoría del eritema y de la fiebre en 48-72 h (marcar los bordes).	Patologías::Antiinfecciosos
Clave en el tratamiento de Celulitis y erisipela:	<b>El eritema puede progresar en las primeras 24-48 h pese a antibiótico adecuado</b> (liberación de toxinas): no es fracaso.	Patologías::Antiinfecciosos
¿Con qué fármacos se trata: Meningitis bacteriana aguda — Adulto <50 años inmunocompetente?	Dexametasona · Ceftriaxona · Vancomicina	Patologías::Antiinfecciosos
Meningitis bacteriana aguda — Adulto <50 años inmunocompetente: ¿pauta de Dexametasona?	10 mg IV, Cada 6 h, durante 4 días — <b>Primera dosis 15-20 min antes o con el antibiótico</b>; suspender si no es neumococo	Patologías::Antiinfecciosos
Meningitis bacteriana aguda — Adulto <50 años inmunocompetente: ¿pauta de Ceftriaxona?	2 g IV, Cada 12 h, durante Meningococo 7 días; neumococo 10-14 días; H. influenzae 7-10 días	Patologías::Antiinfecciosos
Meningitis bacteriana aguda — Adulto <50 años inmunocompetente: ¿pauta de Vancomicina?	15-20 mg/kg IV, Cada 8-12 h, durante Hasta conocer sensibilidad del neumococo — Por posible resistencia a cefalosporinas	Patologías::Antiinfecciosos
¿Con qué fármacos se trata: Meningitis bacteriana aguda — >50 años, inmunodepresión, alcoholismo o embarazo (cubrir Listeria)?	Ampicilina	Patologías::Antiinfecciosos
Meningitis bacteriana aguda — >50 años, inmunodepresión, alcoholismo o embarazo (cubrir Listeria): ¿pauta de Ampicilina?	2 g IV, Cada 4 h, durante 21 días si se confirma Listeria — Añadida a ceftriaxona + vancomicina + dexametasona	Patologías::Antiinfecciosos
¿Con qué fármacos se trata: Meningitis bacteriana aguda — Niño (>1 mes) (Pediatría)?	Ceftriaxona	Patologías::Antiinfecciosos
Meningitis bacteriana aguda — Niño (>1 mes) (Pediatría): ¿pauta de Ceftriaxona?	100 mg/kg/día (máx. 4 g) IV, Cada 12-24 h, durante 7-14 días según germen — + vancomicina 60 mg/kg/día cada 6 h y dexametasona 0,15 mg/kg/6 h × 2-4 días	Patologías::Antiinfecciosos
¿Con qué fármacos se trata: Meningitis bacteriana aguda — Quimioprofilaxis de contactos íntimos (meningococo)?	Ciprofloxacino · Rifampicina · Ceftriaxona	Patologías::Antiinfecciosos
Meningitis bacteriana aguda — Quimioprofilaxis de contactos íntimos (meningococo): ¿pauta de Ciprofloxacino?	500 mg VO, Dosis única, durante Dosis única	Patologías::Antiinfecciosos
Meningitis bacteriana aguda — Quimioprofilaxis de contactos íntimos (meningococo): ¿pauta de Rifampicina?	600 mg (niños 10 mg/kg) VO, Cada 12 h, durante 2 días — Colorea orina y lentillas; interacciona con anticonceptivos	Patologías::Antiinfecciosos
Meningitis bacteriana aguda — Quimioprofilaxis de contactos íntimos (meningococo): ¿pauta de Ceftriaxona?	250 mg (niños 125 mg) IM, Dosis única, durante Dosis única — De elección en embarazadas	Patologías::Antiinfecciosos
¿Cuál es el objetivo terapéutico en Meningitis bacteriana aguda?	Esterilizar el LCR y reducir secuelas neurológicas (sordera) y mortalidad.	Patologías::Antiinfecciosos
Clave en el tratamiento de Meningitis bacteriana aguda:	<b>No retrasar el antibiótico por la TC ni por la punción.</b>	Patologías::Antiinfecciosos
¿Con qué fármacos se trata: Sepsis y shock séptico (tratamiento empírico inicial) — Reanimación inicial?	Cristaloides balanceados (Ringer lactato) o suero salino 0,9% · Noradrenalina · Hidrocortisona	Patologías::Antiinfecciosos
Sepsis y shock séptico (tratamiento empírico inicial) — Reanimación inicial: ¿pauta de Cristaloides balanceados (Ringer lactato) o suero salino 0,9%?	30 mL/kg IV, En las primeras 3 h, en bolos de 250-500 mL, durante Reevaluar respuesta tras cada bolo — Precaución en IC y ERC	Patologías::Antiinfecciosos
Sepsis y shock séptico (tratamiento empírico inicial) — Reanimación inicial: ¿pauta de Noradrenalina?	0,05-0,5 µg/kg/min IV, Perfusión continua, durante Hasta estabilidad — Puede iniciarse por vía periférica mientras se canaliza una central	Patologías::Antiinfecciosos
Sepsis y shock séptico (tratamiento empírico inicial) — Reanimación inicial: ¿pauta de Hidrocortisona?	50 mg IV, Cada 6 h, durante Hasta retirar vasopresores (5-7 días) — Shock que necesita noradrenalina ≥0,25 µg/kg/min	Patologías::Antiinfecciosos
¿Con qué fármacos se trata: Sepsis y shock séptico (tratamiento empírico inicial) — Antibiótico empírico: sepsis comunitaria sin factores de riesgo?	Ceftriaxona	Patologías::Antiinfecciosos
Sepsis y shock séptico (tratamiento empírico inicial) — Antibiótico empírico: sepsis comunitaria sin factores de riesgo: ¿pauta de Ceftriaxona?	2 g IV, Cada 24 h, durante Según foco (habitualmente 7 días) — + metronidazol 500 mg/8 h si foco abdominal	Patologías::Antiinfecciosos
¿Con qué fármacos se trata: Sepsis y shock séptico (tratamiento empírico inicial) — Antibiótico empírico: nosocomial, inmunodepresión o riesgo de BLEE/Pseudomonas?	Piperacilina-tazobactam · Meropenem · Vancomicina	Patologías::Antiinfecciosos
Sepsis y shock séptico (tratamiento empírico inicial) — Antibiótico empírico: nosocomial, inmunodepresión o riesgo de BLEE/Pseudomonas: ¿pauta de Piperacilina-tazobactam?	4/0,5 g IV, Cada 6 h (perfusión extendida), durante 7-10 días según foco	Patologías::Antiinfecciosos
Sepsis y shock séptico (tratamiento empírico inicial) — Antibiótico empírico: nosocomial, inmunodepresión o riesgo de BLEE/Pseudomonas: ¿pauta de Meropenem?	1-2 g IV, Cada 8 h (perfusión extendida), durante 7-10 días — Colonización por BLEE, shock o antibiótico previo	Patologías::Antiinfecciosos
Sepsis y shock séptico (tratamiento empírico inicial) — Antibiótico empírico: nosocomial, inmunodepresión o riesgo de BLEE/Pseudomonas: ¿pauta de Vancomicina?	25-30 mg/kg de carga, después 15-20 mg/kg IV, Cada 8-12 h (por niveles), durante Retirar a las 48-72 h si no hay SARM — Si catéter, piel o colonización por SARM	Patologías::Antiinfecciosos
¿Cuál es el objetivo terapéutico en Sepsis y shock séptico (tratamiento empírico inicial)?	PAM ≥65 mmHg, lactato en descenso, diuresis ≥0,5 mL/kg/h, control del foco en <6-12 h.	Patologías::Antiinfecciosos
Clave en el tratamiento de Sepsis y shock séptico (tratamiento empírico inicial):	<b>Cada hora de retraso del antibiótico en el shock séptico aumenta la mortalidad.</b>	Patologías::Antiinfecciosos
¿Con qué fármacos se trata: Cistitis aguda no complicada — Mujer no gestante?	Fosfomicina trometamol · Nitrofurantoína · Cefuroxima axetilo	Patologías::Antiinfecciosos
Cistitis aguda no complicada — Mujer no gestante: ¿pauta de Fosfomicina trometamol?	3 g (1 sobre) VO, Dosis única, en ayunas, con la vejiga vacía, durante Dosis única	Patologías::Antiinfecciosos
Cistitis aguda no complicada — Mujer no gestante: ¿pauta de Nitrofurantoína?	50-100 mg (o 100 mg retard) VO, Cada 6-8 h (retard cada 12 h), durante 5 días — No si FG <30-45; no útil en pielonefritis	Patologías::Antiinfecciosos
Cistitis aguda no complicada — Mujer no gestante: ¿pauta de Cefuroxima axetilo?	250 mg VO, Cada 12 h, durante 3-5 días	Patologías::Antiinfecciosos
¿Con qué fármacos se trata: Cistitis aguda no complicada — Embarazo (también bacteriuria asintomática: siempre se trata) (Embarazo)?	Fosfomicina trometamol · Cefuroxima axetilo	Patologías::Antiinfecciosos
Cistitis aguda no complicada — Embarazo (también bacteriuria asintomática: siempre se trata) (Embarazo): ¿pauta de Fosfomicina trometamol?	3 g VO, Dosis única (repetir a las 72 h en algunas guías), durante 1-2 dosis — Urocultivo de control 1-2 semanas después	Patologías::Antiinfecciosos
Cistitis aguda no complicada — Embarazo (también bacteriuria asintomática: siempre se trata) (Embarazo): ¿pauta de Cefuroxima axetilo?	250 mg VO, Cada 12 h, durante 5-7 días	Patologías::Antiinfecciosos
¿Con qué fármacos se trata: Cistitis aguda no complicada — Varón (ITU siempre complicada: valorar prostatitis)?	Cotrimoxazol	Patologías::Antiinfecciosos
Cistitis aguda no complicada — Varón (ITU siempre complicada: valorar prostatitis): ¿pauta de Cotrimoxazol?	800/160 mg VO, Cada 12 h, durante 7 días (prostatitis: 2-4 semanas) — Según urocultivo	Patologías::Antiinfecciosos
¿Cuál es el objetivo terapéutico en Cistitis aguda no complicada?	Resolución de síntomas en 48-72 h.	Patologías::Antiinfecciosos
Clave en el tratamiento de Cistitis aguda no complicada:	<b>Bacteriuria asintomática: NO tratar</b> salvo embarazo o antes de cirugía urológica con sangrado mucoso.	Patologías::Antiinfecciosos
¿Con qué fármacos se trata: Pielonefritis aguda — Ambulatoria?	Ceftriaxona · Cefixima · Ciprofloxacino	Patologías::Antiinfecciosos
Pielonefritis aguda — Ambulatoria: ¿pauta de Ceftriaxona?	1 g IV / IM, Dosis inicial única, durante 1 dosis, después VO — Mientras se espera el urocultivo	Patologías::Antiinfecciosos
Pielonefritis aguda — Ambulatoria: ¿pauta de Cefixima?	400 mg VO, Cada 24 h, durante 10 días (7 si buena evolución)	Patologías::Antiinfecciosos
Pielonefritis aguda — Ambulatoria: ¿pauta de Ciprofloxacino?	500 mg VO, Cada 12 h, durante 7 días — Solo si resistencia local <10% o antibiograma sensible	Patologías::Antiinfecciosos
¿Con qué fármacos se trata: Pielonefritis aguda — Hospitalaria?	Ceftriaxona · Ertapenem · Meropenem	Patologías::Antiinfecciosos
Pielonefritis aguda — Hospitalaria: ¿pauta de Ceftriaxona?	1-2 g IV, Cada 24 h, durante Hasta afebril 48 h; completar 7-14 días con VO	Patologías::Antiinfecciosos
Pielonefritis aguda — Hospitalaria: ¿pauta de Ertapenem?	1 g IV, Cada 24 h, durante 7-14 días — Riesgo o antecedente de BLEE	Patologías::Antiinfecciosos
Pielonefritis aguda — Hospitalaria: ¿pauta de Meropenem?	1 g IV, Cada 8 h, durante 7-14 días — Shock séptico o riesgo de Pseudomonas; ± amikacina 15-20 mg/kg/24 h	Patologías::Antiinfecciosos
¿Cuál es el objetivo terapéutico en Pielonefritis aguda?	Defervescencia en 48-72 h; descartar obstrucción si no ocurre.	Patologías::Antiinfecciosos
Clave en el tratamiento de Pielonefritis aguda:	<b>Pielonefritis obstructiva = urgencia urológica</b>: el antibiótico no basta sin drenaje.	Patologías::Antiinfecciosos
¿Con qué fármacos se trata: Uretritis y cervicitis (gonococo y clamidia) — Tratamiento empírico (adulto)?	Ceftriaxona · Doxiciclina · Azitromicina	Patologías::Antiinfecciosos
Uretritis y cervicitis (gonococo y clamidia) — Tratamiento empírico (adulto): ¿pauta de Ceftriaxona?	1 g IM, Dosis única, durante Dosis única — Gonococo (500 mg en guías de EE. UU.)	Patologías::Antiinfecciosos
Uretritis y cervicitis (gonococo y clamidia) — Tratamiento empírico (adulto): ¿pauta de Doxiciclina?	100 mg VO, Cada 12 h, durante 7 días — Clamidia (de elección; más eficaz que azitromicina en la rectal)	Patologías::Antiinfecciosos
Uretritis y cervicitis (gonococo y clamidia) — Tratamiento empírico (adulto): ¿pauta de Azitromicina?	1 g VO, Dosis única, durante Dosis única — Si doxiciclina contraindicada (embarazo) o mal cumplimiento	Patologías::Antiinfecciosos
¿Con qué fármacos se trata: Uretritis y cervicitis (gonococo y clamidia) — Enfermedad inflamatoria pélvica ambulatoria (Mujer)?	Ceftriaxona · Doxiciclina · Metronidazol	Patologías::Antiinfecciosos
Uretritis y cervicitis (gonococo y clamidia) — Enfermedad inflamatoria pélvica ambulatoria (Mujer): ¿pauta de Ceftriaxona?	1 g IM, Dosis única, durante Dosis única	Patologías::Antiinfecciosos
Uretritis y cervicitis (gonococo y clamidia) — Enfermedad inflamatoria pélvica ambulatoria (Mujer): ¿pauta de Doxiciclina?	100 mg VO, Cada 12 h, durante 14 días	Patologías::Antiinfecciosos
Uretritis y cervicitis (gonococo y clamidia) — Enfermedad inflamatoria pélvica ambulatoria (Mujer): ¿pauta de Metronidazol?	500 mg VO, Cada 12 h, durante 14 días	Patologías::Antiinfecciosos
¿Cuál es el objetivo terapéutico en Uretritis y cervicitis (gonococo y clamidia)?	Curación microbiológica y evitar complicaciones (EIP, epididimitis, infertilidad) y transmisión.	Patologías::Antiinfecciosos
Clave en el tratamiento de Uretritis y cervicitis (gonococo y clamidia):	<b>Las quinolonas ya no sirven para el gonococo</b> por resistencia.	Patologías::Antiinfecciosos
¿Con qué fármacos se trata: Sífilis — Sífilis precoz (primaria, secundaria, latente precoz)?	Penicilina G benzatina · Doxiciclina	Patologías::Antiinfecciosos
Sífilis — Sífilis precoz (primaria, secundaria, latente precoz): ¿pauta de Penicilina G benzatina?	2.400.000 UI IM, Dosis única, durante Dosis única	Patologías::Antiinfecciosos
Sífilis — Sífilis precoz (primaria, secundaria, latente precoz): ¿pauta de Doxiciclina?	100 mg VO, Cada 12 h, durante 14 días — Alergia a penicilina (no en embarazo)	Patologías::Antiinfecciosos
¿Con qué fármacos se trata: Sífilis — Latente tardía o de duración desconocida?	Penicilina G benzatina · Doxiciclina	Patologías::Antiinfecciosos
Sífilis — Latente tardía o de duración desconocida: ¿pauta de Penicilina G benzatina?	2.400.000 UI IM, Semanal, durante 3 semanas (3 dosis)	Patologías::Antiinfecciosos
Sífilis — Latente tardía o de duración desconocida: ¿pauta de Doxiciclina?	100 mg VO, Cada 12 h, durante 28 días — Alergia a penicilina	Patologías::Antiinfecciosos
¿Con qué fármacos se trata: Sífilis — Neurosífilis, sífilis ocular u ótica?	Penicilina G sódica (cristalina) · Ceftriaxona	Patologías::Antiinfecciosos
Sífilis — Neurosífilis, sífilis ocular u ótica: ¿pauta de Penicilina G sódica (cristalina)?	3.000.000-4.000.000 UI (18-24 millones UI/día) IV, Cada 4 h o en perfusión continua, durante 10-14 días	Patologías::Antiinfecciosos
Sífilis — Neurosífilis, sífilis ocular u ótica: ¿pauta de Ceftriaxona?	2 g IV, Cada 24 h, durante 10-14 días — Alternativa	Patologías::Antiinfecciosos
¿Cuál es el objetivo terapéutico en Sífilis?	Descenso de 4 veces (2 diluciones) del RPR/VDRL en 6-12 meses.	Patologías::Antiinfecciosos
Clave en el tratamiento de Sífilis:	<b>Reacción de Jarisch-Herxheimer</b> (fiebre, mialgias en las primeras 24 h): avisar; se trata con antitérmicos, no es alergia.	Patologías::Antiinfecciosos
¿Con qué fármacos se trata: Tuberculosis (enfermedad e infección latente) — Tuberculosis pulmonar sensible: fase inicial (2 meses)?	Isoniazida · Rifampicina · Pirazinamida · Etambutol	Patologías::Antiinfecciosos
Tuberculosis (enfermedad e infección latente) — Tuberculosis pulmonar sensible: fase inicial (2 meses): ¿pauta de Isoniazida?	5 mg/kg (máx. 300 mg) VO, Cada 24 h, en ayunas, durante 6 meses (2 + 4) — + piridoxina 25 mg/día en riesgo de neuropatía	Patologías::Antiinfecciosos
Tuberculosis (enfermedad e infección latente) — Tuberculosis pulmonar sensible: fase inicial (2 meses): ¿pauta de Rifampicina?	10 mg/kg (máx. 600 mg) VO, Cada 24 h, en ayunas, durante 6 meses (2 + 4)	Patologías::Antiinfecciosos
Tuberculosis (enfermedad e infección latente) — Tuberculosis pulmonar sensible: fase inicial (2 meses): ¿pauta de Pirazinamida?	25 mg/kg (máx. 2 g) VO, Cada 24 h, durante 2 meses	Patologías::Antiinfecciosos
Tuberculosis (enfermedad e infección latente) — Tuberculosis pulmonar sensible: fase inicial (2 meses): ¿pauta de Etambutol?	15-20 mg/kg VO, Cada 24 h, durante 2 meses (o hasta confirmar sensibilidad)	Patologías::Antiinfecciosos
¿Con qué fármacos se trata: Tuberculosis (enfermedad e infección latente) — Infección tuberculosa latente (tras descartar enfermedad activa)?	Isoniazida · Rifampicina	Patologías::Antiinfecciosos
Tuberculosis (enfermedad e infección latente) — Infección tuberculosa latente (tras descartar enfermedad activa): ¿pauta de Isoniazida?	5 mg/kg (máx. 300 mg) VO, Cada 24 h, durante 6-9 meses	Patologías::Antiinfecciosos
Tuberculosis (enfermedad e infección latente) — Infección tuberculosa latente (tras descartar enfermedad activa): ¿pauta de Rifampicina?	10 mg/kg (máx. 600 mg) VO, Cada 24 h, durante 4 meses — Mejor cumplimiento; revisar interacciones	Patologías::Antiinfecciosos
¿Cuál es el objetivo terapéutico en Tuberculosis (enfermedad e infección latente)?	Cultivo negativo a los 2 meses; curación sin recaída; evitar resistencias.	Patologías::Antiinfecciosos
Clave en el tratamiento de Tuberculosis (enfermedad e infección latente):	<b>Nunca añadir un único fármaco a una pauta que fracasa</b> (selecciona resistencias).	Patologías::Antiinfecciosos
¿Con qué fármacos se trata: Gripe — Tratamiento?	Oseltamivir · Paracetamol	Patologías::Antiinfecciosos
Gripe — Tratamiento: ¿pauta de Oseltamivir?	75 mg VO, Cada 12 h, durante 5 días (más en inmunodeprimidos graves) — Ajuste renal: 30 mg/12 h con FG 30-60	Patologías::Antiinfecciosos
Gripe — Tratamiento: ¿pauta de Paracetamol?	1 g VO, Cada 8 h, durante Mientras haya fiebre o mialgias	Patologías::Antiinfecciosos
¿Con qué fármacos se trata: Gripe — Profilaxis postexposición (contactos de alto riesgo no vacunados, brotes en residencias)?	Oseltamivir	Patologías::Antiinfecciosos
Gripe — Profilaxis postexposición (contactos de alto riesgo no vacunados, brotes en residencias): ¿pauta de Oseltamivir?	75 mg VO, Cada 24 h, durante 10 días (brotes: hasta 1 semana tras el último caso)	Patologías::Antiinfecciosos
¿Cuál es el objetivo terapéutico en Gripe?	Reducir complicaciones y duración de síntomas.	Patologías::Antiinfecciosos
Clave en el tratamiento de Gripe:	<b>Ácido acetilsalicílico contraindicado en niños y adolescentes con gripe</b> (síndrome de Reye).	Patologías::Antiinfecciosos
¿Con qué fármacos se trata: Herpes zóster — Zóster en inmunocompetente?	Valaciclovir · Aciclovir · Paracetamol / AINE ± opioide débil	Patologías::Antiinfecciosos
Herpes zóster — Zóster en inmunocompetente: ¿pauta de Valaciclovir?	1 g VO, Cada 8 h, durante 7 días	Patologías::Antiinfecciosos
Herpes zóster — Zóster en inmunocompetente: ¿pauta de Aciclovir?	800 mg VO, 5 veces al día (cada 4 h, sin la nocturna), durante 7 días — Alternativa más barata, peor cumplimiento	Patologías::Antiinfecciosos
Herpes zóster — Zóster en inmunocompetente: ¿pauta de Paracetamol / AINE ± opioide débil?	1 g (paracetamol) VO, Cada 6-8 h, durante Según dolor	Patologías::Antiinfecciosos
¿Con qué fármacos se trata: Herpes zóster — Zóster diseminado, inmunodeprimido grave u oftálmico con afectación ocular?	Aciclovir	Patologías::Antiinfecciosos
Herpes zóster — Zóster diseminado, inmunodeprimido grave u oftálmico con afectación ocular: ¿pauta de Aciclovir?	10 mg/kg IV, Cada 8 h, durante 7-10 días (completar con VO) — Hidratación por cristaluria; valoración oftalmológica urgente en el oftálmico	Patologías::Antiinfecciosos
¿Con qué fármacos se trata: Herpes zóster — Neuralgia postherpética?	Pregabalina · Amitriptilina	Patologías::Antiinfecciosos
Herpes zóster — Neuralgia postherpética: ¿pauta de Pregabalina?	75 mg → 150-300 mg VO, Cada 12 h, durante Meses, con reevaluación	Patologías::Antiinfecciosos
Herpes zóster — Neuralgia postherpética: ¿pauta de Amitriptilina?	10 mg → 25-75 mg VO, Cada 24 h, por la noche, durante Meses — Evitar en ancianos frágiles	Patologías::Antiinfecciosos
¿Cuál es el objetivo terapéutico en Herpes zóster?	Acelerar la curación, reducir el dolor agudo y las complicaciones (neuralgia, oculares).	Patologías::Antiinfecciosos
Clave en el tratamiento de Herpes zóster:	<b>Lesiones en la punta de la nariz (signo de Hutchinson) = riesgo de afectación ocular</b>: oftalmología.	Patologías::Antiinfecciosos
¿Con qué fármacos se trata: Herpes genital — Primer episodio?	Valaciclovir	Patologías::Antiinfecciosos
Herpes genital — Primer episodio: ¿pauta de Valaciclovir?	1 g VO, Cada 12 h, durante 7-10 días	Patologías::Antiinfecciosos
¿Con qué fármacos se trata: Herpes genital — Recurrencia (tratamiento episódico)?	Valaciclovir	Patologías::Antiinfecciosos
Herpes genital — Recurrencia (tratamiento episódico): ¿pauta de Valaciclovir?	500 mg VO, Cada 12 h, durante 3 días — Iniciar en el pródromo	Patologías::Antiinfecciosos
¿Con qué fármacos se trata: Herpes genital — Tratamiento supresor?	Valaciclovir	Patologías::Antiinfecciosos
Herpes genital — Tratamiento supresor: ¿pauta de Valaciclovir?	500 mg (1 g si ≥10 recurrencias/año) VO, Cada 24 h, durante 6-12 meses y reevaluar	Patologías::Antiinfecciosos
¿Cuál es el objetivo terapéutico en Herpes genital?	Acortar los episodios y reducir recurrencias y transmisión.	Patologías::Antiinfecciosos
Clave en el tratamiento de Herpes genital:	<b>Los antivíricos tópicos apenas aportan beneficio</b> frente a los orales.	Patologías::Antiinfecciosos
¿Con qué fármacos se trata: Candidiasis vulvovaginal — No complicada?	Fluconazol · Clotrimazol vaginal	Patologías::Antiinfecciosos
Candidiasis vulvovaginal — No complicada: ¿pauta de Fluconazol?	150 mg VO, Dosis única, durante Dosis única — No en el embarazo	Patologías::Antiinfecciosos
Candidiasis vulvovaginal — No complicada: ¿pauta de Clotrimazol vaginal?	500 mg (óvulo) vaginal, Dosis única, durante Dosis única	Patologías::Antiinfecciosos
¿Con qué fármacos se trata: Candidiasis vulvovaginal — Embarazo (Embarazo)?	Clotrimazol vaginal	Patologías::Antiinfecciosos
Candidiasis vulvovaginal — Embarazo (Embarazo): ¿pauta de Clotrimazol vaginal?	100 mg vaginal, Cada 24 h, durante 7 días — Solo tratamiento tópico	Patologías::Antiinfecciosos
¿Con qué fármacos se trata: Candidiasis vulvovaginal — Recurrente (≥4 episodios/año)?	Fluconazol (inducción) · Fluconazol (mantenimiento)	Patologías::Antiinfecciosos
Candidiasis vulvovaginal — Recurrente (≥4 episodios/año): ¿pauta de Fluconazol (inducción)?	150 mg VO, Cada 72 h, durante 3 dosis	Patologías::Antiinfecciosos
Candidiasis vulvovaginal — Recurrente (≥4 episodios/año): ¿pauta de Fluconazol (mantenimiento)?	150 mg VO, Semanal, durante 6 meses	Patologías::Antiinfecciosos
¿Cuál es el objetivo terapéutico en Candidiasis vulvovaginal?	Resolución de síntomas.	Patologías::Antiinfecciosos
Clave en el tratamiento de Candidiasis vulvovaginal:	<b>pH >4,5 orienta a vaginosis bacteriana o tricomoniasis</b>, no a Candida (tratamiento con metronidazol).	Patologías::Antiinfecciosos
¿Con qué fármacos se trata: Infección por Clostridioides difficile — Primer episodio (no grave o grave)?	Fidaxomicina · Vancomicina oral · Metronidazol	Patologías::Antiinfecciosos
Infección por Clostridioides difficile — Primer episodio (no grave o grave): ¿pauta de Fidaxomicina?	200 mg VO, Cada 12 h, durante 10 días — Preferida (menos recurrencias)	Patologías::Antiinfecciosos
Infección por Clostridioides difficile — Primer episodio (no grave o grave): ¿pauta de Vancomicina oral?	125 mg VO, Cada 6 h, durante 10 días — No se absorbe: actúa en la luz intestinal	Patologías::Antiinfecciosos
Infección por Clostridioides difficile — Primer episodio (no grave o grave): ¿pauta de Metronidazol?	500 mg VO, Cada 8 h, durante 10 días — Solo si no hay acceso a los anteriores, en episodio no grave	Patologías::Antiinfecciosos
¿Con qué fármacos se trata: Infección por Clostridioides difficile — Fulminante?	Vancomicina oral o por sonda · Metronidazol	Patologías::Antiinfecciosos
Infección por Clostridioides difficile — Fulminante: ¿pauta de Vancomicina oral o por sonda?	500 mg VO, Cada 6 h, durante 10-14 días — Más vancomicina rectal si íleo	Patologías::Antiinfecciosos
Infección por Clostridioides difficile — Fulminante: ¿pauta de Metronidazol?	500 mg IV, Cada 8 h, durante 10-14 días	Patologías::Antiinfecciosos
¿Cuál es el objetivo terapéutico en Infección por Clostridioides difficile?	Resolución de la diarrea; prevenir recurrencias (20-30%).	Patologías::Antiinfecciosos
Clave en el tratamiento de Infección por Clostridioides difficile:	<b>No usar loperamida</b> en la colitis por C. difficile (megacolon tóxico).	Patologías::Antiinfecciosos
¿Con qué fármacos se trata: Malaria (paludismo) — P. falciparum no complicada?	Artemeter-lumefantrina · Atovacuona-proguanil	Patologías::Antiinfecciosos
Malaria (paludismo) — P. falciparum no complicada: ¿pauta de Artemeter-lumefantrina?	4 comprimidos (20/120 mg) por toma VO, A las 0, 8, 24, 36, 48 y 60 h, con comida grasa, durante 3 días (6 tomas)	Patologías::Antiinfecciosos
Malaria (paludismo) — P. falciparum no complicada: ¿pauta de Atovacuona-proguanil?	4 comprimidos (250/100 mg) VO, Cada 24 h, durante 3 días — Alternativa	Patologías::Antiinfecciosos
¿Con qué fármacos se trata: Malaria (paludismo) — Malaria grave?	Artesunato	Patologías::Antiinfecciosos
Malaria (paludismo) — Malaria grave: ¿pauta de Artesunato?	2,4 mg/kg IV, A las 0, 12 y 24 h; después cada 24 h, durante Mínimo 24 h y hasta tolerar VO; completar con ACT oral 3 días — Control de Hb a los 7-30 días (hemólisis tardía)	Patologías::Antiinfecciosos
¿Con qué fármacos se trata: Malaria (paludismo) — P. vivax / P. ovale?	Cloroquina · Primaquina	Patologías::Antiinfecciosos
Malaria (paludismo) — P. vivax / P. ovale: ¿pauta de Cloroquina?	10 mg base/kg, luego 5 mg/kg a las 6, 24 y 48 h VO, 4 tomas, durante 3 días — Si zona de vivax resistente, usar ACT	Patologías::Antiinfecciosos
Malaria (paludismo) — P. vivax / P. ovale: ¿pauta de Primaquina?	0,5 mg/kg (30 mg) VO, Cada 24 h, durante 14 días — <b>Determinar G6PD antes</b>; contraindicada en embarazo	Patologías::Antiinfecciosos
¿Con qué fármacos se trata: Malaria (paludismo) — Profilaxis del viajero (zona de falciparum resistente a cloroquina)?	Atovacuona-proguanil · Doxiciclina	Patologías::Antiinfecciosos
Malaria (paludismo) — Profilaxis del viajero (zona de falciparum resistente a cloroquina): ¿pauta de Atovacuona-proguanil?	250/100 mg (1 comprimido) VO, Cada 24 h, durante 1-2 días antes, durante y 7 días después del viaje	Patologías::Antiinfecciosos
Malaria (paludismo) — Profilaxis del viajero (zona de falciparum resistente a cloroquina): ¿pauta de Doxiciclina?	100 mg VO, Cada 24 h, durante 1-2 días antes, durante y 4 semanas después — Fotosensibilidad	Patologías::Antiinfecciosos
¿Cuál es el objetivo terapéutico en Malaria (paludismo)?	Eliminación de la parasitemia; en vivax/ovale, cura radical.	Patologías::Antiinfecciosos
Clave en el tratamiento de Malaria (paludismo):	<b>Un frotis negativo no descarta malaria</b>: repetir cada 12-24 h hasta 3 veces.	Patologías::Antiinfecciosos
¿Con qué fármacos se trata: Infección por VIH (inicio del tratamiento antirretroviral) y profilaxis — Tratamiento antirretroviral de inicio?	Bictegravir/emtricitabina/tenofovir alafenamida · Dolutegravir + tenofovir/emtricitabina	Patologías::Antiinfecciosos
Infección por VIH (inicio del tratamiento antirretroviral) y profilaxis — Tratamiento antirretroviral de inicio: ¿pauta de Bictegravir/emtricitabina/tenofovir alafenamida?	50/200/25 mg (1 comprimido) VO, Cada 24 h, durante Indefinida	Patologías::Antiinfecciosos
Infección por VIH (inicio del tratamiento antirretroviral) y profilaxis — Tratamiento antirretroviral de inicio: ¿pauta de Dolutegravir + tenofovir/emtricitabina?	50 mg + 1 comprimido de TDF/FTC o TAF/FTC VO, Cada 24 h, durante Indefinida — Dolutegravir 50 mg/12 h con rifampicina	Patologías::Antiinfecciosos
¿Con qué fármacos se trata: Infección por VIH (inicio del tratamiento antirretroviral) y profilaxis — Profilaxis preexposición (PrEP)?	Tenofovir disoproxilo/emtricitabina	Patologías::Antiinfecciosos
Infección por VIH (inicio del tratamiento antirretroviral) y profilaxis — Profilaxis preexposición (PrEP): ¿pauta de Tenofovir disoproxilo/emtricitabina?	245/200 mg (1 comprimido) VO, Cada 24 h (o pauta a demanda 2-1-1 en HSH), durante Mientras persista el riesgo — Serología VIH, función renal y cribado de ITS cada 3 meses	Patologías::Antiinfecciosos
¿Con qué fármacos se trata: Infección por VIH (inicio del tratamiento antirretroviral) y profilaxis — Profilaxis postexposición (PEP), en las primeras 72 h?	Bictegravir/emtricitabina/tenofovir alafenamida	Patologías::Antiinfecciosos
Infección por VIH (inicio del tratamiento antirretroviral) y profilaxis — Profilaxis postexposición (PEP), en las primeras 72 h: ¿pauta de Bictegravir/emtricitabina/tenofovir alafenamida?	1 comprimido VO, Cada 24 h, durante 28 días — Cuanto antes (ideal <24 h)	Patologías::Antiinfecciosos
¿Cuál es el objetivo terapéutico en Infección por VIH (inicio del tratamiento antirretroviral) y profilaxis?	Carga viral indetectable (<50 copias/mL) a las 24 semanas: «indetectable = intransmisible».	Patologías::Antiinfecciosos
Clave en el tratamiento de Infección por VIH (inicio del tratamiento antirretroviral) y profilaxis:	<b>Revisar SIEMPRE interacciones</b>: los potenciados (ritonavir, cobicistat) multiplican estatinas, corticoides inhalados (fluticasona) y antiarrítmicos; la rifampicina anula muchos antirretrovirales.	Patologías::Antiinfecciosos
