¿Con qué fármacos se trata: Migraña (crisis y profilaxis) — Crisis leve-moderada?	Ibuprofeno · Metoclopramida	Patologías::Neurología
Migraña (crisis y profilaxis) — Crisis leve-moderada: ¿pauta de Ibuprofeno?	600 mg VO, Al inicio; repetir a las 6-8 h si es necesario, durante Por crisis	Patologías::Neurología
Migraña (crisis y profilaxis) — Crisis leve-moderada: ¿pauta de Metoclopramida?	10 mg VO, Con el analgésico, durante Por crisis — Náuseas y mejora la absorción del analgésico	Patologías::Neurología
¿Con qué fármacos se trata: Migraña (crisis y profilaxis) — Crisis moderada-grave o fracaso de AINE?	Sumatriptán · Rizatriptán · Zolmitriptán	Patologías::Neurología
Migraña (crisis y profilaxis) — Crisis moderada-grave o fracaso de AINE: ¿pauta de Sumatriptán?	50-100 mg VO o 6 mg SC VO / SC, Repetir a las 2 h si recurre (máx. 300 mg VO o 12 mg SC/día), durante Por crisis	Patologías::Neurología
Migraña (crisis y profilaxis) — Crisis moderada-grave o fracaso de AINE: ¿pauta de Rizatriptán?	10 mg (5 mg con propranolol) VO, Repetir a las 2 h (máx. 20 mg/día), durante Por crisis	Patologías::Neurología
Migraña (crisis y profilaxis) — Crisis moderada-grave o fracaso de AINE: ¿pauta de Zolmitriptán?	2,5-5 mg VO / IN, Repetir a las 2 h (máx. 10 mg/día), durante Por crisis — Nasal si vómitos	Patologías::Neurología
¿Con qué fármacos se trata: Migraña (crisis y profilaxis) — Crisis en urgencias o estado migrañoso (>72 h)?	Metoclopramida · Dexketoprofeno · Dexametasona	Patologías::Neurología
Migraña (crisis y profilaxis) — Crisis en urgencias o estado migrañoso (>72 h): ¿pauta de Metoclopramida?	10 mg IV, Dosis única, durante Dosis única	Patologías::Neurología
Migraña (crisis y profilaxis) — Crisis en urgencias o estado migrañoso (>72 h): ¿pauta de Dexketoprofeno?	50 mg IV, Dosis única, durante Dosis única	Patologías::Neurología
Migraña (crisis y profilaxis) — Crisis en urgencias o estado migrañoso (>72 h): ¿pauta de Dexametasona?	10 mg IV, Dosis única, durante Dosis única — Reduce la recurrencia a las 72 h	Patologías::Neurología
¿Con qué fármacos se trata: Migraña (crisis y profilaxis) — Profilaxis?	Propranolol · Topiramato · Amitriptilina · Candesartán · Anticuerpos anti-CGRP (erenumab, galcanezumab, fremanezumab)	Patologías::Neurología
Migraña (crisis y profilaxis) — Profilaxis: ¿pauta de Propranolol?	40 mg → 80-160 mg/día VO, Cada 12 h (o retard cada 24 h), durante 6-12 meses y reevaluar — Si HTA, ansiedad o temblor; no en asma	Patologías::Neurología
Migraña (crisis y profilaxis) — Profilaxis: ¿pauta de Topiramato?	25 mg → 50 mg cada 12 h VO, Subir 25 mg/semana, durante 6-12 meses — Si obesidad; teratógeno, parestesias, litiasis	Patologías::Neurología
Migraña (crisis y profilaxis) — Profilaxis: ¿pauta de Amitriptilina?	10 mg → 25-50 mg VO, Cada 24 h, por la noche, durante 6-12 meses — Si insomnio, depresión o cefalea tensional asociada	Patologías::Neurología
Migraña (crisis y profilaxis) — Profilaxis: ¿pauta de Candesartán?	16 mg VO, Cada 24 h, durante 6-12 meses — Si HTA; bien tolerado	Patologías::Neurología
Migraña (crisis y profilaxis) — Profilaxis: ¿pauta de Anticuerpos anti-CGRP (erenumab, galcanezumab, fremanezumab)?	70-140 mg (erenumab) SC, Mensual, durante 12 meses y reevaluar — Fracaso de ≥2-3 preventivos orales	Patologías::Neurología
¿Cuál es el objetivo terapéutico en Migraña (crisis y profilaxis)?	Crisis: alivio a las 2 h. Profilaxis: reducir ≥50% los días de migraña en 2-3 meses.	Patologías::Neurología
Clave en el tratamiento de Migraña (crisis y profilaxis):	<b>Analgésicos >15 días/mes o triptanes >10 días/mes = cefalea por abuso de medicación.</b>	Patologías::Neurología
¿Con qué fármacos se trata: Epilepsia (tratamiento de mantenimiento) — Epilepsia focal?	Lamotrigina · Levetiracetam · Carbamazepina	Patologías::Neurología
Epilepsia (tratamiento de mantenimiento) — Epilepsia focal: ¿pauta de Lamotrigina?	25 mg/día 2 semanas → 50 mg 2 semanas → 100-200 mg/día VO, Cada 12 h, durante Indefinida (≥2 años sin crisis) — Titulación lenta (exantema); a la mitad con valproato	Patologías::Neurología
Epilepsia (tratamiento de mantenimiento) — Epilepsia focal: ¿pauta de Levetiracetam?	500 mg → 1.000-1.500 mg VO / IV, Cada 12 h, durante Indefinida — Sin interacciones; vigilar irritabilidad y depresión	Patologías::Neurología
Epilepsia (tratamiento de mantenimiento) — Epilepsia focal: ¿pauta de Carbamazepina?	200 mg → 400-600 mg VO, Cada 12 h (retard), durante Indefinida — Inductor enzimático; hiponatremia	Patologías::Neurología
¿Con qué fármacos se trata: Epilepsia (tratamiento de mantenimiento) — Epilepsia generalizada idiopática?	Valproato · Levetiracetam · Lamotrigina	Patologías::Neurología
Epilepsia (tratamiento de mantenimiento) — Epilepsia generalizada idiopática: ¿pauta de Valproato?	500 mg → 20-30 mg/kg/día VO, Cada 12 h (crono cada 24 h), durante Indefinida — El más eficaz; <b>evitar en mujeres en edad fértil</b>	Patologías::Neurología
Epilepsia (tratamiento de mantenimiento) — Epilepsia generalizada idiopática: ¿pauta de Levetiracetam?	500 mg → 1.000-1.500 mg VO, Cada 12 h, durante Indefinida — Alternativa en mujeres	Patologías::Neurología
Epilepsia (tratamiento de mantenimiento) — Epilepsia generalizada idiopática: ¿pauta de Lamotrigina?	Titulación lenta hasta 100-200 mg/día VO, Cada 12 h, durante Indefinida — Útil en ausencias; puede empeorar las mioclonías	Patologías::Neurología
¿Cuál es el objetivo terapéutico en Epilepsia (tratamiento de mantenimiento)?	Libre de crisis sin efectos adversos; retirada valorable tras ≥2 años sin crisis.	Patologías::Neurología
Clave en el tratamiento de Epilepsia (tratamiento de mantenimiento):	<b>Carbamazepina, oxcarbazepina, fenitoína y lamotrigina pueden empeorar ausencias y mioclonías.</b>	Patologías::Neurología
¿Con qué fármacos se trata: Crisis convulsiva prolongada y estatus epiléptico — Adulto: 1.ª línea (5-20 min)?	Lorazepam · Midazolam · Diazepam	Patologías::Neurología
Crisis convulsiva prolongada y estatus epiléptico — Adulto: 1.ª línea (5-20 min): ¿pauta de Lorazepam?	4 mg (0,1 mg/kg) IV, Repetible una vez a los 5 min, durante Dosis puntual	Patologías::Neurología
Crisis convulsiva prolongada y estatus epiléptico — Adulto: 1.ª línea (5-20 min): ¿pauta de Midazolam?	10 mg (5 mg si 13-40 kg) IM, Dosis única, durante Dosis puntual — Sin vía IV	Patologías::Neurología
Crisis convulsiva prolongada y estatus epiléptico — Adulto: 1.ª línea (5-20 min): ¿pauta de Diazepam?	10 mg (0,15-0,2 mg/kg) IV, Repetible una vez a los 5 min, durante Dosis puntual — Si no hay lorazepam ni midazolam	Patologías::Neurología
¿Con qué fármacos se trata: Crisis convulsiva prolongada y estatus epiléptico — Adulto: 2.ª línea (20-40 min)?	Levetiracetam · Valproato · Fenitoína	Patologías::Neurología
Crisis convulsiva prolongada y estatus epiléptico — Adulto: 2.ª línea (20-40 min): ¿pauta de Levetiracetam?	60 mg/kg (máx. 4.500 mg) IV, En 10-15 min, durante Dosis de carga, después mantenimiento	Patologías::Neurología
Crisis convulsiva prolongada y estatus epiléptico — Adulto: 2.ª línea (20-40 min): ¿pauta de Valproato?	40 mg/kg (máx. 3.000 mg) IV, En 10 min, durante Carga, después mantenimiento — Evitar en hepatopatía y enfermedad mitocondrial	Patologías::Neurología
Crisis convulsiva prolongada y estatus epiléptico — Adulto: 2.ª línea (20-40 min): ¿pauta de Fenitoína?	20 mg/kg IV, A ≤50 mg/min con monitorización ECG, durante Carga, después mantenimiento — Hipotensión y arritmias	Patologías::Neurología
¿Con qué fármacos se trata: Crisis convulsiva prolongada y estatus epiléptico — Estatus refractario (>40 min) en UCI?	Propofol	Patologías::Neurología
Crisis convulsiva prolongada y estatus epiléptico — Estatus refractario (>40 min) en UCI: ¿pauta de Propofol?	1-2 mg/kg bolo, después 2-10 mg/kg/h IV, Perfusión continua, durante 24-48 h con monitorización EEG — Intubación	Patologías::Neurología
¿Con qué fármacos se trata: Crisis convulsiva prolongada y estatus epiléptico — Niño (Pediatría)?	Midazolam bucal · Valproato IV (2.ª línea)	Patologías::Neurología
Crisis convulsiva prolongada y estatus epiléptico — Niño (Pediatría): ¿pauta de Midazolam bucal?	0,3 mg/kg (2,5 mg 3-11 meses; 5 mg 1-4 años; 7,5 mg 5-9 años; 10 mg ≥10 años) bucal, Dosis única; repetible una vez a los 10 min, durante Dosis puntual — Útil en domicilio y colegio	Patologías::Neurología
Crisis convulsiva prolongada y estatus epiléptico — Niño (Pediatría): ¿pauta de Valproato IV (2.ª línea)?	20-40 mg/kg IV, En 5-10 min, durante Carga — Evitar en <2 años o sospecha metabólica	Patologías::Neurología
¿Cuál es el objetivo terapéutico en Crisis convulsiva prolongada y estatus epiléptico?	Cese clínico y eléctrico de las crisis lo antes posible.	Patologías::Neurología
Clave en el tratamiento de Crisis convulsiva prolongada y estatus epiléptico:	<b>Infradosificar la benzodiacepina es el error más frecuente.</b>	Patologías::Neurología
¿Con qué fármacos se trata: Enfermedad de Parkinson — Tratamiento inicial?	Levodopa/carbidopa · Pramipexol · Rasagilina	Patologías::Neurología
Enfermedad de Parkinson — Tratamiento inicial: ¿pauta de Levodopa/carbidopa?	50-100 mg de levodopa → 300-600 mg/día VO, Cada 6-8 h, 30-60 min antes de las comidas, durante Indefinida — Subir cada semana según respuesta	Patologías::Neurología
Enfermedad de Parkinson — Tratamiento inicial: ¿pauta de Pramipexol?	0,088 mg → 0,7-1,1 mg (sal) cada 8 h VO, Cada 8 h (o liberación prolongada cada 24 h), durante Indefinida — Jóvenes; vigilar control de impulsos y somnolencia	Patologías::Neurología
Enfermedad de Parkinson — Tratamiento inicial: ¿pauta de Rasagilina?	1 mg VO, Cada 24 h, durante Indefinida — Síntomas leves; evitar tramadol, meperidina	Patologías::Neurología
¿Con qué fármacos se trata: Enfermedad de Parkinson — Fluctuaciones motoras (wearing-off)?	Levodopa/carbidopa (fraccionar) · Rasagilina (añadida)	Patologías::Neurología
Enfermedad de Parkinson — Fluctuaciones motoras (wearing-off): ¿pauta de Levodopa/carbidopa (fraccionar)?	50-100 mg de levodopa por toma (misma dosis diaria total, más repartida) VO, Cada 3-4 h, durante Indefinida	Patologías::Neurología
Enfermedad de Parkinson — Fluctuaciones motoras (wearing-off): ¿pauta de Rasagilina (añadida)?	1 mg VO, Cada 24 h, durante Indefinida	Patologías::Neurología
¿Con qué fármacos se trata: Enfermedad de Parkinson — Síntomas no motores frecuentes?	Domperidona (náuseas) · Quetiapina (psicosis) · Rivastigmina (demencia)	Patologías::Neurología
Enfermedad de Parkinson — Síntomas no motores frecuentes: ¿pauta de Domperidona (náuseas)?	10 mg VO, Cada 8 h, durante Al iniciar dopaminérgicos — Nunca metoclopramida	Patologías::Neurología
Enfermedad de Parkinson — Síntomas no motores frecuentes: ¿pauta de Quetiapina (psicosis)?	12,5-50 mg VO, Por la noche, durante Según evolución — Antes, reducir anticolinérgicos, amantadina y agonistas	Patologías::Neurología
Enfermedad de Parkinson — Síntomas no motores frecuentes: ¿pauta de Rivastigmina (demencia)?	4,6 → 9,5 mg/24 h (parche) transdérmica, Cada 24 h, durante Indefinida	Patologías::Neurología
¿Cuál es el objetivo terapéutico en Enfermedad de Parkinson?	Control de síntomas motores con mínimas discinesias y efectos adversos.	Patologías::Neurología
Clave en el tratamiento de Enfermedad de Parkinson:	<b>Antipsicóticos típicos, metoclopramida, cleboprida y sulpirida empeoran el Parkinson.</b>	Patologías::Neurología
¿Con qué fármacos se trata: Enfermedad de Alzheimer — Tratamiento cognitivo?	Donepezilo · Memantina	Patologías::Neurología
Enfermedad de Alzheimer — Tratamiento cognitivo: ¿pauta de Donepezilo?	5 mg → 10 mg VO, Cada 24 h, por la noche, durante Mientras haya beneficio — Bradicardia y síncope: ECG si cardiopatía	Patologías::Neurología
Enfermedad de Alzheimer — Tratamiento cognitivo: ¿pauta de Memantina?	5 mg → 20 mg (subir 5 mg/semana) VO, Cada 24 h, durante Mientras haya beneficio — Moderada-grave; 10 mg si FG <30	Patologías::Neurología
¿Con qué fármacos se trata: Enfermedad de Alzheimer — Síntomas conductuales (si fracasan las medidas no farmacológicas)?	Sertralina / citalopram (depresión, irritabilidad) · Trazodona (insomnio, agitación nocturna) · Risperidona (agresividad o psicosis graves)	Patologías::Neurología
Enfermedad de Alzheimer — Síntomas conductuales (si fracasan las medidas no farmacológicas): ¿pauta de Sertralina / citalopram (depresión, irritabilidad)?	25 mg → 50-100 mg VO, Cada 24 h, durante Reevaluar a los 3-6 meses	Patologías::Neurología
Enfermedad de Alzheimer — Síntomas conductuales (si fracasan las medidas no farmacológicas): ¿pauta de Trazodona (insomnio, agitación nocturna)?	25-100 mg VO, Por la noche, durante Reevaluar periódicamente	Patologías::Neurología
Enfermedad de Alzheimer — Síntomas conductuales (si fracasan las medidas no farmacológicas): ¿pauta de Risperidona (agresividad o psicosis graves)?	0,25 mg → 0,5-1 mg VO, Cada 12 h, durante <b>Máximo 6-12 semanas</b> — Aumenta ictus y mortalidad; plan de retirada	Patologías::Neurología
¿Cuál es el objetivo terapéutico en Enfermedad de Alzheimer?	Estabilizar la función cognitiva y la autonomía; control de síntomas conductuales.	Patologías::Neurología
Clave en el tratamiento de Enfermedad de Alzheimer:	<b>Anticolinérgicos (oxibutinina, antihistamínicos de 1.ª generación, tricíclicos) empeoran la cognición y antagonizan a los inhibidores de colinesterasa.</b>	Patologías::Neurología
¿Con qué fármacos se trata: Dolor neuropático — Primera línea?	Pregabalina · Duloxetina · Amitriptilina	Patologías::Neurología
Dolor neuropático — Primera línea: ¿pauta de Pregabalina?	75 mg → 150-300 mg VO, Cada 12 h, durante Mientras sea eficaz; reevaluar cada 3-6 meses — Ajuste renal; mareo, edemas, abuso	Patologías::Neurología
Dolor neuropático — Primera línea: ¿pauta de Duloxetina?	30 mg → 60 mg VO, Cada 24 h, durante Mientras sea eficaz — Útil con depresión asociada; evitar en hepatopatía	Patologías::Neurología
Dolor neuropático — Primera línea: ¿pauta de Amitriptilina?	10 mg → 25-75 mg VO, Por la noche, durante Mientras sea eficaz — Evitar en ancianos y cardiópatas	Patologías::Neurología
¿Con qué fármacos se trata: Dolor neuropático — Dolor localizado?	Lidocaína 5% apósito	Patologías::Neurología
Dolor neuropático — Dolor localizado: ¿pauta de Lidocaína 5% apósito?	1-3 apósitos tópica, 12 h puestos y 12 h de descanso, durante Reevaluar a las 2-4 semanas — Neuralgia postherpética	Patologías::Neurología
¿Con qué fármacos se trata: Dolor neuropático — Neuralgia del trigémino?	Carbamazepina	Patologías::Neurología
Dolor neuropático — Neuralgia del trigémino: ¿pauta de Carbamazepina?	100-200 mg → 400-800 mg/día VO, Cada 8-12 h, durante Hasta remisión; descenso gradual — Respuesta casi diagnóstica	Patologías::Neurología
¿Cuál es el objetivo terapéutico en Dolor neuropático?	Reducción ≥30-50% del dolor y mejora del sueño y la función.	Patologías::Neurología
Clave en el tratamiento de Dolor neuropático:	<b>Opioides en el dolor neuropático: tercera línea y por tiempo limitado.</b>	Patologías::Neurología
