¿Con qué fármacos se trata: Diabetes mellitus tipo 2 — Base del tratamiento?	Metformina	Patologías::Endocrinología y metabolismo
Diabetes mellitus tipo 2 — Base del tratamiento: ¿pauta de Metformina?	425-850 mg → 2.000 mg/día VO, Cada 8-12 h con las comidas (o retard cada 24 h), durante Indefinida — Subir cada 1-2 semanas; FG 30-45: máx. 1.000 mg/día; FG <30: suspender	Patologías::Endocrinología y metabolismo
¿Con qué fármacos se trata: Diabetes mellitus tipo 2 — Con enfermedad cardiovascular, insuficiencia cardiaca o ERC (protección orgánica)?	Empagliflozina · Semaglutida	Patologías::Endocrinología y metabolismo
Diabetes mellitus tipo 2 — Con enfermedad cardiovascular, insuficiencia cardiaca o ERC (protección orgánica): ¿pauta de Empagliflozina?	10 mg VO, Cada 24 h, durante Indefinida — De elección en IC y ERC	Patologías::Endocrinología y metabolismo
Diabetes mellitus tipo 2 — Con enfermedad cardiovascular, insuficiencia cardiaca o ERC (protección orgánica): ¿pauta de Semaglutida?	0,25 mg → 1 mg (2 mg) SC, Semanal, durante Indefinida — De elección en enfermedad aterosclerótica y obesidad	Patologías::Endocrinología y metabolismo
¿Con qué fármacos se trata: Diabetes mellitus tipo 2 — Intensificación según perfil?	Tirzepatida · Sitagliptina (iDPP4) · Gliclazida (sulfonilurea)	Patologías::Endocrinología y metabolismo
Diabetes mellitus tipo 2 — Intensificación según perfil: ¿pauta de Tirzepatida?	2,5 mg → 5-15 mg SC, Semanal, durante Indefinida — Máximo efecto sobre HbA1c y peso	Patologías::Endocrinología y metabolismo
Diabetes mellitus tipo 2 — Intensificación según perfil: ¿pauta de Sitagliptina (iDPP4)?	100 mg (50 mg si FG 30-45; 25 mg si <30) VO, Cada 24 h, durante Indefinida — Neutro en peso; ancianos; <b>no combinar con GLP-1</b>	Patologías::Endocrinología y metabolismo
Diabetes mellitus tipo 2 — Intensificación según perfil: ¿pauta de Gliclazida (sulfonilurea)?	30-120 mg (liberación modificada) VO, Cada 24 h con el desayuno, durante Indefinida — Barata; riesgo de hipoglucemia y aumento de peso	Patologías::Endocrinología y metabolismo
¿Con qué fármacos se trata: Diabetes mellitus tipo 2 — Insulinización?	Insulina glargina · Insulina rápida (prandial)	Patologías::Endocrinología y metabolismo
Diabetes mellitus tipo 2 — Insulinización: ¿pauta de Insulina glargina?	10 UI o 0,1-0,2 UI/kg SC, Cada 24 h, a la misma hora, durante Indefinida — +2 UI cada 3 días hasta objetivo; mantener metformina y GLP-1/iSGLT2	Patologías::Endocrinología y metabolismo
Diabetes mellitus tipo 2 — Insulinización: ¿pauta de Insulina rápida (prandial)?	4 UI o 10% de la basal en la comida principal SC, 0-15 min antes de la comida, durante Indefinida — Si HbA1c alta con basal ya ajustada (basal-plus → basal-bolo)	Patologías::Endocrinología y metabolismo
¿Cuál es el objetivo terapéutico en Diabetes mellitus tipo 2?	HbA1c <7% en general (6,5% en jóvenes sin hipoglucemias; 7,5-8% en ancianos frágiles); control de PA, LDL y peso.	Patologías::Endocrinología y metabolismo
Clave en el tratamiento de Diabetes mellitus tipo 2:	<b>Suspender metformina e iSGLT2 ante deshidratación, vómitos, contraste yodado con FG bajo o cirugía mayor.</b>	Patologías::Endocrinología y metabolismo
¿Con qué fármacos se trata: Diabetes mellitus tipo 1 — Adulto?	Insulina glargina · Insulina rápida (aspart, lispro, glulisina)	Patologías::Endocrinología y metabolismo
Diabetes mellitus tipo 1 — Adulto: ¿pauta de Insulina glargina?	≈50% de la dosis total (0,2-0,3 UI/kg) SC, Cada 24 h, durante Indefinida	Patologías::Endocrinología y metabolismo
Diabetes mellitus tipo 1 — Adulto: ¿pauta de Insulina rápida (aspart, lispro, glulisina)?	Ratio insulina/raciones (p. ej., 1 UI/10 g HC) + factor de sensibilidad SC, 0-15 min antes de cada comida, durante Indefinida	Patologías::Endocrinología y metabolismo
¿Con qué fármacos se trata: Diabetes mellitus tipo 1 — Niño y adolescente (Pediatría)?	Insulina (basal-bolo o bomba)	Patologías::Endocrinología y metabolismo
Diabetes mellitus tipo 1 — Niño y adolescente (Pediatría): ¿pauta de Insulina (basal-bolo o bomba)?	0,5-1 UI/kg/día (hasta 1,5 en la pubertad) SC, Basal cada 24 h + bolos antes de cada comida, durante Indefinida — Fase de luna de miel con necesidades muy bajas	Patologías::Endocrinología y metabolismo
¿Con qué fármacos se trata: Diabetes mellitus tipo 1 — Hipoglucemia (rescate)?	Glucagón	Patologías::Endocrinología y metabolismo
Diabetes mellitus tipo 1 — Hipoglucemia (rescate): ¿pauta de Glucagón?	1 mg IM/SC (0,5 mg si <25 kg) o 3 mg intranasal IM / IN, Dosis única, durante Dosis única — Si el paciente no puede tragar; todo DM1 debe tenerlo en casa	Patologías::Endocrinología y metabolismo
¿Cuál es el objetivo terapéutico en Diabetes mellitus tipo 1?	HbA1c <7% sin hipoglucemias graves; tiempo en rango (70-180 mg/dL) >70%.	Patologías::Endocrinología y metabolismo
Clave en el tratamiento de Diabetes mellitus tipo 1:	<b>Nunca suspender la insulina basal aunque el paciente no coma</b> (cetoacidosis).	Patologías::Endocrinología y metabolismo
¿Con qué fármacos se trata: Cetoacidosis diabética — Adulto?	Suero salino 0,9% (o cristaloide balanceado) · Cloruro potásico · Insulina rápida (regular) en perfusión · Bicarbonato sódico	Patologías::Endocrinología y metabolismo
Cetoacidosis diabética — Adulto: ¿pauta de Suero salino 0,9% (o cristaloide balanceado)?	1-1,5 L la 1.ª hora, después 250-500 mL/h IV, Continuo, durante Hasta corregir la deshidratación (déficit ~5-7 L) — Pasar a glucosalino al 5% cuando la glucemia <200-250 mg/dL	Patologías::Endocrinología y metabolismo
Cetoacidosis diabética — Adulto: ¿pauta de Cloruro potásico?	20-30 mEq por cada litro de suero IV, Añadido a los sueros, durante Mientras dure la perfusión de insulina — K <3,3: reponer ANTES de la insulina; K >5,2: no añadir y controlar cada 2 h	Patologías::Endocrinología y metabolismo
Cetoacidosis diabética — Adulto: ¿pauta de Insulina rápida (regular) en perfusión?	0,1 UI/kg/h (± bolo de 0,1 UI/kg) IV, Perfusión continua, durante Hasta resolución de la cetoacidosis — Solapar 1-2 h con la insulina SC basal antes de retirarla	Patologías::Endocrinología y metabolismo
Cetoacidosis diabética — Adulto: ¿pauta de Bicarbonato sódico?	100 mEq en 2 h (con 20 mEq de K) IV, Repetir hasta pH >7, durante Solo si pH <6,9 — No de rutina	Patologías::Endocrinología y metabolismo
¿Con qué fármacos se trata: Cetoacidosis diabética — Niño (Pediatría)?	Sueroterapia IV · Insulina en perfusión	Patologías::Endocrinología y metabolismo
Cetoacidosis diabética — Niño (Pediatría): ¿pauta de Sueroterapia IV?	10-20 mL/kg en 1 h y reposición del déficit en 48 h IV, Continuo, durante 48 h — Reposición lenta por riesgo de edema cerebral	Patologías::Endocrinología y metabolismo
Cetoacidosis diabética — Niño (Pediatría): ¿pauta de Insulina en perfusión?	0,05-0,1 UI/kg/h, SIN bolo IV, Perfusión continua, durante Hasta resolución — Iniciar 1 h después de los líquidos	Patologías::Endocrinología y metabolismo
¿Cuál es el objetivo terapéutico en Cetoacidosis diabética?	Resolución: pH >7,30, bicarbonato ≥18 y cetonemia <0,6 mmol/L; descenso de glucemia 50-75 mg/dL/h.	Patologías::Endocrinología y metabolismo
Clave en el tratamiento de Cetoacidosis diabética:	<b>El potasio total está muy bajo aunque el sérico parezca normal</b>: la insulina lo desplaza al interior celular.	Patologías::Endocrinología y metabolismo
¿Con qué fármacos se trata: Hipoglucemia — Tratamiento?	Glucosa oral (comprimidos, zumo) · Glucosa hipertónica · Glucagón · Tiamina	Patologías::Endocrinología y metabolismo
Hipoglucemia — Tratamiento: ¿pauta de Glucosa oral (comprimidos, zumo)?	15-20 g VO, Repetir a los 15 min si persiste <70, durante Hasta normalizar; después HC de absorción lenta	Patologías::Endocrinología y metabolismo
Hipoglucemia — Tratamiento: ¿pauta de Glucosa hipertónica?	25 g (50 mL de glucosa al 50% o 250 mL al 10%) IV, Bolo; repetir según glucemia, durante Seguido de perfusión de glucosado al 10% si sulfonilurea — Niños: 2-5 mL/kg de glucosa al 10%	Patologías::Endocrinología y metabolismo
Hipoglucemia — Tratamiento: ¿pauta de Glucagón?	1 mg (0,5 mg si <25 kg) o 3 mg intranasal IM / SC / IN, Dosis única, durante Dosis única — Sin vía IV; ineficaz en alcohólicos o ayuno prolongado (sin glucógeno)	Patologías::Endocrinología y metabolismo
Hipoglucemia — Tratamiento: ¿pauta de Tiamina?	100 mg IV, Antes o con la glucosa, durante Dosis única — En alcohólicos o desnutridos (encefalopatía de Wernicke)	Patologías::Endocrinología y metabolismo
¿Cuál es el objetivo terapéutico en Hipoglucemia?	Glucemia >100 mg/dL y recuperación neurológica.	Patologías::Endocrinología y metabolismo
Clave en el tratamiento de Hipoglucemia:	<b>La hipoglucemia por sulfonilureas puede durar 24-72 h</b>; octreótido si recurre pese a glucosa.	Patologías::Endocrinología y metabolismo
¿Con qué fármacos se trata: Hipotiroidismo — Adulto?	Levotiroxina	Patologías::Endocrinología y metabolismo
Hipotiroidismo — Adulto: ¿pauta de Levotiroxina?	1,6 µg/kg/día (25-50 µg en >60 años o cardiopatía) VO, Cada 24 h, en ayunas 30-60 min antes del desayuno, durante Indefinida — TSH a las 6-8 semanas de cada cambio; ajustes de 12,5-25 µg	Patologías::Endocrinología y metabolismo
¿Con qué fármacos se trata: Hipotiroidismo — Embarazo (Embarazo)?	Levotiroxina	Patologías::Endocrinología y metabolismo
Hipotiroidismo — Embarazo (Embarazo): ¿pauta de Levotiroxina?	Aumentar un 25-30% la dosis previa al confirmar el embarazo VO, Cada 24 h, durante Hasta el parto; después volver a la dosis previa — TSH cada 4 semanas en la 1.ª mitad del embarazo	Patologías::Endocrinología y metabolismo
¿Con qué fármacos se trata: Hipotiroidismo — Hipotiroidismo congénito (Pediatría (neonatos))?	Levotiroxina	Patologías::Endocrinología y metabolismo
Hipotiroidismo — Hipotiroidismo congénito (Pediatría (neonatos)): ¿pauta de Levotiroxina?	10-15 µg/kg/día VO, Cada 24 h, durante Indefinida (reevaluar a los 3 años si dudoso) — <b>Iniciar antes de las 2 semanas de vida</b> (desarrollo neurológico)	Patologías::Endocrinología y metabolismo
¿Cuál es el objetivo terapéutico en Hipotiroidismo?	TSH en rango normal (0,5-2,5 en embarazo según trimestre).	Patologías::Endocrinología y metabolismo
Clave en el tratamiento de Hipotiroidismo:	<b>En el anciano cardiópata, empezar con 12,5-25 µg</b> (riesgo de angina y FA).	Patologías::Endocrinología y metabolismo
¿Con qué fármacos se trata: Hipertiroidismo (enfermedad de Graves) y crisis tirotóxica — Enfermedad de Graves?	Tiamazol · Propranolol	Patologías::Endocrinología y metabolismo
Hipertiroidismo (enfermedad de Graves) y crisis tirotóxica — Enfermedad de Graves: ¿pauta de Tiamazol?	10-30 mg (según T4L) VO, Cada 24 h, durante 12-18 meses (pauta descendente) — Hemograma si fiebre u odinofagia (agranulocitosis)	Patologías::Endocrinología y metabolismo
Hipertiroidismo (enfermedad de Graves) y crisis tirotóxica — Enfermedad de Graves: ¿pauta de Propranolol?	10-40 mg VO, Cada 6-8 h, durante Hasta eutiroidismo — Control de taquicardia y temblor	Patologías::Endocrinología y metabolismo
¿Con qué fármacos se trata: Hipertiroidismo (enfermedad de Graves) y crisis tirotóxica — Embarazo (1.er trimestre) (Embarazo)?	Propiltiouracilo	Patologías::Endocrinología y metabolismo
Hipertiroidismo (enfermedad de Graves) y crisis tirotóxica — Embarazo (1.er trimestre) (Embarazo): ¿pauta de Propiltiouracilo?	50-100 mg VO, Cada 8 h, durante Hasta la semana 16; después cambiar a tiamazol	Patologías::Endocrinología y metabolismo
¿Con qué fármacos se trata: Hipertiroidismo (enfermedad de Graves) y crisis tirotóxica — Crisis tirotóxica?	Propiltiouracilo · Yodo (solución de Lugol) · Propranolol · Hidrocortisona	Patologías::Endocrinología y metabolismo
Hipertiroidismo (enfermedad de Graves) y crisis tirotóxica — Crisis tirotóxica: ¿pauta de Propiltiouracilo?	500-1.000 mg de carga, después 250 mg VO, Cada 4 h, durante Hasta estabilización	Patologías::Endocrinología y metabolismo
Hipertiroidismo (enfermedad de Graves) y crisis tirotóxica — Crisis tirotóxica: ¿pauta de Yodo (solución de Lugol)?	5-10 gotas VO, Cada 6-8 h, <b>1 h después del PTU</b>, durante Días	Patologías::Endocrinología y metabolismo
Hipertiroidismo (enfermedad de Graves) y crisis tirotóxica — Crisis tirotóxica: ¿pauta de Propranolol?	60-80 mg VO, Cada 4 h, durante Hasta estabilización	Patologías::Endocrinología y metabolismo
Hipertiroidismo (enfermedad de Graves) y crisis tirotóxica — Crisis tirotóxica: ¿pauta de Hidrocortisona?	100 mg IV, Cada 8 h, durante Hasta estabilización — Reduce la conversión de T4 a T3 y cubre insuficiencia suprarrenal relativa	Patologías::Endocrinología y metabolismo
¿Cuál es el objetivo terapéutico en Hipertiroidismo (enfermedad de Graves) y crisis tirotóxica?	Eutiroidismo (T4L y T3 normales; la TSH tarda meses en normalizarse).	Patologías::Endocrinología y metabolismo
Clave en el tratamiento de Hipertiroidismo (enfermedad de Graves) y crisis tirotóxica:	<b>Antitiroideo + fiebre u odinofagia = hemograma urgente</b> (agranulocitosis).	Patologías::Endocrinología y metabolismo
¿Con qué fármacos se trata: Osteoporosis — Tratamiento de base?	Calcio + vitamina D	Patologías::Endocrinología y metabolismo
Osteoporosis — Tratamiento de base: ¿pauta de Calcio + vitamina D?	Calcio 500-1.000 mg + colecalciferol 800-1.000 UI VO, Cada 24 h, durante Mientras dure el tratamiento — Priorizar el calcio de la dieta	Patologías::Endocrinología y metabolismo
¿Con qué fármacos se trata: Osteoporosis — Antirresortivos?	Alendronato · Ácido zoledrónico · Denosumab	Patologías::Endocrinología y metabolismo
Osteoporosis — Antirresortivos: ¿pauta de Alendronato?	70 mg VO, Semanal, en ayunas, 30 min erguido, durante 5 años y reevaluar	Patologías::Endocrinología y metabolismo
Osteoporosis — Antirresortivos: ¿pauta de Ácido zoledrónico?	5 mg IV, Anual, durante 3 años (6 si alto riesgo) — FG ≥35; paracetamol para la reacción de fase aguda	Patologías::Endocrinología y metabolismo
Osteoporosis — Antirresortivos: ¿pauta de Denosumab?	60 mg SC, Cada 6 meses, durante Indefinida o hasta pasar a bisfosfonato — <b>No suspender sin secuenciar a bisfosfonato</b> (fracturas vertebrales múltiples de rebote)	Patologías::Endocrinología y metabolismo
¿Con qué fármacos se trata: Osteoporosis — Osteoporosis inducida por glucocorticoides?	Risedronato	Patologías::Endocrinología y metabolismo
Osteoporosis — Osteoporosis inducida por glucocorticoides: ¿pauta de Risedronato?	35 mg VO, Semanal, durante Mientras dure el corticoide — Si ≥7,5 mg/día de prednisona ≥3 meses	Patologías::Endocrinología y metabolismo
¿Cuál es el objetivo terapéutico en Osteoporosis?	Reducir fracturas; T-score >-2,5 y sin fracturas nuevas para plantear descanso terapéutico.	Patologías::Endocrinología y metabolismo
Clave en el tratamiento de Osteoporosis:	<b>Corregir el déficit de vitamina D antes del zoledrónico o el denosumab</b> (hipocalcemia).	Patologías::Endocrinología y metabolismo
¿Con qué fármacos se trata: Insuficiencia suprarrenal y crisis addisoniana — Crisis suprarrenal?	Hidrocortisona · Suero salino 0,9% (con glucosa si hipoglucemia)	Patologías::Endocrinología y metabolismo
Insuficiencia suprarrenal y crisis addisoniana — Crisis suprarrenal: ¿pauta de Hidrocortisona?	100 mg en bolo, después 200 mg/24 h IV, Bolo + perfusión (o 50 mg cada 6 h), durante Hasta estabilizar; descenso a dosis de mantenimiento en 1-3 días	Patologías::Endocrinología y metabolismo
Insuficiencia suprarrenal y crisis addisoniana — Crisis suprarrenal: ¿pauta de Suero salino 0,9% (con glucosa si hipoglucemia)?	1 L en la 1.ª hora, después según volemia IV, Continuo, durante 24-48 h	Patologías::Endocrinología y metabolismo
¿Con qué fármacos se trata: Insuficiencia suprarrenal y crisis addisoniana — Tratamiento crónico?	Hidrocortisona · Fludrocortisona	Patologías::Endocrinología y metabolismo
Insuficiencia suprarrenal y crisis addisoniana — Tratamiento crónico: ¿pauta de Hidrocortisona?	15-25 mg/día VO, Repartida en 2-3 tomas (la mayor al despertar), durante Indefinida — Duplicar o triplicar en fiebre o enfermedad («reglas del día de enfermedad»)	Patologías::Endocrinología y metabolismo
Insuficiencia suprarrenal y crisis addisoniana — Tratamiento crónico: ¿pauta de Fludrocortisona?	0,05-0,2 mg VO, Cada 24 h, durante Indefinida — Solo en la insuficiencia suprarrenal primaria	Patologías::Endocrinología y metabolismo
¿Cuál es el objetivo terapéutico en Insuficiencia suprarrenal y crisis addisoniana?	Estabilidad hemodinámica; sustitución fisiológica sin sobredosificación.	Patologías::Endocrinología y metabolismo
Clave en el tratamiento de Insuficiencia suprarrenal y crisis addisoniana:	<b>Ante sospecha de crisis suprarrenal, tratar primero y confirmar después.</b>	Patologías::Endocrinología y metabolismo
