¿A qué clase farmacológica pertenece Alprostadil (prostaglandina E1)?	Vasodilatador (Prostaglandina E1 sintética)	Farmacoterapia::Pediatría::Cardiovascular
¿Cuál es el mecanismo de acción de Alprostadil (prostaglandina E1)?	Reproduce la acción de la prostaglandina E2 placentaria, que durante toda la vida fetal mantiene ABIERTO el ductus arterioso relajando su músculo liso. Al nacer, la caída brusca de las prostaglandinas circulantes (al desaparecer la placenta que las producía y aumentar el metabolismo pulmonar) junto con la subida de la presión parcial de oxígeno provocan el CIERRE funcional del ductus en las primeras 24-72 horas. En una cardiopatía DUCTUS-DEPENDIENTE, ese cierre fisiológico es catastrófico: el ductus era la única comunicación que permitía llegar sangre al pulmón o a la aorta descendente, y su cierre produce hipoxemia refractaria o shock. El alprostadil vuelve a abrirlo. Es un fármaco que no cura nada: mantiene vivo al recién nacido hasta que puede llegar a un centro con cirugía cardiaca.	Farmacoterapia::Pediatría::Cardiovascular
¿Cuál es la dosis de Alprostadil (prostaglandina E1) en CARDIOPATÍA CONGÉNITA DUCTUS-DEPENDIENTE con cianosis (flujo pulmonar dependiente del ductus)?	0,01-0,05 microgramos/kg/min en perfusión continua — Perfusión continua ininterrumpida, vía IV	Farmacoterapia::Pediatría::Cardiovascular
¿A qué objetivo se ajusta la dosis de Alprostadil (prostaglandina E1) en CARDIOPATÍA CONGÉNITA DUCTUS-DEPENDIENTE con cianosis (flujo pulmonar dependiente del ductus)?	Saturación de oxígeno de 75-85% con buena perfusión y acidosis en resolución: el objetivo NO es normalizar la saturación	Farmacoterapia::Pediatría::Cardiovascular
¿Cuál es la dosis de Alprostadil (prostaglandina E1) en Cardiopatía ductus-dependiente con SHOCK (flujo sistémico dependiente del ductus)?	0,05-0,1 microgramos/kg/min de inicio, con descenso rápido tras la respuesta — Perfusión continua, vía IV	Farmacoterapia::Pediatría::Cardiovascular
¿A qué objetivo se ajusta la dosis de Alprostadil (prostaglandina E1) en Cardiopatía ductus-dependiente con SHOCK (flujo sistémico dependiente del ductus)?	Recuperación de los pulsos femorales, de la diuresis y corrección de la acidosis metabólica	Farmacoterapia::Pediatría::Cardiovascular
¿Cuál es la dosis de Alprostadil (prostaglandina E1) en TRANSPOSICIÓN de grandes vasos, como puente a la atrioseptostomía?	0,01-0,05 microgramos/kg/min — Perfusión continua, vía IV	Farmacoterapia::Pediatría::Cardiovascular
¿Cuál es la dosis de Alprostadil (prostaglandina E1) en Traslado a centro con cirugía cardiaca?	Dosis mínima eficaz mantenida durante todo el traslado, con VÍA ASEGURADA y bomba de repuesto — Perfusión continua, vía IV	Farmacoterapia::Pediatría::Cardiovascular
¿A qué objetivo se ajusta la dosis de Alprostadil (prostaglandina E1) en Traslado a centro con cirugía cardiaca?	Estabilidad hemodinámica durante el transporte	Farmacoterapia::Pediatría::Cardiovascular
¿Cuánto dura el tratamiento con Alprostadil (prostaglandina E1)?	Hasta la cirugía o el procedimiento correctivo, que puede ser de horas a días.	Farmacoterapia::Pediatría::Cardiovascular
¿Cómo se suspende Alprostadil (prostaglandina E1)?	Solo tras la corrección quirúrgica o cuando se descarta la cardiopatía ductus-dependiente.	Farmacoterapia::Pediatría::Cardiovascular
¿Qué hay que monitorizar durante el tratamiento con Alprostadil (prostaglandina E1)?	Saturación PRE y POSTDUCTAL (mano derecha frente a pie), tensión arterial, pulsos femorales, gasometría, glucemia, temperatura y VIGILANCIA RESPIRATORIA estrecha por el riesgo de apnea.	Farmacoterapia::Pediatría::Cardiovascular
¿Cuál es la vida media de Alprostadil (prostaglandina E1)?	MENOS DE 1 MINUTO. Es la razón por la que la interrupción accidental de la perfusión puede ser catastrófica en pocos minutos.	Farmacoterapia::Pediatría::Cardiovascular
¿Requiere Alprostadil (prostaglandina E1) ajuste en insuficiencia renal?	Sin ajuste.	Farmacoterapia::Pediatría::Cardiovascular
Interacción crítica de Alprostadil (prostaglandina E1) con OXÍGENO a alta concentración: ¿qué ocurre y qué se hace?	Favorece el CIERRE del ductus y, en la cardiopatía con flujo sistémico ductus-dependiente, redistribuye el flujo hacia el pulmón robándolo a la circulación sistémica. Manejo: Es la interacción más contraintuitiva de la neonatología: en estos niños hay que dar el oxígeno MÍNIMO necesario y aceptar saturaciones de 75-85%	Farmacoterapia::Pediatría::Cardiovascular
Interacción crítica de Alprostadil (prostaglandina E1) con AINE (indometacina, ibuprofeno): ¿qué ocurre y qué se hace?	Antagonismo DIRECTO: cierran el ductus inhibiendo la síntesis de prostaglandinas. Manejo: Efectos opuestos del mismo eje: uno abre y otros cierran. Nunca coinciden en el mismo paciente	Farmacoterapia::Pediatría::Cardiovascular
Efecto adverso grave de Alprostadil (prostaglandina E1): APNEA con necesidad de intubación urgente — ¿en qué consiste?	APNEA con necesidad de intubación urgente: es el motivo por el que muchos centros intuban de forma preventiva antes de un traslado	Farmacoterapia::Pediatría::Cardiovascular
Efecto adverso grave de Alprostadil (prostaglandina E1): Hipotensión grave — ¿en qué consiste?	Hipotensión grave	Farmacoterapia::Pediatría::Cardiovascular
Efecto adverso grave de Alprostadil (prostaglandina E1): Hemorragia por inhibición de la agregación plaquetaria — ¿en qué consiste?	Hemorragia por inhibición de la agregación plaquetaria	Farmacoterapia::Pediatría::Cardiovascular
Efecto adverso grave de Alprostadil (prostaglandina E1): Enterocolitis necrosante — ¿en qué consiste?	Enterocolitis necrosante	Farmacoterapia::Pediatría::Cardiovascular
Efecto adverso grave de Alprostadil (prostaglandina E1): HIPERPLASIA ANTRAL con obstrucción de la salida gástrica en perfusiones prolongadas — ¿en qué consiste?	HIPERPLASIA ANTRAL con obstrucción de la salida gástrica en perfusiones prolongadas	Farmacoterapia::Pediatría::Cardiovascular
Efecto adverso grave de Alprostadil (prostaglandina E1): Hiperostosis cortical con tratamientos de semanas — ¿en qué consiste?	Hiperostosis cortical con tratamientos de semanas	Farmacoterapia::Pediatría::Cardiovascular
¿Está contraindicado Alprostadil (prostaglandina E1) en: Síndrome de distrés respiratorio del recién nacido sin cardiopatía?	Sí — Síndrome de distrés respiratorio del recién nacido sin cardiopatía	Farmacoterapia::Pediatría::Cardiovascular
¿Está contraindicado Alprostadil (prostaglandina E1) en: Retorno venoso pulmonar anómalo total OBSTRUCTIVO?	Sí — Retorno venoso pulmonar anómalo total OBSTRUCTIVO (puede empeorar la congestión pulmonar)	Farmacoterapia::Pediatría::Cardiovascular
¿Está contraindicado Alprostadil (prostaglandina E1) en: Sospecha de que la cianosis es de causa pulmonar y no cardiaca?	Sí — Sospecha de que la cianosis es de causa pulmonar y no cardiaca (aunque ante la duda y con el niño inestable, la prueba terapéutica es aceptable)	Farmacoterapia::Pediatría::Cardiovascular
Particularidad de Alprostadil (prostaglandina E1) que hay que tener en cuenta:	Ante un recién nacido que se deteriora en los primeros días de vida hay que pensar en CARDIOPATÍA DUCTUS-DEPENDIENTE: el cierre fisiológico del ductus es lo que desencadena el cuadro, y por eso el momento de presentación es tan característico. Un neonato que estaba bien y a las 48 horas está cianótico o en shock es, hasta que se demuestre lo contrario, un ductus que se está cerrando.	Farmacoterapia::Pediatría::Cardiovascular
¿Cuál es la dosis pediátrica de Alprostadil (prostaglandina E1)?	0,01-0,05 microgramos/kg/min en perfusión intravenosa continua, ajustando a la dosis MÍNIMA eficaz (máx.: 0,1 microgramos/kg/min al inicio si el ductus ya está cerrándose; después se baja en cuanto se abre)	Farmacoterapia::Pediatría::Cardiovascular
¿A partir de qué edad puede usarse Alprostadil (prostaglandina E1)?	Recién nacido, desde el primer minuto de vida	Farmacoterapia::Pediatría::Cardiovascular
¿Qué cambia en Alprostadil (prostaglandina E1) en el niño respecto al adulto?	Es un fármaco exclusivamente neonatal cuya lógica solo se entiende desde la fisiología de la transición fetal-neonatal, y su indicación depende de un razonamiento que hay que hacer deprisa. Un recién nacido que se deteriora en las primeras horas o días de vida, cuando el ductus se cierra, tiene una cardiopatía DUCTUS-DEPENDIENTE hasta que se demuestre lo contrario, y hay dos escenarios: si depende del ductus para el FLUJO PULMONAR (atresia pulmonar, tetralogía de Fallot extrema, atresia tricuspídea) se presentará con CIANOSIS refractaria al oxígeno; si depende de él para el FLUJO SISTÉMICO (coartación grave, hipoplasia de cavidades izquierdas, interrupción del arco) se presentará con SHOCK, pulsos femorales ausentes y acidosis. En el segundo escenario, administrar OXÍGENO al 100% es contraproducente, porque el oxígeno ayuda a cerrar el ductus y además redistribuye el flujo hacia el pulmón y lo roba a la circulación sistémica: es una de las pocas situaciones de la medicina en que dar oxígeno a un niño grave empeora las cosas.	Farmacoterapia::Pediatría::Cardiovascular
¿A qué clase farmacológica pertenece Ibuprofeno e indometacina para el cierre del ductus (prematuro)?	Antiinflamatorio no esteroideo (Inhibidores de la ciclooxigenasa para el cierre farmacológico del ductus)	Farmacoterapia::Pediatría::Cardiovascular
¿Cuál es el mecanismo de acción de Ibuprofeno e indometacina para el cierre del ductus (prematuro)?	Es la cara opuesta del alprostadil y actúa sobre el mismo eje. Inhiben la CICLOOXIGENASA y bloquean la síntesis de PROSTAGLANDINA E2, que es la que mantiene relajado el músculo liso del ductus. Sin prostaglandinas, el ductus se contrae y se cierra. En el prematuro, ese cierre no ocurre solo porque su ductus tiene una musculatura inmadura, es más sensible a las prostaglandinas y menos sensible al oxígeno, de modo que persiste permeable mucho más allá de lo fisiológico. Un ductus persistente con cortocircuito significativo de izquierda a derecha sobrecarga el pulmón y roba flujo a la circulación sistémica, contribuyendo a la displasia broncopulmonar, a la enterocolitis necrosante y a la hemorragia intraventricular. El PARACETAMOL, que inhibe la ciclooxigenasa por un mecanismo distinto (a nivel del sitio peroxidasa), ha demostrado una eficacia comparable con muchos menos efectos adversos, y ha cambiado la práctica en los últimos años.	Farmacoterapia::Pediatría::Cardiovascular
¿Cuál es la dosis de Ibuprofeno e indometacina para el cierre del ductus (prematuro) en DUCTUS ARTERIOSO PERSISTENTE hemodinámicamente significativo en el prematuro?	Ibuprofeno 10 mg/kg y después 5 mg/kg a las 24 y 48 horas, en 3 dosis — Tres dosis separadas 24 horas, vía IV	Farmacoterapia::Pediatría::Cardiovascular
¿A qué objetivo se ajusta la dosis de Ibuprofeno e indometacina para el cierre del ductus (prematuro) en DUCTUS ARTERIOSO PERSISTENTE hemodinámicamente significativo en el prematuro?	Cierre ecocardiográfico del ductus con mejoría respiratoria y hemodinámica	Farmacoterapia::Pediatría::Cardiovascular
¿Cuál es la dosis de Ibuprofeno e indometacina para el cierre del ductus (prematuro) en Ductus persistente con contraindicación para los AINE?	Paracetamol 15 mg/kg cada 6 horas durante 3-7 días — Cada 6 horas, vía IV	Farmacoterapia::Pediatría::Cardiovascular
¿A qué objetivo se ajusta la dosis de Ibuprofeno e indometacina para el cierre del ductus (prematuro) en Ductus persistente con contraindicación para los AINE?	Cierre del ductus	Farmacoterapia::Pediatría::Cardiovascular
¿Cuál es la dosis de Ibuprofeno e indometacina para el cierre del ductus (prematuro) en Ductus que no responde al primer ciclo?	Segundo ciclo de ibuprofeno o cambio a paracetamol — Ciclo completo repetido, vía IV	Farmacoterapia::Pediatría::Cardiovascular
¿A qué objetivo se ajusta la dosis de Ibuprofeno e indometacina para el cierre del ductus (prematuro) en Ductus que no responde al primer ciclo?	Cierre tras el segundo ciclo	Farmacoterapia::Pediatría::Cardiovascular
¿Cuánto dura el tratamiento con Ibuprofeno e indometacina para el cierre del ductus (prematuro)?	Un ciclo de 3 días; hasta 2 ciclos.	Farmacoterapia::Pediatría::Cardiovascular
¿Cómo se suspende Ibuprofeno e indometacina para el cierre del ductus (prematuro)?	Tras el cierre ecocardiográfico o el fracaso de dos ciclos.	Farmacoterapia::Pediatría::Cardiovascular
¿Qué hay que monitorizar durante el tratamiento con Ibuprofeno e indometacina para el cierre del ductus (prematuro)?	DIURESIS horaria, creatinina, plaquetas, tolerancia digestiva y vigilancia de signos de enterocolitis (distensión, residuos gástricos, sangre en heces).	Farmacoterapia::Pediatría::Cardiovascular
¿Cuál es la vida media de Ibuprofeno e indometacina para el cierre del ductus (prematuro)?	Mucho más larga que en el niño mayor por inmadurez hepática y renal.	Farmacoterapia::Pediatría::Cardiovascular
¿Requiere Ibuprofeno e indometacina para el cierre del ductus (prematuro) ajuste en insuficiencia renal?	CONTRAINDICADO con oliguria o creatinina elevada: el ibuprofeno reduce el flujo renal precisamente cuando ya está comprometido.	Farmacoterapia::Pediatría::Cardiovascular
Interacción crítica de Ibuprofeno e indometacina para el cierre del ductus (prematuro) con BILIRRUBINA: ¿qué ocurre y qué se hace?	Los AINE la DESPLAZAN de la albúmina, aumentando la bilirrubina LIBRE y el riesgo de KERNICTERUS. Manejo: Es una preocupación específicamente neonatal: hay que valorar la cifra de bilirrubina antes de tratar, y es un argumento a favor del paracetamol	Farmacoterapia::Pediatría::Cardiovascular
Interacción crítica de Ibuprofeno e indometacina para el cierre del ductus (prematuro) con ALPROSTADIL (prostaglandina E1): ¿qué ocurre y qué se hace?	ANTAGONISMO DIRECTO: uno abre el ductus y el otro lo cierra. Manejo: Son las dos caras del mismo eje. Antes de cerrar un ductus hay que estar SEGURO de que el niño no depende de él	Farmacoterapia::Pediatría::Cardiovascular
Interacción crítica de Ibuprofeno e indometacina para el cierre del ductus (prematuro) con CORTICOIDES y nefrotóxicos (aminoglucósidos, vancomicina): ¿qué ocurre y qué se hace?	Suman riesgo de perforación intestinal y de nefrotoxicidad. Manejo: Evitar la coincidencia; la combinación de AINE y corticoide en el prematuro es especialmente peligrosa para el intestino	Farmacoterapia::Pediatría::Cardiovascular
Efecto adverso grave de Ibuprofeno e indometacina para el cierre del ductus (prematuro): INSUFICIENCIA RENAL, más marcada con indometacina que con ibuprofeno — ¿en qué consiste?	INSUFICIENCIA RENAL, más marcada con indometacina que con ibuprofeno	Farmacoterapia::Pediatría::Cardiovascular
Efecto adverso grave de Ibuprofeno e indometacina para el cierre del ductus (prematuro): PERFORACIÓN INTESTINAL y ENTEROCOLITIS NECROSANTE, sobre todo si coincide con corticoides — ¿en qué consiste?	PERFORACIÓN INTESTINAL y ENTEROCOLITIS NECROSANTE, sobre todo si coincide con corticoides	Farmacoterapia::Pediatría::Cardiovascular
Efecto adverso grave de Ibuprofeno e indometacina para el cierre del ductus (prematuro): HEMORRAGIA por inhibición de la función plaquetaria, incluida la intraventricular — ¿en qué consiste?	HEMORRAGIA por inhibición de la función plaquetaria, incluida la intraventricular	Farmacoterapia::Pediatría::Cardiovascular
Efecto adverso grave de Ibuprofeno e indometacina para el cierre del ductus (prematuro): KERNICTERUS por desplazamiento de la bilirrubina de la albúmina — ¿en qué consiste?	KERNICTERUS por desplazamiento de la bilirrubina de la albúmina	Farmacoterapia::Pediatría::Cardiovascular
Efecto adverso grave de Ibuprofeno e indometacina para el cierre del ductus (prematuro): HIPERTENSIÓN PULMONAR si se administra a un recién nacido cuya circulación depende del ductus — ¿en qué consiste?	HIPERTENSIÓN PULMONAR si se administra a un recién nacido cuya circulación depende del ductus	Farmacoterapia::Pediatría::Cardiovascular
¿Está contraindicado Ibuprofeno e indometacina para el cierre del ductus (prematuro) en: CARDIOPATÍA DUCTUS-DEPENDIENTE?	Sí — CARDIOPATÍA DUCTUS-DEPENDIENTE: cerrar el ductus sería mortal	Farmacoterapia::Pediatría::Cardiovascular
¿Está contraindicado Ibuprofeno e indometacina para el cierre del ductus (prematuro) en: Insuficiencia renal, oliguria o creatinina elevada?	Sí — Insuficiencia renal, oliguria o creatinina elevada	Farmacoterapia::Pediatría::Cardiovascular
¿Está contraindicado Ibuprofeno e indometacina para el cierre del ductus (prematuro) en: Hemorragia activa, trombopenia significativa o hemorragia intraventricular reciente?	Sí — Hemorragia activa, trombopenia significativa o hemorragia intraventricular reciente	Farmacoterapia::Pediatría::Cardiovascular
¿Está contraindicado Ibuprofeno e indometacina para el cierre del ductus (prematuro) en: Enterocolitis necrosante o sospecha de perforación?	Sí — Enterocolitis necrosante o sospecha de perforación	Farmacoterapia::Pediatría::Cardiovascular
¿Está contraindicado Ibuprofeno e indometacina para el cierre del ductus (prematuro) en: Hiperbilirrubinemia grave?	Sí — Hiperbilirrubinemia grave	Farmacoterapia::Pediatría::Cardiovascular
¿Está contraindicado Ibuprofeno e indometacina para el cierre del ductus (prematuro) en: Infección no controlada?	Sí — Infección no controlada	Farmacoterapia::Pediatría::Cardiovascular
Particularidad de Ibuprofeno e indometacina para el cierre del ductus (prematuro) que hay que tener en cuenta:	Este fármaco y el ALPROSTADIL son las dos caras exactas del mismo eje: uno inhibe las prostaglandinas para CERRAR el ductus y el otro las aporta para MANTENERLO abierto. Verlos juntos hace que la fisiología del ductus se entienda de una vez y para siempre, y deja clarísimo por qué hay que estar SEGURO del diagnóstico antes de tratar: administrar un AINE a un recién nacido con cardiopatía ductus-dependiente lo mata.	Farmacoterapia::Pediatría::Cardiovascular
¿Cuál es la dosis pediátrica de Ibuprofeno e indometacina para el cierre del ductus (prematuro)?	Ibuprofeno 10 mg/kg de dosis inicial y después 5 mg/kg a las 24 y 48 horas (3 dosis en total) (máx.: Habitualmente no se superan 2-3 ciclos; el paracetamol se usa a 15 mg/kg cada 6 horas durante 3-7 días)	Farmacoterapia::Pediatría::Cardiovascular
¿A partir de qué edad puede usarse Ibuprofeno e indometacina para el cierre del ductus (prematuro)?	Recién nacido prematuro, habitualmente en los primeros días de vida	Farmacoterapia::Pediatría::Cardiovascular
¿Qué cambia en Ibuprofeno e indometacina para el cierre del ductus (prematuro) en el niño respecto al adulto?	Es una indicación que solo existe en el prematuro y que ilustra un cambio de paradigma reciente y aleccionador. Durante décadas se trató farmacológicamente TODO ductus persistente detectado por ecocardiografía, sobre la lógica de que cerrarlo prevendría la displasia broncopulmonar, la enterocolitis y la hemorragia intraventricular. Los ensayos posteriores no confirmaron esa mejora del pronóstico a largo plazo, y sí mostraron la toxicidad del tratamiento: oliguria, insuficiencia renal, perforación intestinal y sangrado. Hoy la tendencia es MUCHO más conservadora: se trata el ductus HEMODINÁMICAMENTE SIGNIFICATIVO en el prematuro sintomático, y muchos otros se dejan cerrar solos. La segunda particularidad es el PARACETAMOL, que en esta indicación funciona por un mecanismo distinto al de su efecto antitérmico y ha desplazado en parte a los AINE por su mejor perfil renal y digestivo, algo que sorprende a quien conoce el paracetamol solo como analgésico.	Farmacoterapia::Pediatría::Cardiovascular
