¿A qué clase farmacológica pertenece Lamotrigina (pediatría)?	Antiepiléptico (Bloqueante de los canales de sodio dependientes de voltaje)	Farmacoterapia::Pediatría::Neurología
¿Cuál es el mecanismo de acción de Lamotrigina (pediatría)?	Bloqueo uso-dependiente de los canales de sodio con reducción de la liberación de glutamato, igual que en el adulto. La diferencia pediátrica está en el metabolismo: la GLUCURONIDACIÓN por la UGT es más rápida en el niño que en el adulto, de modo que el niño aclara el fármaco antes y necesita dosis por kilo mayores. Al mismo tiempo, es en la edad pediátrica donde el riesgo de exantema grave es más alto, sobre todo cuando se asocia a valproato, que inhibe esa misma glucuronidación y duplica los niveles.	Farmacoterapia::Pediatría::Neurología
¿Qué distingue a Lamotrigina (pediatría) de los demás fármacos de su clase (Antiepiléptico)?	<b>Utilidad propia en las AUSENCIAS y en el síndrome de Lennox-Gastaut</b>, con buen perfil cognitivo.	Farmacoterapia::Pediatría::Neurología
¿Cuál es la dosis de Lamotrigina (pediatría) en Epilepsia focal y generalizada del niño, como tratamiento asociado?	0,3 mg/kg/día de inicio, con ascenso quincenal hasta 1-10 mg/kg/día según la medicación concomitante — Una o dos tomas al día, vía VO	Farmacoterapia::Pediatría::Neurología
¿A qué objetivo se ajusta la dosis de Lamotrigina (pediatría) en Epilepsia focal y generalizada del niño, como tratamiento asociado?	Control de las crisis con la dosis mínima eficaz	Farmacoterapia::Pediatría::Neurología
¿Cuál es la dosis de Lamotrigina (pediatría) en Síndrome de LENNOX-GASTAUT?	Escalado hasta 1-5 mg/kg/día asociada a valproato, o hasta 5-15 mg/kg/día con inductores — Dos tomas al día, vía VO	Farmacoterapia::Pediatría::Neurología
¿Cuál es la dosis de Lamotrigina (pediatría) en Epilepsia de ausencias como alternativa?	Escalado hasta 1-10 mg/kg/día — Dos tomas al día, vía VO	Farmacoterapia::Pediatría::Neurología
¿Cuál es la dosis de Lamotrigina (pediatría) en Epilepsia de la ADOLESCENTE en edad fértil?	Escalado hasta 100-400 mg al día — Una o dos tomas al día, vía VO	Farmacoterapia::Pediatría::Neurología
¿Cuánto dura el tratamiento con Lamotrigina (pediatría)?	Prolongada, con reevaluación periódica de la indicación y del ajuste por CRECIMIENTO: el niño gana peso y la dosis por kilo se queda corta sin que nadie la cambie.	Farmacoterapia::Pediatría::Neurología
¿Cómo se suspende Lamotrigina (pediatría)?	Retirada gradual a lo largo de semanas. Si se interrumpe más de 5 días, se REINICIA el escalado desde el principio.	Farmacoterapia::Pediatría::Neurología
¿Qué hay que monitorizar durante el tratamiento con Lamotrigina (pediatría)?	Clínica: EXANTEMA, fiebre, afectación de mucosas y malestar general, sobre todo en las 8 primeras semanas. Revisión periódica del peso para reajustar la dosis. Niveles solo en casos concretos.	Farmacoterapia::Pediatría::Neurología
¿Cuál es la vida media de Lamotrigina (pediatría)?	Más corta que en el adulto; se alarga mucho con valproato y se acorta con inductores.	Farmacoterapia::Pediatría::Neurología
¿Requiere Lamotrigina (pediatría) ajuste en insuficiencia renal?	Reducción modesta en la insuficiencia grave.	Farmacoterapia::Pediatría::Neurología
Interacción crítica de Lamotrigina (pediatría) con VALPROATO: ¿qué ocurre y qué se hace?	Duplica los niveles de lamotrigina y multiplica el riesgo de EXANTEMA GRAVE. Manejo: Dosis de inicio de 0,15 mg/kg/día, escalado aún más lento y advertencia explícita a la familia. Es la combinación pediátrica de mayor riesgo cutáneo	Farmacoterapia::Pediatría::Neurología
Interacción crítica de Lamotrigina (pediatría) con Carbamazepina, fenitoína, fenobarbital y primidona: ¿qué ocurre y qué se hace?	Inducen la glucuronidación y reducen los niveles a la mitad. Manejo: Doblar aproximadamente la dosis objetivo	Farmacoterapia::Pediatría::Neurología
Interacción crítica de Lamotrigina (pediatría) con ANTICONCEPTIVOS ORALES en la adolescente: ¿qué ocurre y qué se hace?	Bajan los niveles hasta un 50%, con rebote tóxico en la semana de descanso. Manejo: Anticiparlo al prescribir el anticonceptivo; valorar pauta continua y ajustar dosis	Farmacoterapia::Pediatría::Neurología
Efecto adverso grave de Lamotrigina (pediatría): SÍNDROME DE STEVENS-JOHNSON y necrólisis epidérmica tóxica, con incidencia pediátrica superior a la del adulto — ¿en qué consiste?	SÍNDROME DE STEVENS-JOHNSON y necrólisis epidérmica tóxica, con incidencia pediátrica superior a la del adulto	Farmacoterapia::Pediatría::Neurología
Efecto adverso grave de Lamotrigina (pediatría): Síndrome DRESS — ¿en qué consiste?	Síndrome DRESS	Farmacoterapia::Pediatría::Neurología
Efecto adverso grave de Lamotrigina (pediatría): Linfohistiocitosis hemofagocítica — ¿en qué consiste?	Linfohistiocitosis hemofagocítica	Farmacoterapia::Pediatría::Neurología
Efecto adverso grave de Lamotrigina (pediatría): Agravamiento de las crisis mioclónicas — ¿en qué consiste?	Agravamiento de las crisis mioclónicas	Farmacoterapia::Pediatría::Neurología
Efecto adverso grave de Lamotrigina (pediatría): Crisis por reinicio incorrecto tras una interrupción — ¿en qué consiste?	Crisis por reinicio incorrecto tras una interrupción	Farmacoterapia::Pediatría::Neurología
¿Está contraindicado Lamotrigina (pediatría) en: Antecedente de exantema por lamotrigina?	Sí — Antecedente de exantema por lamotrigina	Farmacoterapia::Pediatría::Neurología
¿Está contraindicado Lamotrigina (pediatría) en: Hipersensibilidad conocida?	Sí — Hipersensibilidad conocida	Farmacoterapia::Pediatría::Neurología
¿Está contraindicado Lamotrigina (pediatría) en: Uso sin ajustar la dosis inicial cuando el niño toma valproato?	Sí — Uso sin ajustar la dosis inicial cuando el niño toma valproato	Farmacoterapia::Pediatría::Neurología
Particularidad de Lamotrigina (pediatría) que hay que tener en cuenta:	En pediatría la lamotrigina se resume en una frase: DESPACIO, y más despacio todavía si hay valproato. El riesgo de exantema grave es mayor en el niño que en el adulto y depende directamente de la dosis inicial y de la velocidad del ascenso, que son las dos únicas variables que el médico controla por completo.	Farmacoterapia::Pediatría::Neurología
¿Cuál es la dosis pediátrica de Lamotrigina (pediatría)?	0,3 mg/kg/día durante 2 semanas, 0,6 mg/kg/día 2 semanas más, y ascenso hasta 1-10 mg/kg/día según la medicación asociada (máx.: 200 mg al día en monoterapia; 400 mg al día con inductores enzimáticos; 200 mg al día asociada a valproato)	Farmacoterapia::Pediatría::Neurología
¿A partir de qué edad puede usarse Lamotrigina (pediatría)?	Desde los 2 años como tratamiento asociado; desde los 13 años en monoterapia según ficha técnica, aunque se usa antes en unidades especializadas	Farmacoterapia::Pediatría::Neurología
¿Qué cambia en Lamotrigina (pediatría) en el niño respecto al adulto?	Dos rasgos separan la lamotrigina pediátrica de la del adulto. El primero es FARMACOCINÉTICO: el niño glucuronida más deprisa y necesita una dosis por kilo superior a la del adulto, de modo que trasladar la pauta adulta dividida por peso produce infradosificación y crisis. El segundo, y el que manda sobre todo lo demás, es el RIESGO CUTÁNEO: la incidencia de exantema grave, incluido el síndrome de Stevens-Johnson, es mayor en la edad pediátrica que en el adulto, y se multiplica con el valproato asociado y con un escalado rápido. Por eso las presentaciones dispersables de 2 y 5 mg no son una comodidad sino una condición de seguridad: sin ellas no se puede administrar la dosis inicial minúscula que el niño necesita, y el intento de fraccionar comprimidos grandes es una de las causas de escalado acelerado involuntario. A ello se añade un problema de continuidad muy pediátrico: la interrupción de más de 5 días por una gastroenteritis, un ingreso o un olvido en un cambio de cuidador obliga a REINICIAR todo el escalado, porque el riesgo cutáneo vuelve al punto de partida.	Farmacoterapia::Pediatría::Neurología
¿A qué clase farmacológica pertenece Vigabatrina y corticotropina (espasmos infantiles)?	Antiepiléptico (Inhibidor irreversible de la GABA transaminasa)	Farmacoterapia::Pediatría::Neurología
¿Cuál es el mecanismo de acción de Vigabatrina y corticotropina (espasmos infantiles)?	La VIGABATRINA inhibe de forma IRREVERSIBLE la GABA transaminasa, la enzima que degrada el GABA, con lo que aumenta la concentración cerebral del principal neurotransmisor inhibidor. Al ser una inhibición irreversible, el efecto persiste hasta que se sintetiza enzima nueva, y por eso su acción dura mucho más que su vida media plasmática. Su eficacia es extraordinaria en un escenario concreto: los espasmos infantiles asociados a ESCLEROSIS TUBEROSA, donde controla las crisis en la mayoría de los niños y se considera de primera elección. La CORTICOTROPINA (ACTH) y los corticoides a dosis altas actúan por una vía distinta y no del todo aclarada, probablemente suprimiendo la liberación del factor liberador de corticotropina, que es proconvulsivante en el cerebro inmaduro, y son de elección en los espasmos de otras causas.	Farmacoterapia::Pediatría::Neurología
¿Qué distingue a Vigabatrina y corticotropina (espasmos infantiles) de los demás fármacos de su clase (Antiepiléptico)?	<b>De elección en los ESPASMOS INFANTILES asociados a ESCLEROSIS TUBEROSA</b> (síndrome de West).	Farmacoterapia::Pediatría::Neurología
¿Cuál es la dosis de Vigabatrina y corticotropina (espasmos infantiles) en ESPASMOS INFANTILES (síndrome de West) asociados a ESCLEROSIS TUBEROSA?	Vigabatrina 50 mg/kg/día con ascenso rápido a 100-150 mg/kg/día en 2 tomas — Dos tomas al día, vía VO	Farmacoterapia::Pediatría::Neurología
¿A qué objetivo se ajusta la dosis de Vigabatrina y corticotropina (espasmos infantiles) en ESPASMOS INFANTILES (síndrome de West) asociados a ESCLEROSIS TUBEROSA?	CESE COMPLETO de los espasmos y desaparición de la hipsarritmia en el electroencefalograma	Farmacoterapia::Pediatría::Neurología
¿Cuál es la dosis de Vigabatrina y corticotropina (espasmos infantiles) en Espasmos infantiles de OTRAS etiologías?	Corticotropina 150 UI/m²/día IM durante 2 semanas con descenso, o prednisolona a dosis altas — Diaria durante 2 semanas con descenso posterior, vía IM	Farmacoterapia::Pediatría::Neurología
¿A qué objetivo se ajusta la dosis de Vigabatrina y corticotropina (espasmos infantiles) en Espasmos infantiles de OTRAS etiologías?	Cese de los espasmos y resolución de la hipsarritmia	Farmacoterapia::Pediatría::Neurología
¿Cuál es la dosis de Vigabatrina y corticotropina (espasmos infantiles) en Epilepsia focal refractaria del niño mayor?	Vigabatrina 40-80 mg/kg/día — Dos tomas al día, vía VO	Farmacoterapia::Pediatría::Neurología
¿Cuánto dura el tratamiento con Vigabatrina y corticotropina (espasmos infantiles)?	La más corta posible que mantenga el control: se plantea la retirada a los 6-12 meses de estar libre de espasmos, precisamente para limitar la exposición visual.	Farmacoterapia::Pediatría::Neurología
¿Cómo se suspende Vigabatrina y corticotropina (espasmos infantiles)?	Retirada gradual. En la esclerosis tuberosa puede ser necesario mantenerla más tiempo.	Farmacoterapia::Pediatría::Neurología
¿Qué hay que monitorizar durante el tratamiento con Vigabatrina y corticotropina (espasmos infantiles)?	CAMPO VISUAL mediante electrorretinograma o campimetría cuando la edad lo permita, cada 3-6 meses; electroencefalograma de control para confirmar la desaparición de la hipsarritmia; desarrollo psicomotor.	Farmacoterapia::Pediatría::Neurología
¿Cuál es la vida media de Vigabatrina y corticotropina (espasmos infantiles)?	5-8 horas, pero el EFECTO dura mucho más porque la inhibición de la enzima es IRREVERSIBLE.	Farmacoterapia::Pediatría::Neurología
¿Requiere Vigabatrina y corticotropina (espasmos infantiles) ajuste en insuficiencia renal?	Reducir la dosis en la insuficiencia renal: se elimina sin metabolizar.	Farmacoterapia::Pediatría::Neurología
Efecto adverso grave de Vigabatrina y corticotropina (espasmos infantiles): PÉRDIDA CONCÉNTRICA E IRREVERSIBLE DEL CAMPO VISUAL, hasta en un tercio o más de los tratados de forma prolongada — ¿en qué consiste?	PÉRDIDA CONCÉNTRICA E IRREVERSIBLE DEL CAMPO VISUAL, hasta en un tercio o más de los tratados de forma prolongada: es asintomática al principio y en el lactante resulta prácticamente imposible de detectar hasta que está establecida	Farmacoterapia::Pediatría::Neurología
Efecto adverso grave de Vigabatrina y corticotropina (espasmos infantiles): Alteraciones en la resonancia magnética — ¿en qué consiste?	Alteraciones en la resonancia magnética (hiperintensidades en ganglios basales, tálamo y tronco), habitualmente reversibles y asintomáticas, pero que alarman si no se conocen	Farmacoterapia::Pediatría::Neurología
Efecto adverso grave de Vigabatrina y corticotropina (espasmos infantiles): Empeoramiento paradójico de crisis mioclónicas y de ausencias — ¿en qué consiste?	Empeoramiento paradójico de crisis mioclónicas y de ausencias	Farmacoterapia::Pediatría::Neurología
Efecto adverso grave de Vigabatrina y corticotropina (espasmos infantiles): CORTICOTROPINA — ¿en qué consiste?	CORTICOTROPINA: hipertensión, hiperglucemia, inmunosupresión grave, irritabilidad extrema y miocardiopatía hipertrófica reversible	Farmacoterapia::Pediatría::Neurología
¿Está contraindicado Vigabatrina y corticotropina (espasmos infantiles) en: Alteración preexistente del campo visual?	Sí — Alteración preexistente del campo visual	Farmacoterapia::Pediatría::Neurología
¿Está contraindicado Vigabatrina y corticotropina (espasmos infantiles) en: Uso prolongado sin controles visuales cuando estos son posibles?	Sí — Uso prolongado sin controles visuales cuando estos son posibles	Farmacoterapia::Pediatría::Neurología
¿Está contraindicado Vigabatrina y corticotropina (espasmos infantiles) en: Precaución en la insuficiencia renal?	Sí — Precaución en la insuficiencia renal	Farmacoterapia::Pediatría::Neurología
Particularidad de Vigabatrina y corticotropina (espasmos infantiles) que hay que tener en cuenta:	Los ESPASMOS INFANTILES son una URGENCIA neurológica y su diagnóstico se retrasa casi siempre porque son sutiles: salvas de flexión en racimos, típicamente al despertar, que las familias describen como sustos o cólicos. Ante esa descripción hay que pedir un VÍDEO y un electroencefalograma urgente, no citar para revisión.	Farmacoterapia::Pediatría::Neurología
¿Cuál es la dosis pediátrica de Vigabatrina y corticotropina (espasmos infantiles)?	Vigabatrina 50 mg/kg/día de inicio, con ascenso rápido hasta 100-150 mg/kg/día repartidos en 2 tomas (máx.: 150 mg/kg/día (3 g al día). Corticotropina según protocolo, habitualmente 150 UI/m²/día durante 2 semanas con descenso)	Farmacoterapia::Pediatría::Neurología
¿A partir de qué edad puede usarse Vigabatrina y corticotropina (espasmos infantiles)?	Lactante: los espasmos infantiles debutan típicamente entre los 3 y los 12 meses	Farmacoterapia::Pediatría::Neurología
¿Qué cambia en Vigabatrina y corticotropina (espasmos infantiles) en el niño respecto al adulto?	Los ESPASMOS INFANTILES son una urgencia neurológica que casi siempre se diagnostica tarde, y ese retraso tiene consecuencias. Los espasmos son sutiles: salvas de flexión brusca del tronco y de los brazos, en racimos, típicamente al despertar, que las familias describen como sustos, cólicos o reflejo de Moro exagerado, y que muchos pediatras han visto por primera vez en un vídeo del móvil de los padres. El electroencefalograma muestra una HIPSARRITMIA caótica, y esa actividad continua sobre un cerebro en pleno desarrollo produce una REGRESIÓN del desarrollo psicomotor: el niño pierde la sonrisa social, el seguimiento visual y los logros que ya tenía. Cuanto ANTES se controlen los espasmos, mejor es el pronóstico cognitivo, y por eso el tiempo hasta el tratamiento es el factor modificable más importante. La segunda peculiaridad es una toxicidad terrible y específica: la vigabatrina produce una pérdida CONCÉNTRICA E IRREVERSIBLE del campo visual en una proporción alta de los tratados, y en un lactante esa pérdida es prácticamente imposible de detectar hasta que ya está establecida.	Farmacoterapia::Pediatría::Neurología
¿A qué clase farmacológica pertenece Midazolam bucal (crisis convulsiva del niño)?	Benzodiacepina de acción corta (Tratamiento de rescate de la crisis convulsiva prolongada)	Farmacoterapia::Pediatría::Neurología
¿Cuál es el mecanismo de acción de Midazolam bucal (crisis convulsiva del niño)?	Modulador alostérico del receptor GABA-A que aumenta la frecuencia de apertura del canal de cloro, hiperpolarizando la neurona y frenando la descarga epiléptica. Su alta liposolubilidad le permite atravesar rápidamente la barrera hematoencefálica, y la mucosa bucal, muy vascularizada, lo absorbe directamente a la circulación sistémica SIN primer paso hepático. Eso permite tratar una crisis fuera del hospital, sin vía venosa y sin desvestir al niño.	Farmacoterapia::Pediatría::Neurología
¿Cuál es la dosis de Midazolam bucal (crisis convulsiva del niño) en Crisis convulsiva de más de 5 minutos de duración (tratamiento de rescate domiciliario)?	0,2-0,5 mg/kg (2,5-10 mg según edad) por vía bucal — Dosis única, repetible una vez a los 5-10 minutos si la crisis persiste, vía bucal	Farmacoterapia::Pediatría::Neurología
¿Cuál es la dosis de Midazolam bucal (crisis convulsiva del niño) en Crisis febril compleja o prolongada?	2,5-10 mg por vía bucal según el tramo de edad (0,2-0,5 mg/kg) — Dosis única, vía bucal	Farmacoterapia::Pediatría::Neurología
¿Cuál es la dosis de Midazolam bucal (crisis convulsiva del niño) en Estado epiléptico en el niño con acceso venoso?	Midazolam 0,15-0,2 mg/kg IV o lorazepam 0,1 mg/kg IV — Bolo repetible una vez, vía IV	Farmacoterapia::Pediatría::Neurología
¿Cuál es la dosis de Midazolam bucal (crisis convulsiva del niño) en Sedación para procedimientos en el niño?	0,2-0,5 mg/kg intranasal (máximo 10 mg) — Dosis única, vía IN	Farmacoterapia::Pediatría::Neurología
¿Cuánto dura el tratamiento con Midazolam bucal (crisis convulsiva del niño)?	Uso puntual, de rescate.	Farmacoterapia::Pediatría::Neurología
¿Cómo se suspende Midazolam bucal (crisis convulsiva del niño)?	Tras la administración: decúbito lateral de seguridad, no dar nada por boca y activar el servicio de emergencias. Si no cede tras la segunda dosis, es un estado epiléptico y requiere atención hospitalaria inmediata.	Farmacoterapia::Pediatría::Neurología
¿Qué hay que monitorizar durante el tratamiento con Midazolam bucal (crisis convulsiva del niño)?	Nivel de conciencia, respiración y saturación tras la administración. En el hospital: glucemia capilar, iones y temperatura, buscando la causa de la crisis.	Farmacoterapia::Pediatría::Neurología
¿Cuál es la vida media de Midazolam bucal (crisis convulsiva del niño)?	1,5-3 h, más prolongada en el lactante y en el hepatópata.	Farmacoterapia::Pediatría::Neurología
¿Requiere Midazolam bucal (crisis convulsiva del niño) ajuste en insuficiencia renal?	Precaución en la insuficiencia renal grave por acumulación del metabolito activo.	Farmacoterapia::Pediatría::Neurología
Interacción crítica de Midazolam bucal (crisis convulsiva del niño) con Inhibidores potentes del CYP3A4: claritromicina, itraconazol, ritonavir, zumo de pomelo: ¿qué ocurre y qué se hace?	Prolongan e intensifican la sedación y la depresión respiratoria. Manejo: Reducir la dosis y vigilar; relevante en el niño con tratamiento antifúngico o antirretroviral	Farmacoterapia::Pediatría::Neurología
Interacción crítica de Midazolam bucal (crisis convulsiva del niño) con OPIOIDES y otros depresores del sistema nervioso central: ¿qué ocurre y qué se hace?	DEPRESIÓN RESPIRATORIA aditiva. Manejo: Extremar la vigilancia; disponer de material de ventilación	Farmacoterapia::Pediatría::Neurología
Efecto adverso grave de Midazolam bucal (crisis convulsiva del niño): DEPRESIÓN RESPIRATORIA, sobre todo con dosis repetidas o asociada a otros depresores — ¿en qué consiste?	DEPRESIÓN RESPIRATORIA, sobre todo con dosis repetidas o asociada a otros depresores	Farmacoterapia::Pediatría::Neurología
Efecto adverso grave de Midazolam bucal (crisis convulsiva del niño): Hipotensión — ¿en qué consiste?	Hipotensión	Farmacoterapia::Pediatría::Neurología
Efecto adverso grave de Midazolam bucal (crisis convulsiva del niño): AGITACIÓN PARADÓJICA — ¿en qué consiste?	AGITACIÓN PARADÓJICA	Farmacoterapia::Pediatría::Neurología
Efecto adverso grave de Midazolam bucal (crisis convulsiva del niño): Broncoaspiración si el niño no se coloca en decúbito lateral — ¿en qué consiste?	Broncoaspiración si el niño no se coloca en decúbito lateral	Farmacoterapia::Pediatría::Neurología
Efecto adverso grave de Midazolam bucal (crisis convulsiva del niño): Enmascaramiento del nivel de conciencia, que dificulta valorar una causa grave subyacente — ¿en qué consiste?	Enmascaramiento del nivel de conciencia, que dificulta valorar una causa grave subyacente	Farmacoterapia::Pediatría::Neurología
¿Está contraindicado Midazolam bucal (crisis convulsiva del niño) en: Hipersensibilidad a las benzodiacepinas?	Sí — Hipersensibilidad a las benzodiacepinas	Farmacoterapia::Pediatría::Neurología
¿Está contraindicado Midazolam bucal (crisis convulsiva del niño) en: MIASTENIA GRAVIS?	Sí — MIASTENIA GRAVIS	Farmacoterapia::Pediatría::Neurología
¿Está contraindicado Midazolam bucal (crisis convulsiva del niño) en: Insuficiencia respiratoria grave y apnea del sueño no tratada?	Sí — Insuficiencia respiratoria grave y apnea del sueño no tratada	Farmacoterapia::Pediatría::Neurología
¿Está contraindicado Midazolam bucal (crisis convulsiva del niño) en: Menor de 3 meses?	Sí — Menor de 3 meses (sin indicación autorizada)	Farmacoterapia::Pediatría::Neurología
Particularidad de Midazolam bucal (crisis convulsiva del niño) que hay que tener en cuenta:	La REGLA DE LOS 5 MINUTOS es lo esencial: una crisis que dura más de 5 minutos tiene pocas probabilidades de ceder sola y cada minuto adicional la hace más difícil de detener. Esperar a ver si para es el error clásico.	Farmacoterapia::Pediatría::Neurología
¿Cuál es la dosis pediátrica de Midazolam bucal (crisis convulsiva del niño)?	0,2-0,5 mg/kg por vía bucal; por tramos: 2,5 mg (3-11 meses), 5 mg (1-4 años), 7,5 mg (5-9 años), 10 mg (10 años o más) (máx.: 10 mg por dosis; máximo 2 dosis separadas 5-10 minutos)	Farmacoterapia::Pediatría::Neurología
¿A partir de qué edad puede usarse Midazolam bucal (crisis convulsiva del niño)?	3 meses	Farmacoterapia::Pediatría::Neurología
¿Qué cambia en Midazolam bucal (crisis convulsiva del niño) en el niño respecto al adulto?	Este fármaco existe por una razón exclusivamente pediátrica: la crisis convulsiva del niño ocurre casi siempre FUERA del hospital, sin acceso venoso y ante unos padres aterrorizados. La vía BUCAL (entre la encía y la mejilla) resuelve ese problema, y ha desplazado al diazepam rectal por ser igual de eficaz y mucho más aceptable socialmente, sobre todo en el niño mayor y en el colegio. La segunda particularidad es que quien lo administra no es un sanitario: hay que ENTRENAR a la familia y al centro escolar, entregar un plan escrito con la dosis exacta y con el momento de administrarlo (crisis de más de 5 minutos), y explicar que tras darlo hay que colocar al niño en decúbito lateral y llamar a emergencias. La tercera es conceptual: la CRISIS FEBRIL SIMPLE, que es lo más frecuente a esta edad, es benigna, no produce daño cerebral y no requiere antiepilépticos ni antitérmicos profilácticos.	Farmacoterapia::Pediatría::Neurología
¿A qué clase farmacológica pertenece Ácido valproico (pediatría)?	Antiepiléptico (Amplio espectro, mecanismo múltiple)	Farmacoterapia::Pediatría::Neurología
¿Cuál es el mecanismo de acción de Ácido valproico (pediatría)?	Bloquea canales de sodio y canales de calcio tipo T (los de las ausencias), aumenta la disponibilidad de GABA e inhibe histona desacetilasas. Su amplio espectro lo hace especialmente útil en las epilepsias generalizadas de la infancia y la adolescencia, pero su metabolismo por BETAOXIDACIÓN MITOCONDRIAL es también el origen de su toxicidad más temida en el niño pequeño: cuando la función mitocondrial está comprometida, puede desencadenar un fallo hepático fulminante.	Farmacoterapia::Pediatría::Neurología
¿Qué distingue a Ácido valproico (pediatría) de los demás fármacos de su clase (Antiepiléptico)?	<b>Amplio espectro</b> (ausencias, mioclonías, generalizadas): muy eficaz en la epilepsia infantil.	Farmacoterapia::Pediatría::Neurología
¿Cuál es la dosis de Ácido valproico (pediatría) en Epilepsia generalizada idiopática del niño y del adolescente?	20-30 mg/kg/día — Cada 8-12 h, vía VO	Farmacoterapia::Pediatría::Neurología
¿Cuál es la dosis de Ácido valproico (pediatría) en Epilepsia mioclónica juvenil?	20-30 mg/kg/día — Cada 12 h, vía VO	Farmacoterapia::Pediatría::Neurología
¿Cuál es la dosis de Ácido valproico (pediatría) en Síndrome de Lennox-Gastaut y epilepsias generalizadas sintomáticas?	20-40 mg/kg/día, con frecuencia en politerapia — Cada 8-12 h, vía VO	Farmacoterapia::Pediatría::Neurología
¿Cuál es la dosis de Ácido valproico (pediatría) en Estado epiléptico del niño tras el fracaso de las benzodiacepinas?	Carga de 20-40 mg/kg IV en 10 minutos — Carga única seguida de perfusión, vía IV	Farmacoterapia::Pediatría::Neurología
¿Cuánto dura el tratamiento con Ácido valproico (pediatría)?	Prolongada; en la epilepsia mioclónica juvenil, con frecuencia de por vida.	Farmacoterapia::Pediatría::Neurología
¿Cómo se suspende Ácido valproico (pediatría)?	Retirada muy lenta a lo largo de meses. La suspensión brusca puede desencadenar un estado epiléptico.	Farmacoterapia::Pediatría::Neurología
¿Qué hay que monitorizar durante el tratamiento con Ácido valproico (pediatría)?	TRANSAMINASAS y hemograma antes de iniciar, a las 2, 4, 8 y 12 semanas, y después periódicamente durante los 6 primeros meses, que es cuando se concentra el riesgo hepático. NIVELES plasmáticos. AMONIO ante somnolencia o vómitos inexplicados. Peso y desarrollo puberal.	Farmacoterapia::Pediatría::Neurología
¿Cuál es la vida media de Ácido valproico (pediatría)?	8-15 h en el niño, MÁS CORTA que en el adulto: de ahí las dosis por kilo mayores y la necesidad de fraccionar en 2-3 tomas.	Farmacoterapia::Pediatría::Neurología
¿Requiere Ácido valproico (pediatría) ajuste en insuficiencia renal?	No precisa ajuste de dosis, pero la uremia aumenta la fracción libre.	Farmacoterapia::Pediatría::Neurología
Interacción crítica de Ácido valproico (pediatría) con LAMOTRIGINA: ¿qué ocurre y qué se hace?	Duplica sus concentraciones, con riesgo de síndrome de Stevens-Johnson, que es MÁS frecuente en niños. Manejo: Iniciar la lamotrigina a la MITAD de dosis y titular aún más despacio	Farmacoterapia::Pediatría::Neurología
Interacción crítica de Ácido valproico (pediatría) con CARBAPENÉMICOS: ¿qué ocurre y qué se hace?	Desploman los niveles de valproato en 24-48 h con reaparición de crisis. Manejo: Evitar; si el carbapenémico es imprescindible, cambiar de antiepiléptico durante el tratamiento	Farmacoterapia::Pediatría::Neurología
Interacción crítica de Ácido valproico (pediatría) con TOPIRAMATO: ¿qué ocurre y qué se hace?	Hiperamoniemia y encefalopatía. Manejo: Determinar amonio ante somnolencia o vómitos	Farmacoterapia::Pediatría::Neurología
Interacción crítica de Ácido valproico (pediatría) con Fenobarbital y fenitoína: ¿qué ocurre y qué se hace?	El valproato eleva sus concentraciones con sedación y toxicidad. Manejo: Vigilar niveles; escenario frecuente en la politerapia del niño	Farmacoterapia::Pediatría::Neurología
Efecto adverso grave de Ácido valproico (pediatría): HEPATOTOXICIDAD FULMINANTE, con riesgo máximo en el menor de 2 años en politerapia y en la enfermedad mitocondrial — ¿en qué consiste?	HEPATOTOXICIDAD FULMINANTE, con riesgo máximo en el menor de 2 años en politerapia y en la enfermedad mitocondrial (POLG)	Farmacoterapia::Pediatría::Neurología
Efecto adverso grave de Ácido valproico (pediatría): PANCREATITIS aguda hemorrágica — ¿en qué consiste?	PANCREATITIS aguda hemorrágica	Farmacoterapia::Pediatría::Neurología
Efecto adverso grave de Ácido valproico (pediatría): ENCEFALOPATÍA HIPERAMONIÉMICA con niveles de valproato normales — ¿en qué consiste?	ENCEFALOPATÍA HIPERAMONIÉMICA con niveles de valproato normales	Farmacoterapia::Pediatría::Neurología
Efecto adverso grave de Ácido valproico (pediatría): TERATOGENIA — ¿en qué consiste?	TERATOGENIA: la mayor de todos los antiepilépticos, estructural y del neurodesarrollo	Farmacoterapia::Pediatría::Neurología
Efecto adverso grave de Ácido valproico (pediatría): Trombocitopenia y disfunción plaquetaria — ¿en qué consiste?	Trombocitopenia y disfunción plaquetaria	Farmacoterapia::Pediatría::Neurología
Efecto adverso grave de Ácido valproico (pediatría): Síndrome de ovario poliquístico en la adolescente — ¿en qué consiste?	Síndrome de ovario poliquístico en la adolescente	Farmacoterapia::Pediatría::Neurología
¿Está contraindicado Ácido valproico (pediatría) en: ENFERMEDAD MITOCONDRIAL conocida o sospechada?	Sí — ENFERMEDAD MITOCONDRIAL conocida o sospechada (mutaciones POLG)	Farmacoterapia::Pediatría::Neurología
¿Está contraindicado Ácido valproico (pediatría) en: Hepatopatía activa o antecedente familiar de hepatopatía grave por valproato?	Sí — Hepatopatía activa o antecedente familiar de hepatopatía grave por valproato	Farmacoterapia::Pediatría::Neurología
¿Está contraindicado Ácido valproico (pediatría) en: Trastornos del ciclo de la urea?	Sí — Trastornos del ciclo de la urea	Farmacoterapia::Pediatría::Neurología
¿Está contraindicado Ácido valproico (pediatría) en: NIÑA y ADOLESCENTE en edad fértil, salvo epilepsia refractaria sin alternativa y con programa de prevención de embarazo?	Sí — NIÑA y ADOLESCENTE en edad fértil, salvo epilepsia refractaria sin alternativa y con programa de prevención de embarazo	Farmacoterapia::Pediatría::Neurología
¿Está contraindicado Ácido valproico (pediatría) en: Pancreatitis previa por valproato?	Sí — Pancreatitis previa por valproato	Farmacoterapia::Pediatría::Neurología
Particularidad de Ácido valproico (pediatría) que hay que tener en cuenta:	La combinación de riesgo que hay que reconocer al instante: menor de 2 años, POLITERAPIA y regresión psicomotora o hepatopatía. Ese perfil sugiere enfermedad MITOCONDRIAL, y en él el valproato puede provocar un fallo hepático mortal. Ante esa sospecha, se estudia POLG antes de prescribirlo.	Farmacoterapia::Pediatría::Neurología
¿Cuál es la dosis pediátrica de Ácido valproico (pediatría)?	Inicio 10-15 mg/kg/día; mantenimiento 20-30 mg/kg/día repartidos en 2-3 tomas (máx.: 60 mg/kg/día (habitualmente no se superan 40 mg/kg/día))	Farmacoterapia::Pediatría::Neurología
¿A partir de qué edad puede usarse Ácido valproico (pediatría)?	Sin límite formal, pero el riesgo de hepatotoxicidad fulminante es MÁXIMO por debajo de los 2 años	Farmacoterapia::Pediatría::Neurología
¿Qué cambia en Ácido valproico (pediatría) en el niño respecto al adulto?	Dos cosas cambian radicalmente respecto al adulto. La primera es la HEPATOTOXICIDAD FULMINANTE, cuyo riesgo se concentra en el menor de 2 años en politerapia y refleja con frecuencia una ENFERMEDAD MITOCONDRIAL subyacente no diagnosticada, típicamente por mutaciones del gen POLG (síndrome de Alpers-Huttenlocher): un lactante con epilepsia de debut precoz, regresión psicomotora y hepatopatía puede morir tras recibir valproato. Por eso, ante ese perfil, hay que estudiar POLG antes de prescribirlo. La segunda es de PLANIFICACIÓN A LARGO PLAZO: en una niña, la decisión de iniciar valproato no es solo sobre su epilepsia de hoy sino sobre su vida reproductiva futura, porque será mucho más difícil cambiarlo a los 18 años con la epilepsia bien controlada que elegir otra opción desde el principio. Además, el niño ACLARA el valproato más rápido que el adulto y necesita dosis por kilo mayores.	Farmacoterapia::Pediatría::Neurología
