¿A qué clase farmacológica pertenece Corticoides tópicos (pediatría)?	Antiinflamatorio tópico (Glucocorticoides cutáneos clasificados por potencia)	Farmacoterapia::Pediatría::Dermatología
¿Cuál es el mecanismo de acción de Corticoides tópicos (pediatría)?	Igual que en el adulto: efecto antiinflamatorio, inmunosupresor local, antiproliferativo y vasoconstrictor sobre el queratinocito, el fibroblasto y las células inflamatorias de la piel. Lo que cambia en el niño es la EXPOSICIÓN. El lactante tiene una relación SUPERFICIE CORPORAL/PESO hasta tres veces mayor que el adulto, de modo que una misma superficie tratada supone una dosis por kilo mucho más alta; el estrato córneo del prematuro y del recién nacido es más delgado y permeable; y el PAÑAL actúa como una OCLUSIÓN permanente que multiplica la penetración hasta diez veces. La consecuencia es que el mismo corticoide que en un adulto sería inocuo puede, en un lactante con dermatitis extensa y pañal, producir supresión del eje hipotálamo-hipófiso-suprarrenal.	Farmacoterapia::Pediatría::Dermatología
¿Cuál es la dosis de Corticoides tópicos (pediatría) en DERMATITIS ATÓPICA, brote?	Hidrocortisona 1% en cara y pliegues; metilprednisolona aceponato 0,1% en tronco y extremidades, UNA aplicación al día durante 5-7 días — Una aplicación diaria, vía tópica	Farmacoterapia::Pediatría::Dermatología
¿A qué objetivo se ajusta la dosis de Corticoides tópicos (pediatría) en DERMATITIS ATÓPICA, brote?	Desaparición del eritema y del prurito; después se mantiene solo el emoliente	Farmacoterapia::Pediatría::Dermatología
¿Cuál es la dosis de Corticoides tópicos (pediatría) en Mantenimiento PROACTIVO en la dermatitis atópica moderada-grave?	Metilprednisolona aceponato 0,1% o hidrocortisona 1% según la zona, DOS días por semana sobre las áreas que suelen brotar — Dos aplicaciones semanales, vía tópica	Farmacoterapia::Pediatría::Dermatología
¿Cuál es la dosis de Corticoides tópicos (pediatría) en DERMATITIS DEL PAÑAL irritativa persistente?	Hidrocortisona 1% en capa fina, una aplicación al día durante 3-5 días como máximo — Una aplicación diaria, vía tópica	Farmacoterapia::Pediatría::Dermatología
¿Cuál es la dosis de Corticoides tópicos (pediatría) en Eccema de contacto, picaduras muy inflamatorias y dermatitis seborreica?	Hidrocortisona 1% o potencia media según la localización, 3-7 días — Una aplicación diaria, vía tópica	Farmacoterapia::Pediatría::Dermatología
¿Cuánto dura el tratamiento con Corticoides tópicos (pediatría)?	5-7 días en el brote; no más de 5-7 días en cara, pliegues y área del pañal.	Farmacoterapia::Pediatría::Dermatología
¿Cómo se suspende Corticoides tópicos (pediatría)?	Al resolverse el brote, manteniendo SIEMPRE el emoliente. En tratamientos prolongados, espaciar antes de retirar.	Farmacoterapia::Pediatría::Dermatología
¿Qué hay que monitorizar durante el tratamiento con Corticoides tópicos (pediatría)?	Inspección de la piel tratada (atrofia, estrías, telangiectasias) y, en tratamientos extensos y prolongados del lactante, vigilancia del crecimiento y de signos de supresión suprarrenal.	Farmacoterapia::Pediatría::Dermatología
¿Cuál es la vida media de Corticoides tópicos (pediatría)?	El efecto cutáneo persiste mucho más que las concentraciones plasmáticas.	Farmacoterapia::Pediatría::Dermatología
¿Requiere Corticoides tópicos (pediatría) ajuste en insuficiencia renal?	No aplicable en el uso tópico habitual.	Farmacoterapia::Pediatría::Dermatología
Interacción crítica de Corticoides tópicos (pediatría) con PAÑAL (oclusión permanente): ¿qué ocurre y qué se hace?	Multiplica la penetración hasta 10 veces, convirtiendo una potencia media en alta. Manejo: En el área del pañal, SOLO potencia baja y pocos días. Es la interacción más específicamente pediátrica de este grupo	Farmacoterapia::Pediatría::Dermatología
Efecto adverso grave de Corticoides tópicos (pediatría): SUPRESIÓN DEL EJE hipotálamo-hipófiso-suprarrenal, con riesgo de crisis suprarrenal ante una enfermedad intercurrente — ¿en qué consiste?	SUPRESIÓN DEL EJE hipotálamo-hipófiso-suprarrenal, con riesgo de crisis suprarrenal ante una enfermedad intercurrente: es un riesgo REAL en el lactante con tratamiento extenso y oclusión	Farmacoterapia::Pediatría::Dermatología
Efecto adverso grave de Corticoides tópicos (pediatría): RETRASO DEL CRECIMIENTO con uso extenso y prolongado — ¿en qué consiste?	RETRASO DEL CRECIMIENTO con uso extenso y prolongado	Farmacoterapia::Pediatría::Dermatología
Efecto adverso grave de Corticoides tópicos (pediatría): GLAUCOMA y CATARATA por aplicación periocular mantenida — ¿en qué consiste?	GLAUCOMA y CATARATA por aplicación periocular mantenida	Farmacoterapia::Pediatría::Dermatología
Efecto adverso grave de Corticoides tópicos (pediatría): Estrías IRREVERSIBLES en axilas e ingles del adolescente — ¿en qué consiste?	Estrías IRREVERSIBLES en axilas e ingles del adolescente	Farmacoterapia::Pediatría::Dermatología
Efecto adverso grave de Corticoides tópicos (pediatría): Enmascaramiento de una infección — ¿en qué consiste?	Enmascaramiento de una infección (tiña o sarna incógnitas)	Farmacoterapia::Pediatría::Dermatología
Efecto adverso grave de Corticoides tópicos (pediatría): Efecto rebote al retirarlo bruscamente — ¿en qué consiste?	Efecto rebote al retirarlo bruscamente	Farmacoterapia::Pediatría::Dermatología
¿Está contraindicado Corticoides tópicos (pediatría) en: Infección cutánea no tratada?	Sí — Infección cutánea no tratada (bacteriana, fúngica, vírica o parasitaria)	Farmacoterapia::Pediatría::Dermatología
¿Está contraindicado Corticoides tópicos (pediatría) en: Aplicación periocular prolongada?	Sí — Aplicación periocular prolongada	Farmacoterapia::Pediatría::Dermatología
¿Está contraindicado Corticoides tópicos (pediatría) en: Potencia media o alta en cara, pliegues y área del pañal del lactante?	Sí — Potencia media o alta en cara, pliegues y área del pañal del lactante	Farmacoterapia::Pediatría::Dermatología
¿Está contraindicado Corticoides tópicos (pediatría) en: Oclusión deliberada sin indicación?	Sí — Oclusión deliberada sin indicación	Farmacoterapia::Pediatría::Dermatología
Particularidad de Corticoides tópicos (pediatría) que hay que tener en cuenta:	El problema más frecuente no es el exceso sino la CORTICOFOBIA: familias que aplican una cantidad mínima de un corticoide demasiado suave durante tres días, con lo que el brote se prolonga semanas y el niño acaba recibiendo más corticoide total del que habría necesitado. Un curso corto y adecuado expone a MENOS fármaco que meses de tratamiento insuficiente, y explicarlo así suele convencer.	Farmacoterapia::Pediatría::Dermatología
¿Cuál es la dosis pediátrica de Corticoides tópicos (pediatría)?	Se dosifica por UNIDAD DE PUNTA DE DEDO, no por kg: media unidad cubre la cara y el cuello del lactante, y una unidad cubre un brazo (dosificación por SUPERFICIE, no ponderal) (máx.: Corticoide de potencia media: no más de 15 g a la semana en el lactante y 30 g en el escolar; en cara y pliegues, no más de 5-7 días con potencia media)	Farmacoterapia::Pediatría::Dermatología
¿A partir de qué edad puede usarse Corticoides tópicos (pediatría)?	Desde el recién nacido, usando potencia BAJA y superficies limitadas	Farmacoterapia::Pediatría::Dermatología
¿Qué cambia en Corticoides tópicos (pediatría) en el niño respecto al adulto?	El problema clínico dominante no es la toxicidad sino la CORTICOFOBIA. Una proporción muy alta de las familias aplica una cantidad ínfima de un corticoide demasiado suave durante demasiado poco tiempo, por miedo a un fármaco del que han oído hablar mal, y el resultado es un niño con dermatitis atópica mal controlada durante meses que acaba recibiendo MÁS corticoide total del que habría necesitado con un curso corto y adecuado. Sobre esa base se superponen dos particularidades anatómicas: la relación superficie/peso del lactante, que multiplica la absorción sistémica de un tratamiento extenso, y el PAÑAL, que es una cura oclusiva permanente y convierte una potencia media en una potencia alta. La respuesta correcta no es usar menos corticoide sino usar el ADECUADO durante el tiempo justo y explicar por qué, apoyándolo siempre en el emoliente.	Farmacoterapia::Pediatría::Dermatología
¿A qué clase farmacológica pertenece Permetrina (escabiosis y pediculosis en pediatría)?	Antiparasitario externo (Piretroide tópico)	Farmacoterapia::Pediatría::Dermatología
¿Cuál es el mecanismo de acción de Permetrina (escabiosis y pediculosis en pediatría)?	Actúa sobre los canales de sodio del artrópodo, manteniéndolos abiertos y produciendo parálisis y muerte del ácaro y del piojo. Su selectividad es alta porque los mamíferos metabolizan los piretroides con rapidez mediante esterasas cutáneas y hepáticas. En el niño, sin embargo, esa metabolización es más lenta y la relación superficie/peso es mayor, de modo que la absorción sistémica relativa es superior a la del adulto, aunque sigue siendo baja (menos del 2%). El dato que ordena todo el manejo es el mismo que en el adulto y hay que explicarlo a las familias: el PRURITO no lo produce el ácaro directamente sino una reacción de HIPERSENSIBILIDAD a sus antígenos, de modo que persiste SEMANAS después de haberlo eliminado.	Farmacoterapia::Pediatría::Dermatología
¿Cuál es el espectro de Permetrina (escabiosis y pediculosis en pediatría)?	Sarcoptes scabiei y Pediculus humanus capitis.	Farmacoterapia::Pediatría::Dermatología
¿Cuál es la dosis de Permetrina (escabiosis y pediculosis en pediatría) en ESCABIOSIS (sarna)?	Permetrina crema al 5% en todo el cuerpo, dejándola 8-12 horas, y REPETIR a los 7 días — Dos aplicaciones separadas 7 días, vía tópica	Farmacoterapia::Pediatría::Dermatología
¿A qué objetivo se ajusta la dosis de Permetrina (escabiosis y pediculosis en pediatría) en ESCABIOSIS (sarna)?	Desaparición de los surcos y ausencia de lesiones NUEVAS	Farmacoterapia::Pediatría::Dermatología
¿Cuál es la dosis de Permetrina (escabiosis y pediculosis en pediatría) en Escabiosis en el LACTANTE menor de 2 años?	Permetrina al 5% incluyendo CUERO CABELLUDO, CARA, palmas, plantas y bajo las uñas — Dos aplicaciones separadas 7 días, vía tópica	Farmacoterapia::Pediatría::Dermatología
¿Cuál es la dosis de Permetrina (escabiosis y pediculosis en pediatría) en PEDICULOSIS de la cabeza?	Permetrina al 1-1,5% en loción sobre pelo SECO durante 10 minutos, o dimeticona al 4%, repitiendo a los 7-9 días — Dos aplicaciones separadas 7-9 días, vía tópica	Farmacoterapia::Pediatría::Dermatología
¿Cuál es la dosis de Permetrina (escabiosis y pediculosis en pediatría) en Prurito POSESCABIÓTICO tras el tratamiento?	Emoliente, antihistamínico oral y corticoide tópico de potencia baja-media — Durante 2-4 semanas, vía tópica	Farmacoterapia::Pediatría::Dermatología
¿A qué objetivo se ajusta la dosis de Permetrina (escabiosis y pediculosis en pediatría) en Prurito POSESCABIÓTICO tras el tratamiento?	Alivio del prurito residual sin aplicar más escabicida	Farmacoterapia::Pediatría::Dermatología
¿Cuánto dura el tratamiento con Permetrina (escabiosis y pediculosis en pediatría)?	Dos aplicaciones separadas una semana.	Farmacoterapia::Pediatría::Dermatología
¿Cómo se suspende Permetrina (escabiosis y pediculosis en pediatría)?	El prurito posescabiótico dura 2-4 semanas y se trata con emolientes, antihistamínico y corticoide suave. Lo que indica fracaso real son las lesiones NUEVAS, no el picor.	Farmacoterapia::Pediatría::Dermatología
¿Qué hay que monitorizar durante el tratamiento con Permetrina (escabiosis y pediculosis en pediatría)?	Aparición de lesiones nuevas; vigilancia de sobreinfección bacteriana del rascado.	Farmacoterapia::Pediatría::Dermatología
¿Cuál es la vida media de Permetrina (escabiosis y pediculosis en pediatría)?	No relevante clínicamente en el uso tópico.	Farmacoterapia::Pediatría::Dermatología
¿Requiere Permetrina (escabiosis y pediculosis en pediatría) ajuste en insuficiencia renal?	Sin ajuste.	Farmacoterapia::Pediatría::Dermatología
Interacción crítica de Permetrina (escabiosis y pediculosis en pediatría) con Corticoide tópico previo (sarna incógnita): ¿qué ocurre y qué se hace?	Enmascara el cuadro, que pierde el prurito y la morfología típica mientras el ácaro se extiende. Manejo: Ante una dermatitis atópica que empeora tras el corticoide, hay que buscar surcos y pensar en sarna	Farmacoterapia::Pediatría::Dermatología
Efecto adverso grave de Permetrina (escabiosis y pediculosis en pediatría): Dermatitis alérgica de contacto a piretroides — ¿en qué consiste?	Dermatitis alérgica de contacto a piretroides	Farmacoterapia::Pediatría::Dermatología
Efecto adverso grave de Permetrina (escabiosis y pediculosis en pediatría): SOBREINFECCIÓN bacteriana de las lesiones de rascado, con riesgo de GLOMERULONEFRITIS postestreptocócica — ¿en qué consiste?	SOBREINFECCIÓN bacteriana de las lesiones de rascado, con riesgo de GLOMERULONEFRITIS postestreptocócica	Farmacoterapia::Pediatría::Dermatología
Efecto adverso grave de Permetrina (escabiosis y pediculosis en pediatría): Irritación ocular si el lactante se lleva las manos a los ojos — ¿en qué consiste?	Irritación ocular si el lactante se lleva las manos a los ojos	Farmacoterapia::Pediatría::Dermatología
Efecto adverso grave de Permetrina (escabiosis y pediculosis en pediatría): Ingesta accidental si se lleva las manos a la boca — ¿en qué consiste?	Ingesta accidental si se lleva las manos a la boca	Farmacoterapia::Pediatría::Dermatología
¿Está contraindicado Permetrina (escabiosis y pediculosis en pediatría) en: Menor de 2 meses para la permetrina al 5%?	Sí — Menor de 2 meses para la permetrina al 5%	Farmacoterapia::Pediatría::Dermatología
¿Está contraindicado Permetrina (escabiosis y pediculosis en pediatría) en: Hipersensibilidad a los piretroides o a los crisantemos?	Sí — Hipersensibilidad a los piretroides o a los crisantemos	Farmacoterapia::Pediatría::Dermatología
¿Está contraindicado Permetrina (escabiosis y pediculosis en pediatría) en: Aplicación sobre piel muy erosionada o con eccema agudo intenso?	Sí — Aplicación sobre piel muy erosionada o con eccema agudo intenso (aumenta la absorción y el escozor)	Farmacoterapia::Pediatría::Dermatología
Particularidad de Permetrina (escabiosis y pediculosis en pediatría) que hay que tener en cuenta:	En el LACTANTE hay que aplicar la crema TAMBIÉN en la cabeza y la cara. La regla del adulto (del cuello a los pies) es exactamente lo que produce el fracaso en el niño pequeño, porque en él la sarna sí afecta el cuero cabelludo, la cara, las palmas y las plantas.	Farmacoterapia::Pediatría::Dermatología
¿Cuál es la dosis pediátrica de Permetrina (escabiosis y pediculosis en pediatría)?	Crema al 5% aplicada en TODA la superficie corporal, incluidos cuero cabelludo, cara, detrás de las orejas y bajo las uñas en el menor de 2 años (aplicación por SUPERFICIE, no ponderal) (máx.: Un tubo de 30 g cubre a un adulto; en el lactante bastan 5-10 g. Se aplica una capa fina, no en abundancia)	Farmacoterapia::Pediatría::Dermatología
¿A partir de qué edad puede usarse Permetrina (escabiosis y pediculosis en pediatría)?	Desde los 2 MESES para la permetrina al 5%; por debajo de esa edad se usa azufre precipitado al 6-10% en vaselina	Farmacoterapia::Pediatría::Dermatología
¿Qué cambia en Permetrina (escabiosis y pediculosis en pediatría) en el niño respecto al adulto?	La diferencia que más errores causa es de DISTRIBUCIÓN ANATÓMICA: en el adulto la sarna respeta la cara y el cuero cabelludo, y por eso la crema se aplica del cuello a los pies; en el LACTANTE, en cambio, el ácaro SÍ afecta la cabeza, la cara y las palmas y plantas, de modo que aplicar solo del cuello hacia abajo deja al parásito vivo en la mitad de las zonas afectadas y garantiza el fracaso. A ello se suma una presentación clínica distinta: en el lactante predominan las VESÍCULAS y las PÚSTULAS palmoplantares y los NÓDULOS en axilas e ingles, y el niño no se rasca sino que se muestra irritable, duerme mal y come peor, de modo que el diagnóstico se retrasa y se confunde con dermatitis atópica o con un cólico. Y una tercera: en el niño, el rascado se sobreinfecta con facilidad, y la sobreinfección por estreptococo puede desencadenar una GLOMERULONEFRITIS postestreptocócica.	Farmacoterapia::Pediatría::Dermatología
¿A qué clase farmacológica pertenece Mupirocina y ácido fusídico tópicos (impétigo)?	Antibiótico tópico (Inhibidor de la isoleucil-ARNt sintetasa (mupirocina) e inhibidor del factor de elongación G (ácido fusídico))	Farmacoterapia::Pediatría::Dermatología
¿Cuál es el mecanismo de acción de Mupirocina y ácido fusídico tópicos (impétigo)?	La MUPIROCINA inhibe la ISOLEUCIL-ARNt SINTETASA bacteriana, impidiendo la incorporación de isoleucina a las proteínas. Ese mecanismo es ÚNICO entre los antibióticos de uso clínico, y de ahí su rasgo más valioso: NO hay resistencia cruzada con ninguna otra familia, lo que la hace útil frente a estafilococos resistentes a otros antibióticos, incluido el SARM. Además es inestable a temperatura corporal y se degrada rápidamente, de modo que no genera concentraciones sistémicas ni presión selectiva fuera de la piel. El ÁCIDO FUSÍDICO actúa sobre el factor de elongación G y también es muy activo frente a estafilococo, pero desarrolla resistencia con mucha más facilidad, y en países donde se ha usado de forma masiva las tasas de resistencia estafilocócica han subido de forma preocupante.	Farmacoterapia::Pediatría::Dermatología
¿Cuál es el espectro de Mupirocina y ácido fusídico tópicos (impétigo)?	Staphylococcus aureus (incluido SARM para la mupirocina) y Streptococcus pyogenes, que son los dos agentes del impétigo. NO cubre gramnegativos ni anaerobios.	Farmacoterapia::Pediatría::Dermatología
¿Cuál es la dosis de Mupirocina y ácido fusídico tópicos (impétigo) en IMPÉTIGO no ampolloso y ampolloso LOCALIZADO?	Mupirocina 2% o ácido fusídico 2%, una capa fina 2-3 veces al día durante 5-7 días — Dos o tres aplicaciones diarias, vía tópica	Farmacoterapia::Pediatría::Dermatología
¿A qué objetivo se ajusta la dosis de Mupirocina y ácido fusídico tópicos (impétigo) en IMPÉTIGO no ampolloso y ampolloso LOCALIZADO?	Desaparición de las lesiones y de las costras	Farmacoterapia::Pediatría::Dermatología
¿Cuál es la dosis de Mupirocina y ácido fusídico tópicos (impétigo) en DESCOLONIZACIÓN NASAL de Staphylococcus aureus, incluido SARM?	Mupirocina pomada nasal 2% en ambas fosas nasales, 2-3 veces al día durante 5 días — Dos o tres aplicaciones diarias durante 5 días, vía IN	Farmacoterapia::Pediatría::Dermatología
¿A qué objetivo se ajusta la dosis de Mupirocina y ácido fusídico tópicos (impétigo) en DESCOLONIZACIÓN NASAL de Staphylococcus aureus, incluido SARM?	Erradicación del estado de portador nasal	Farmacoterapia::Pediatría::Dermatología
¿Cuál es la dosis de Mupirocina y ácido fusídico tópicos (impétigo) en Sobreinfección de eccema, picaduras o heridas superficiales?	Mupirocina 2% dos veces al día durante 5-7 días — Dos aplicaciones diarias, vía tópica	Farmacoterapia::Pediatría::Dermatología
¿Cuál es la dosis de Mupirocina y ácido fusídico tópicos (impétigo) en Impétigo EXTENSO, con lesiones numerosas o afectación sistémica?	Cefadroxilo 30 mg/kg/día o cloxacilina 50 mg/kg/día por vía ORAL durante 7 días — Cada 8-12 horas, vía VO	Farmacoterapia::Pediatría::Dermatología
¿A qué objetivo se ajusta la dosis de Mupirocina y ácido fusídico tópicos (impétigo) en Impétigo EXTENSO, con lesiones numerosas o afectación sistémica?	Resolución de las lesiones	Farmacoterapia::Pediatría::Dermatología
¿Cuánto dura el tratamiento con Mupirocina y ácido fusídico tópicos (impétigo)?	5-7 días. Los tratamientos prolongados son la vía principal de aparición de RESISTENCIAS.	Farmacoterapia::Pediatría::Dermatología
¿Cómo se suspende Mupirocina y ácido fusídico tópicos (impétigo)?	Al resolverse las lesiones. Si a los 5-7 días no ha mejorado, hay que replantear el diagnóstico o pasar a la vía oral.	Farmacoterapia::Pediatría::Dermatología
¿Qué hay que monitorizar durante el tratamiento con Mupirocina y ácido fusídico tópicos (impétigo)?	Respuesta clínica. Vigilar el desarrollo de nuevas lesiones en el propio niño y en los convivientes.	Farmacoterapia::Pediatría::Dermatología
¿Cuál es la vida media de Mupirocina y ácido fusídico tópicos (impétigo)?	Muy corta; el efecto es local y depende de la frecuencia de aplicación.	Farmacoterapia::Pediatría::Dermatología
¿Requiere Mupirocina y ácido fusídico tópicos (impétigo) ajuste en insuficiencia renal?	Precaución con la aplicación en superficies extensas de piel lesionada en el neonato y en el insuficiente renal, por el POLIETILENGLICOL del excipiente.	Farmacoterapia::Pediatría::Dermatología
Interacción crítica de Mupirocina y ácido fusídico tópicos (impétigo) con Uso PROLONGADO o repetido: ¿qué ocurre y qué se hace?	Desarrollo de RESISTENCIA estafilocócica, que compromete su utilidad frente a SARM. Manejo: Es un antibiótico que conviene RESERVAR: ciclos cortos y no usarlo como crema de uso general para cualquier lesión	Farmacoterapia::Pediatría::Dermatología
Efecto adverso grave de Mupirocina y ácido fusídico tópicos (impétigo): Dermatitis alérgica de contacto — ¿en qué consiste?	Dermatitis alérgica de contacto	Farmacoterapia::Pediatría::Dermatología
Efecto adverso grave de Mupirocina y ácido fusídico tópicos (impétigo): RESISTENCIA bacteriana con el uso prolongado o repetido — ¿en qué consiste?	RESISTENCIA bacteriana con el uso prolongado o repetido	Farmacoterapia::Pediatría::Dermatología
Efecto adverso grave de Mupirocina y ácido fusídico tópicos (impétigo): Absorción del excipiente en el neonato con piel muy lesionada — ¿en qué consiste?	Absorción del excipiente en el neonato con piel muy lesionada	Farmacoterapia::Pediatría::Dermatología
¿Está contraindicado Mupirocina y ácido fusídico tópicos (impétigo) en: Hipersensibilidad conocida?	Sí — Hipersensibilidad conocida	Farmacoterapia::Pediatría::Dermatología
¿Está contraindicado Mupirocina y ácido fusídico tópicos (impétigo) en: Aplicación sobre superficies extensas o mucosas?	Sí — Aplicación sobre superficies extensas o mucosas (salvo la formulación nasal específica)	Farmacoterapia::Pediatría::Dermatología
¿Está contraindicado Mupirocina y ácido fusídico tópicos (impétigo) en: Uso como antibiótico tópico de uso general para cualquier herida?	Sí — Uso como antibiótico tópico de uso general para cualquier herida: es un fármaco a reservar	Farmacoterapia::Pediatría::Dermatología
Particularidad de Mupirocina y ácido fusídico tópicos (impétigo) que hay que tener en cuenta:	La EXTENSIÓN decide la vía: pocas lesiones localizadas se tratan bien por vía TÓPICA, con la misma eficacia que el oral y sin sus efectos adversos ni su impacto sobre la flora del niño; las lesiones extensas o con afectación sistémica necesitan antibiótico ORAL. Es una decisión sencilla que se toma mirando la piel.	Farmacoterapia::Pediatría::Dermatología
¿Cuál es la dosis pediátrica de Mupirocina y ácido fusídico tópicos (impétigo)?	Aplicación de una capa fina sobre las lesiones 2-3 veces al día durante 5-7 días (aplicación por SUPERFICIE, no ponderal) (máx.: Superficie limitada: si las lesiones son extensas o numerosas, hay que pasar a tratamiento ORAL)	Farmacoterapia::Pediatría::Dermatología
¿A partir de qué edad puede usarse Mupirocina y ácido fusídico tópicos (impétigo)?	Desde el recién nacido para la formulación dérmica; la pomada nasal, desde el año	Farmacoterapia::Pediatría::Dermatología
¿Qué cambia en Mupirocina y ácido fusídico tópicos (impétigo) en el niño respecto al adulto?	El IMPÉTIGO es una de las infecciones bacterianas más frecuentes de la infancia y su manejo es casi enteramente pediátrico. La lección práctica que lo ordena todo es la extensión: si las lesiones son POCAS y LOCALIZADAS, el tratamiento es TÓPICO y es igual de eficaz que el oral, con muchos menos efectos adversos y sin presión selectiva sobre la flora del niño; si son extensas, numerosas o hay afectación sistémica, hace falta antibiótico ORAL. A ello se añaden dos particularidades: la primera es que el impétigo es MUY CONTAGIOSO entre niños, y las medidas de higiene, el corte de uñas, el lavado de manos y la exclusión escolar hasta 24-48 horas de tratamiento pesan tanto como el antibiótico; la segunda es que el impétigo estreptocócico puede desencadenar una GLOMERULONEFRITIS POSTESTREPTOCÓCICA, y el tratamiento antibiótico, a diferencia de lo que ocurre con la fiebre reumática tras la faringitis, NO la previene, aunque sí reduce la transmisión.	Farmacoterapia::Pediatría::Dermatología
