¿A qué clase farmacológica pertenece Hierro oral (pediatría)?	Hematínico: sal de hierro oral (Hierro ferroso (Fe2+))	Farmacoterapia::Pediatría::Hematología y antitrombóticos
¿Cuál es el mecanismo de acción de Hierro oral (pediatría)?	Aporta hierro ferroso, la única forma absorbible por el transportador DMT1 del enterocito duodenal, para la síntesis del grupo hemo. En el niño el hierro no solo sirve para la hemoglobina: es cofactor de enzimas implicadas en la MIELINIZACIÓN y en la síntesis de neurotransmisores, y su déficit en los primeros 2-3 años se asocia a alteraciones del desarrollo cognitivo y conductual que pueden ser IRREVERSIBLES aunque después se corrija la anemia. Esa es la diferencia esencial con el adulto.	Farmacoterapia::Pediatría::Hematología y antitrombóticos
¿Cuál es la dosis de Hierro oral (pediatría) en Anemia ferropénica del lactante y del niño?	3-6 mg/kg/día de hierro elemental — 1-2 tomas al día, en ayunas o entre comidas, vía VO	Farmacoterapia::Pediatría::Hematología y antitrombóticos
¿Cuál es la dosis de Hierro oral (pediatría) en Profilaxis en el prematuro y el recién nacido de bajo peso?	2-4 mg/kg/día — Una vez al día, vía VO	Farmacoterapia::Pediatría::Hematología y antitrombóticos
¿Cuál es la dosis de Hierro oral (pediatría) en Ferropenia sin anemia con repercusión clínica?	3 mg/kg/día — Una vez al día, vía VO	Farmacoterapia::Pediatría::Hematología y antitrombóticos
¿Cuál es la dosis de Hierro oral (pediatría) en Anemia ferropénica de la adolescente con menorragia?	100-200 mg/día de hierro elemental, o en días alternos — Diaria o en días alternos, vía VO	Farmacoterapia::Pediatría::Hematología y antitrombóticos
¿Cuánto dura el tratamiento con Hierro oral (pediatría)?	Hasta normalizar la hemoglobina y después 2-3 MESES MÁS para rellenar los depósitos.	Farmacoterapia::Pediatría::Hematología y antitrombóticos
¿Cómo se suspende Hierro oral (pediatría)?	Se retira con la ferritina normalizada y la causa corregida. La retirada precoz al normalizar la hemoglobina garantiza la recaída.	Farmacoterapia::Pediatría::Hematología y antitrombóticos
¿Qué hay que monitorizar durante el tratamiento con Hierro oral (pediatría)?	RETICULOCITOS a los 7-10 días (primera señal de respuesta), hemoglobina a las 4 semanas y FERRITINA al final. Vigilar el estreñimiento y advertir de las heces negras.	Farmacoterapia::Pediatría::Hematología y antitrombóticos
¿Cuál es la vida media de Hierro oral (pediatría)?	No aplicable; los depósitos tardan meses en repletarse.	Farmacoterapia::Pediatría::Hematología y antitrombóticos
¿Requiere Hierro oral (pediatría) ajuste en insuficiencia renal?	En la enfermedad renal crónica suele requerirse hierro intravenoso por el bloqueo de la absorción mediado por la hepcidina.	Farmacoterapia::Pediatría::Hematología y antitrombóticos
Interacción crítica de Hierro oral (pediatría) con Levotiroxina, quinolonas, tetraciclinas, penicilamina: ¿qué ocurre y qué se hace?	Quelación mutua con pérdida de eficacia de ambos. Manejo: Separar al menos 2-4 horas	Farmacoterapia::Pediatría::Hematología y antitrombóticos
Efecto adverso grave de Hierro oral (pediatría): INTOXICACIÓN AGUDA por ingesta accidental — ¿en qué consiste?	INTOXICACIÓN AGUDA por ingesta accidental: gastroenteritis hemorrágica, shock, acidosis metabólica y necrosis hepática. Es una de las intoxicaciones pediátricas más letales	Farmacoterapia::Pediatría::Hematología y antitrombóticos
Efecto adverso grave de Hierro oral (pediatría): Sobrecarga férrica con administración prolongada sin indicación — ¿en qué consiste?	Sobrecarga férrica con administración prolongada sin indicación	Farmacoterapia::Pediatría::Hematología y antitrombóticos
Efecto adverso grave de Hierro oral (pediatría): Empeoramiento de una anemia no ferropénica mal diagnosticada — ¿en qué consiste?	Empeoramiento de una anemia no ferropénica mal diagnosticada (talasemia)	Farmacoterapia::Pediatría::Hematología y antitrombóticos
¿Está contraindicado Hierro oral (pediatría) en: Anemias no ferropénicas sin ferropenia asociada?	Sí — Anemias no ferropénicas sin ferropenia asociada (talasemia, anemia sideroblástica)	Farmacoterapia::Pediatría::Hematología y antitrombóticos
¿Está contraindicado Hierro oral (pediatría) en: Hemocromatosis y sobrecarga férrica?	Sí — Hemocromatosis y sobrecarga férrica	Farmacoterapia::Pediatría::Hematología y antitrombóticos
¿Está contraindicado Hierro oral (pediatría) en: Hipersensibilidad al preparado?	Sí — Hipersensibilidad al preparado	Farmacoterapia::Pediatría::Hematología y antitrombóticos
Particularidad de Hierro oral (pediatría) que hay que tener en cuenta:	Lo que hace distinta a la ferropenia del niño pequeño no es la anemia sino el NEURODESARROLLO: entre los 6 y los 24 meses el hierro interviene en la mielinización, y el déficit se asocia a alteraciones cognitivas y conductuales que pueden persistir aunque después se corrija. Por eso en pediatría se trata también la ferropenia SIN anemia.	Farmacoterapia::Pediatría::Hematología y antitrombóticos
¿Cuál es la dosis pediátrica de Hierro oral (pediatría)?	Tratamiento: 3-6 mg/kg/día de hierro ELEMENTAL. Profilaxis: 1-2 mg/kg/día (máx.: 150-200 mg/día de hierro elemental (dosis de adulto))	Farmacoterapia::Pediatría::Hematología y antitrombóticos
¿A partir de qué edad puede usarse Hierro oral (pediatría)?	Desde el periodo neonatal (profilaxis del prematuro desde las 2-4 semanas de vida)	Farmacoterapia::Pediatría::Hematología y antitrombóticos
¿Qué cambia en Hierro oral (pediatría) en el niño respecto al adulto?	Tres diferencias respecto al adulto. La primera es de CONSECUENCIAS: la ferropenia entre los 6 y los 24 meses afecta al desarrollo neurocognitivo de forma potencialmente irreversible, de modo que se trata también la ferropenia SIN anemia y se hace cribado en los grupos de riesgo. La segunda es de SEGURIDAD: el hierro es una de las causas más frecuentes de intoxicación mortal en el niño, porque los preparados parecen caramelos y no existe vía fisiológica de excreción; guardar el frasco fuera del alcance forma parte de la prescripción. La tercera es de ADMINISTRACIÓN: las gotas tiñen los dientes, hay que darlas con jeringa hacia el carrillo y enjuagar después, y sobre todo hay que COMPROBAR LA CONCENTRACIÓN de la presentación concreta, porque los errores de dosificación entre presentaciones son frecuentes.	Farmacoterapia::Pediatría::Hematología y antitrombóticos
¿A qué clase farmacológica pertenece Vitamina K (profilaxis de la enfermedad hemorrágica del recién nacido)?	Vitamina (Cofactor de la gamma-carboxilación de los factores de la coagulación)	Farmacoterapia::Pediatría::Hematología y antitrombóticos
¿Cuál es el mecanismo de acción de Vitamina K (profilaxis de la enfermedad hemorrágica del recién nacido)?	Es el cofactor de la gamma-glutamil carboxilasa, la enzima que carboxila los residuos de ácido glutámico de los factores II, VII, IX y X y de las proteínas C y S. Sin esa carboxilación, los factores existen pero no pueden unirse al calcio ni anclarse a la superficie fosfolipídica de la plaqueta: están fabricados pero son funcionalmente inertes. El recién nacido nace con un déficit fisiológico por tres motivos que se suman: la vitamina K atraviesa MAL la placenta, la leche materna contiene muy poca (unos 2 microgramos por litro frente a los 50 de la fórmula) y el intestino del neonato es ESTÉRIL las primeras semanas, de modo que no hay flora que la sintetice. El resultado es una ventana de vulnerabilidad que la profilaxis al nacimiento cierra por completo.	Farmacoterapia::Pediatría::Hematología y antitrombóticos
¿Cuál es la dosis de Vitamina K (profilaxis de la enfermedad hemorrágica del recién nacido) en PROFILAXIS universal de la enfermedad hemorrágica del recién nacido?	1 mg IM en dosis única en las primeras horas de vida — Dosis única, vía IM	Farmacoterapia::Pediatría::Hematología y antitrombóticos
¿A qué objetivo se ajusta la dosis de Vitamina K (profilaxis de la enfermedad hemorrágica del recién nacido) en PROFILAXIS universal de la enfermedad hemorrágica del recién nacido?	Prevención de las tres formas, incluida la TARDÍA con hemorragia intracraneal	Farmacoterapia::Pediatría::Hematología y antitrombóticos
¿Cuál es la dosis de Vitamina K (profilaxis de la enfermedad hemorrágica del recién nacido) en Enfermedad hemorrágica ESTABLECIDA?	1-2 mg IV lentos, repetibles cada 8-12 horas, junto con PLASMA FRESCO o complejo protrombínico si hay sangrado activo — Repetible según respuesta, vía IV	Farmacoterapia::Pediatría::Hematología y antitrombóticos
¿A qué objetivo se ajusta la dosis de Vitamina K (profilaxis de la enfermedad hemorrágica del recién nacido) en Enfermedad hemorrágica ESTABLECIDA?	Normalización del tiempo de protrombina y cese del sangrado	Farmacoterapia::Pediatría::Hematología y antitrombóticos
¿Cuál es la dosis de Vitamina K (profilaxis de la enfermedad hemorrágica del recién nacido) en Recién nacido de madre con antiepilépticos INDUCTORES, rifampicina o warfarina?	1 mg IM al nacimiento, con valoración de dosis materna prenatal — Dosis única, con posible repetición, vía IM	Farmacoterapia::Pediatría::Hematología y antitrombóticos
¿A qué objetivo se ajusta la dosis de Vitamina K (profilaxis de la enfermedad hemorrágica del recién nacido) en Recién nacido de madre con antiepilépticos INDUCTORES, rifampicina o warfarina?	Prevención de la forma PRECOZ, que aparece en las primeras 24 horas	Farmacoterapia::Pediatría::Hematología y antitrombóticos
¿Cuál es la dosis de Vitamina K (profilaxis de la enfermedad hemorrágica del recién nacido) en Lactante con COLESTASIS o malabsorción de grasas (fibrosis quística, atresia de vías biliares)?	1-2 mg semanales o según niveles — Semanal, vía VO	Farmacoterapia::Pediatría::Hematología y antitrombóticos
¿A qué objetivo se ajusta la dosis de Vitamina K (profilaxis de la enfermedad hemorrágica del recién nacido) en Lactante con COLESTASIS o malabsorción de grasas (fibrosis quística, atresia de vías biliares)?	Tiempo de protrombina normal	Farmacoterapia::Pediatría::Hematología y antitrombóticos
¿Cuánto dura el tratamiento con Vitamina K (profilaxis de la enfermedad hemorrágica del recién nacido)?	Dosis única intramuscular; la pauta oral requiere varias dosis repartidas en semanas.	Farmacoterapia::Pediatría::Hematología y antitrombóticos
¿Cómo se suspende Vitamina K (profilaxis de la enfermedad hemorrágica del recién nacido)?	No requiere seguimiento en el niño sano.	Farmacoterapia::Pediatría::Hematología y antitrombóticos
¿Qué hay que monitorizar durante el tratamiento con Vitamina K (profilaxis de la enfermedad hemorrágica del recién nacido)?	Ninguna en el niño sano. En el sangrado, tiempo de protrombina e INR.	Farmacoterapia::Pediatría::Hematología y antitrombóticos
¿Cuál es la vida media de Vitamina K (profilaxis de la enfermedad hemorrágica del recién nacido)?	Corta en plasma, pero el depósito intramuscular mantiene concentraciones durante semanas: esa es la clave de su eficacia en la forma tardía.	Farmacoterapia::Pediatría::Hematología y antitrombóticos
¿Requiere Vitamina K (profilaxis de la enfermedad hemorrágica del recién nacido) ajuste en insuficiencia renal?	Sin ajuste.	Farmacoterapia::Pediatría::Hematología y antitrombóticos
Interacción crítica de Vitamina K (profilaxis de la enfermedad hemorrágica del recién nacido) con ANTIEPILÉPTICOS inductores maternos (fenobarbital, fenitoína, carbamazepina) y rifampicina: ¿qué ocurre y qué se hace?	Aceleran el catabolismo de la vitamina K fetal y producen la forma PRECOZ de la enfermedad hemorrágica. Manejo: Algunos protocolos añaden vitamina K a la MADRE en las últimas semanas de gestación, además de la profilaxis del recién nacido	Farmacoterapia::Pediatría::Hematología y antitrombóticos
Interacción crítica de Vitamina K (profilaxis de la enfermedad hemorrágica del recién nacido) con COLESTASIS y malabsorción de grasas: ¿qué ocurre y qué se hace?	Impiden la absorción de la vitamina K ORAL. Manejo: Es el motivo por el que la pauta oral falla justo en los niños de mayor riesgo, y un argumento sólido a favor de la vía intramuscular	Farmacoterapia::Pediatría::Hematología y antitrombóticos
Efecto adverso grave de Vitamina K (profilaxis de la enfermedad hemorrágica del recién nacido): Reacciones anafilactoides con la administración INTRAVENOSA RÁPIDA en el adulto — ¿en qué consiste?	Reacciones anafilactoides con la administración INTRAVENOSA RÁPIDA en el adulto (no con la intramuscular neonatal): hipotensión, broncoespasmo y colapso	Farmacoterapia::Pediatría::Hematología y antitrombóticos
Efecto adverso grave de Vitamina K (profilaxis de la enfermedad hemorrágica del recién nacido): Hemólisis y kernicterus con dosis MUY altas en el prematuro — ¿en qué consiste?	Hemólisis y kernicterus con dosis MUY altas en el prematuro (motivo histórico por el que se abandonaron las dosis altas)	Farmacoterapia::Pediatría::Hematología y antitrombóticos
¿Está contraindicado Vitamina K (profilaxis de la enfermedad hemorrágica del recién nacido) en: Prácticamente ninguna a las dosis profilácticas neonatales?	Sí — Prácticamente ninguna a las dosis profilácticas neonatales	Farmacoterapia::Pediatría::Hematología y antitrombóticos
¿Está contraindicado Vitamina K (profilaxis de la enfermedad hemorrágica del recién nacido) en: Administración intravenosa RÁPIDA?	Sí — Administración intravenosa RÁPIDA (hay que diluirla y pasarla lenta)	Farmacoterapia::Pediatría::Hematología y antitrombóticos
¿Está contraindicado Vitamina K (profilaxis de la enfermedad hemorrágica del recién nacido) en: Hipersensibilidad conocida?	Sí — Hipersensibilidad conocida	Farmacoterapia::Pediatría::Hematología y antitrombóticos
Particularidad de Vitamina K (profilaxis de la enfermedad hemorrágica del recién nacido) que hay que tener en cuenta:	Una sola inyección de 1 mg previene una hemorragia intracraneal con un 20% de mortalidad en un lactante sano. Es, en relación con el esfuerzo, una de las intervenciones más rentables de toda la medicina, y por eso su rechazo tiene consecuencias tan desproporcionadas.	Farmacoterapia::Pediatría::Hematología y antitrombóticos
¿Cuál es la dosis pediátrica de Vitamina K (profilaxis de la enfermedad hemorrágica del recién nacido)?	1 mg por vía intramuscular en dosis ÚNICA al nacimiento en el recién nacido de más de 1500 g (dosis FIJA, no ponderal) (máx.: En el sangrado establecido, 1-2 mg IV lentos, repetibles; en el prematuro de menos de 1500 g, 0,5 mg)	Farmacoterapia::Pediatría::Hematología y antitrombóticos
¿A partir de qué edad puede usarse Vitamina K (profilaxis de la enfermedad hemorrágica del recién nacido)?	Primeras horas de vida: es el primer fármaco que recibe la inmensa mayoría de los seres humanos	Farmacoterapia::Pediatría::Hematología y antitrombóticos
¿Qué cambia en Vitamina K (profilaxis de la enfermedad hemorrágica del recién nacido) en el niño respecto al adulto?	Es probablemente la profilaxis con mejor relación entre coste, esfuerzo y daño evitado de toda la medicina, y su historia explica por qué. Existen tres formas de enfermedad hemorrágica: la PRECOZ (primeras 24 horas, asociada a fármacos maternos como antiepilépticos inductores o warfarina), la CLÁSICA (días 2-7) y la TARDÍA (de 2 a 12 semanas), que es la más temida porque hasta la mitad de los casos debuta como HEMORRAGIA INTRACRANEAL en un lactante previamente sano, con una mortalidad en torno al 20% y secuelas neurológicas graves en los supervivientes. La forma tardía afecta casi exclusivamente a lactantes AMAMANTADOS que NO recibieron profilaxis, y también a los que tienen una colestasis no diagnosticada que impide absorber la vitamina liposoluble. El rechazo de la profilaxis por parte de algunas familias, alimentado por una asociación con leucemia que fue investigada y DESCARTADA hace décadas, ha producido un resurgimiento de casos en varios países: es un ejemplo de manual de cómo una información falsa cuesta vidas.	Farmacoterapia::Pediatría::Hematología y antitrombóticos
