¿A qué clase farmacológica pertenece Vitamina D (profilaxis del raquitismo)?	Suplemento vitamínico (Prohormona liposoluble)	Farmacoterapia::Pediatría::Endocrinología y metabolismo
¿Cuál es el mecanismo de acción de Vitamina D (profilaxis del raquitismo)?	El colecalciferol se hidroxila en el hígado a calcifediol y en el riñón a CALCITRIOL, la forma activa, que aumenta la absorción intestinal de calcio y fósforo y permite la MINERALIZACIÓN de la matriz ósea. En el niño esa mineralización ocurre sobre un esqueleto en crecimiento con CARTÍLAGO DE CRECIMIENTO abierto, y ahí está la diferencia esencial con el adulto: sin vitamina D, el cartílago de crecimiento no se calcifica, se ensancha de forma desordenada y aparece el RAQUITISMO, con deformidades óseas permanentes. En el adulto, con las fisis ya cerradas, el mismo déficit produce osteomalacia, que no deforma. La leche materna, excelente en casi todo lo demás, aporta muy poca vitamina D (menos de 50 UI/L), y la síntesis cutánea depende de una exposición solar que se desaconseja activamente en el lactante: de ahí que la suplementación universal no sea un lujo sino una necesidad estructural.	Farmacoterapia::Pediatría::Endocrinología y metabolismo
¿Cuál es la dosis de Vitamina D (profilaxis del raquitismo) en PROFILAXIS universal del raquitismo en el lactante?	400 UI al día desde los primeros días de vida hasta el año — Una toma diaria, vía VO	Farmacoterapia::Pediatría::Endocrinología y metabolismo
¿A qué objetivo se ajusta la dosis de Vitamina D (profilaxis del raquitismo) en PROFILAXIS universal del raquitismo en el lactante?	Prevención del raquitismo; no requiere control analítico en el niño sano	Farmacoterapia::Pediatría::Endocrinología y metabolismo
¿Cuál es la dosis de Vitamina D (profilaxis del raquitismo) en RAQUITISMO carencial establecido?	2000 UI al día en el menor de 1 año, 3000-6000 UI al día en el niño mayor, durante 12 semanas, seguidas de la dosis de mantenimiento — Una toma diaria, vía VO	Farmacoterapia::Pediatría::Endocrinología y metabolismo
¿A qué objetivo se ajusta la dosis de Vitamina D (profilaxis del raquitismo) en RAQUITISMO carencial establecido?	Normalización de la fosfatasa alcalina, de la PTH y de la 25-OH-vitamina D, y curación radiológica	Farmacoterapia::Pediatría::Endocrinología y metabolismo
¿Cuál es la dosis de Vitamina D (profilaxis del raquitismo) en Prematuro y recién nacido de bajo peso?	400-800 UI al día, con aportes específicos de calcio y fósforo — Una toma diaria, vía VO	Farmacoterapia::Pediatría::Endocrinología y metabolismo
¿Cuál es la dosis de Vitamina D (profilaxis del raquitismo) en Niño con malabsorción, hepatopatía, enfermedad renal o antiepilépticos INDUCTORES?	1000-2000 UI al día, o formas hidroxiladas si el problema es la activación — Una toma diaria, vía VO	Farmacoterapia::Pediatría::Endocrinología y metabolismo
¿A qué objetivo se ajusta la dosis de Vitamina D (profilaxis del raquitismo) en Niño con malabsorción, hepatopatía, enfermedad renal o antiepilépticos INDUCTORES?	25-OH-vitamina D superior a 30 ng/mL	Farmacoterapia::Pediatría::Endocrinología y metabolismo
¿Cuánto dura el tratamiento con Vitamina D (profilaxis del raquitismo)?	Todo el primer año en la profilaxis universal; 12 semanas en el tratamiento del raquitismo, seguidas de mantenimiento.	Farmacoterapia::Pediatría::Endocrinología y metabolismo
¿Cómo se suspende Vitamina D (profilaxis del raquitismo)?	Al año de vida en el niño sano con alimentación variada; indefinida en los grupos de riesgo.	Farmacoterapia::Pediatría::Endocrinología y metabolismo
¿Qué hay que monitorizar durante el tratamiento con Vitamina D (profilaxis del raquitismo)?	Ninguna en el lactante sano. En el tratamiento del raquitismo: calcio, fósforo, fosfatasa alcalina, PTH y 25-OH-vitamina D, más radiografía de muñeca.	Farmacoterapia::Pediatría::Endocrinología y metabolismo
¿Cuál es la vida media de Vitamina D (profilaxis del raquitismo)?	El calcifediol persiste 2-3 semanas, lo que permite pautas semanales en casos concretos.	Farmacoterapia::Pediatría::Endocrinología y metabolismo
¿Requiere Vitamina D (profilaxis del raquitismo) ajuste en insuficiencia renal?	En la enfermedad renal hay que usar CALCITRIOL o alfacalcidol, ya activados.	Farmacoterapia::Pediatría::Endocrinología y metabolismo
Interacción crítica de Vitamina D (profilaxis del raquitismo) con ANTIEPILÉPTICOS inductores (fenobarbital, fenitoína, carbamazepina): ¿qué ocurre y qué se hace?	Aceleran su catabolismo y producen raquitismo u osteomalacia en el niño tratado durante años. Manejo: Suplementar de forma sistemática a todo niño con antiepilépticos inductores	Farmacoterapia::Pediatría::Endocrinología y metabolismo
Interacción crítica de Vitamina D (profilaxis del raquitismo) con CORTICOIDES sistémicos prolongados: ¿qué ocurre y qué se hace?	Reducen la absorción de calcio y la mineralización. Manejo: Suplementar calcio y vitamina D en corticoterapia prolongada	Farmacoterapia::Pediatría::Endocrinología y metabolismo
Interacción crítica de Vitamina D (profilaxis del raquitismo) con Cambio de PREPARADO comercial: ¿qué ocurre y qué se hace?	Las concentraciones por gota VARÍAN: puede producir infradosificación o INTOXICACIÓN. Manejo: Al cambiar de marca hay que recalcular las gotas y explicárselo a la familia. Es una causa documentada de hipercalcemia grave en lactantes	Farmacoterapia::Pediatría::Endocrinología y metabolismo
Efecto adverso grave de Vitamina D (profilaxis del raquitismo): INTOXICACIÓN por vitamina D con HIPERCALCEMIA — ¿en qué consiste?	INTOXICACIÓN por vitamina D con HIPERCALCEMIA: vómitos, estreñimiento, poliuria, deshidratación, irritabilidad, fallo de medro y fracaso renal. Se ha descrito por errores de dosificación con gotas y por productos con concentraciones no declaradas	Farmacoterapia::Pediatría::Endocrinología y metabolismo
Efecto adverso grave de Vitamina D (profilaxis del raquitismo): Nefrocalcinosis y litiasis — ¿en qué consiste?	Nefrocalcinosis y litiasis	Farmacoterapia::Pediatría::Endocrinología y metabolismo
Efecto adverso grave de Vitamina D (profilaxis del raquitismo): HIPOCALCEMIA por hueso hambriento al tratar un raquitismo sin aporte de calcio — ¿en qué consiste?	HIPOCALCEMIA por hueso hambriento al tratar un raquitismo sin aporte de calcio	Farmacoterapia::Pediatría::Endocrinología y metabolismo
¿Está contraindicado Vitamina D (profilaxis del raquitismo) en: Hipercalcemia e hipercalciuria?	Sí — Hipercalcemia e hipercalciuria	Farmacoterapia::Pediatría::Endocrinología y metabolismo
¿Está contraindicado Vitamina D (profilaxis del raquitismo) en: Síndrome de Williams y otras causas de hipersensibilidad a la vitamina D?	Sí — Síndrome de Williams y otras causas de hipersensibilidad a la vitamina D	Farmacoterapia::Pediatría::Endocrinología y metabolismo
¿Está contraindicado Vitamina D (profilaxis del raquitismo) en: Enfermedades granulomatosas?	Sí — Enfermedades granulomatosas (producen calcitriol de forma no regulada)	Farmacoterapia::Pediatría::Endocrinología y metabolismo
Particularidad de Vitamina D (profilaxis del raquitismo) que hay que tener en cuenta:	TODOS los lactantes amamantados necesitan 400 UI diarias durante el primer año. La leche materna es superior en casi todo, y en esto no: aporta menos de 50 UI por litro. Es de las pocas recomendaciones universales de la pediatría y sigue sin cumplirse en una proporción alta de niños.	Farmacoterapia::Pediatría::Endocrinología y metabolismo
¿Cuál es la dosis pediátrica de Vitamina D (profilaxis del raquitismo)?	400 UI al día en todos los lactantes durante el primer año de vida (dosis FIJA, no ponderal) (máx.: 1000-2000 UI al día en el tratamiento del déficit; 2000 UI al día en el adolescente obeso o con malabsorción)	Farmacoterapia::Pediatría::Endocrinología y metabolismo
¿A partir de qué edad puede usarse Vitamina D (profilaxis del raquitismo)?	Desde el nacimiento; en el PREMATURO se inicia con dosis mayores (400-800 UI al día) una vez establecida la alimentación enteral	Farmacoterapia::Pediatría::Endocrinología y metabolismo
¿Qué cambia en Vitamina D (profilaxis del raquitismo) en el niño respecto al adulto?	La razón de suplementar a TODOS los lactantes no es que el déficit sea más frecuente sino que las CONSECUENCIAS son distintas e irreversibles: el esqueleto del niño está creciendo sobre cartílagos abiertos, y su falta de mineralización produce deformidades permanentes (piernas arqueadas, rosario costal, craneotabes, ensanchamiento de muñecas) además de hipocalcemia con convulsiones y, en el lactante, MIOCARDIOPATÍA hipocalcémica. A ello se suma un problema de fuentes que solo existe en esta edad: la leche materna es pobre en vitamina D y la exposición solar directa se desaconseja en el menor de 6 meses por el riesgo de quemadura y de cáncer cutáneo futuro. Y hay un problema de dosificación característico: la solución oral se dosifica en GOTAS, y las concentraciones VARÍAN entre preparados, de modo que cambiar de marca sin recalcular ha producido tanto déficits por infradosificación como INTOXICACIONES graves con hipercalcemia en lactantes.	Farmacoterapia::Pediatría::Endocrinología y metabolismo
¿A qué clase farmacológica pertenece Levotiroxina (hipotiroidismo congénito)?	Hormona tiroidea sintética (Tratamiento sustitutivo del hipotiroidismo del niño)	Farmacoterapia::Pediatría::Endocrinología y metabolismo
¿Cuál es el mecanismo de acción de Levotiroxina (hipotiroidismo congénito)?	T4 sintética que se desyoda en los tejidos a T3, la forma activa, que regula la transcripción génica del metabolismo basal y, en el niño, del CRECIMIENTO y sobre todo de la MADURACIÓN DEL SISTEMA NERVIOSO CENTRAL. En los primeros 2-3 años de vida la hormona tiroidea es imprescindible para la mielinización, la sinaptogénesis y la migración neuronal: su déficit en esa ventana produce un daño cognitivo IRREVERSIBLE. Ese es el motivo por el que el hipotiroidismo congénito se criba a todos los recién nacidos y se trata con urgencia.	Farmacoterapia::Pediatría::Endocrinología y metabolismo
¿Cuál es la dosis de Levotiroxina (hipotiroidismo congénito) en Hipotiroidismo congénito detectado en el cribado neonatal?	10-15 µg/kg/día — Una vez al día, en ayunas, vía VO	Farmacoterapia::Pediatría::Endocrinología y metabolismo
¿Cuál es la dosis de Levotiroxina (hipotiroidismo congénito) en Hipotiroidismo adquirido (tiroiditis de Hashimoto, la causa más frecuente en el niño mayor)?	4-5 µg/kg/día en el escolar; 2-3 µg/kg/día en el adolescente — Una vez al día en ayunas, vía VO	Farmacoterapia::Pediatría::Endocrinología y metabolismo
¿Cuál es la dosis de Levotiroxina (hipotiroidismo congénito) en Hipotiroidismo del prematuro y hipotiroxinemia transitoria?	8-10 µg/kg/día — Una vez al día, vía VO	Farmacoterapia::Pediatría::Endocrinología y metabolismo
¿Cuál es la dosis de Levotiroxina (hipotiroidismo congénito) en Hipotiroidismo central (hipofisario)?	Según edad, ajustada por T4 LIBRE — Una vez al día, vía VO	Farmacoterapia::Pediatría::Endocrinología y metabolismo
¿A qué objetivo se ajusta la dosis de Levotiroxina (hipotiroidismo congénito) en Hipotiroidismo central (hipofisario)?	T4 libre en la mitad superior del rango normal para la edad (la TSH no sirve para ajustar)	Farmacoterapia::Pediatría::Endocrinología y metabolismo
¿Cuánto dura el tratamiento con Levotiroxina (hipotiroidismo congénito)?	De por vida en la disgenesia tiroidea. En la dishormonogénesis y en las formas transitorias, puede reevaluarse retirándola a los 3 AÑOS, cuando el desarrollo cerebral crítico ya ha pasado.	Farmacoterapia::Pediatría::Endocrinología y metabolismo
¿Cómo se suspende Levotiroxina (hipotiroidismo congénito)?	No se retira antes de los 3 años bajo ningún concepto; a partir de esa edad puede hacerse una prueba de retirada controlada de 4-6 semanas para reclasificar el diagnóstico.	Farmacoterapia::Pediatría::Endocrinología y metabolismo
¿Qué hay que monitorizar durante el tratamiento con Levotiroxina (hipotiroidismo congénito)?	TSH y T4 LIBRE seriadas; TALLA, PESO y PERÍMETRO CEFÁLICO en cada visita; desarrollo psicomotor. En el niño, la monitorización del neurodesarrollo es tan importante como la analítica.	Farmacoterapia::Pediatría::Endocrinología y metabolismo
¿Cuál es la vida media de Levotiroxina (hipotiroidismo congénito)?	7 días, que permite la dosis única diaria y tolera un olvido puntual.	Farmacoterapia::Pediatría::Endocrinología y metabolismo
¿Requiere Levotiroxina (hipotiroidismo congénito) ajuste en insuficiencia renal?	No precisa ajuste.	Farmacoterapia::Pediatría::Endocrinología y metabolismo
Interacción crítica de Levotiroxina (hipotiroidismo congénito) con Fórmula de SOJA, HIERRO, CALCIO, sucralfato, inhibidores de la bomba de protones: ¿qué ocurre y qué se hace?	Reducen de forma importante la absorción, con hipotiroidismo persistente pese a dosis correcta. Manejo: Separar al menos 2-4 h. En el lactante alimentado con fórmula de soja hay que revisar la dosis: puede necesitar bastante más	Farmacoterapia::Pediatría::Endocrinología y metabolismo
Interacción crítica de Levotiroxina (hipotiroidismo congénito) con Corticoides en el niño con insuficiencia suprarrenal asociada: ¿qué ocurre y qué se hace?	Administrar levotiroxina antes que el corticoide puede precipitar una crisis suprarrenal. Manejo: SIEMPRE hidrocortisona primero, levotiroxina después	Farmacoterapia::Pediatría::Endocrinología y metabolismo
Efecto adverso grave de Levotiroxina (hipotiroidismo congénito): TIROTOXICOSIS IATROGÉNICA por sobredosificación — ¿en qué consiste?	TIROTOXICOSIS IATROGÉNICA por sobredosificación: irritabilidad, insomnio, taquicardia, sudoración, diarrea y escasa ganancia ponderal en el lactante	Farmacoterapia::Pediatría::Endocrinología y metabolismo
Efecto adverso grave de Levotiroxina (hipotiroidismo congénito): CRANEOSINOSTOSIS PREMATURA y aceleración excesiva de la maduración ósea con sobredosificación mantenida en el lactante — ¿en qué consiste?	CRANEOSINOSTOSIS PREMATURA y aceleración excesiva de la maduración ósea con sobredosificación mantenida en el lactante	Farmacoterapia::Pediatría::Endocrinología y metabolismo
Efecto adverso grave de Levotiroxina (hipotiroidismo congénito): Alteraciones del comportamiento y del sueño — ¿en qué consiste?	Alteraciones del comportamiento y del sueño	Farmacoterapia::Pediatría::Endocrinología y metabolismo
Efecto adverso grave de Levotiroxina (hipotiroidismo congénito): Crisis suprarrenal si se administra antes de corregir un déficit de cortisol — ¿en qué consiste?	Crisis suprarrenal si se administra antes de corregir un déficit de cortisol	Farmacoterapia::Pediatría::Endocrinología y metabolismo
¿Está contraindicado Levotiroxina (hipotiroidismo congénito) en: Tirotoxicosis no tratada?	Sí — Tirotoxicosis no tratada	Farmacoterapia::Pediatría::Endocrinología y metabolismo
¿Está contraindicado Levotiroxina (hipotiroidismo congénito) en: INSUFICIENCIA SUPRARRENAL no corregida?	Sí — INSUFICIENCIA SUPRARRENAL no corregida: administrar antes el glucocorticoide	Farmacoterapia::Pediatría::Endocrinología y metabolismo
¿Está contraindicado Levotiroxina (hipotiroidismo congénito) en: Hipersensibilidad a los excipientes?	Sí — Hipersensibilidad a los excipientes	Farmacoterapia::Pediatría::Endocrinología y metabolismo
Particularidad de Levotiroxina (hipotiroidismo congénito) que hay que tener en cuenta:	El hipotiroidismo congénito es el ejemplo por excelencia de por qué existe el cribado neonatal: es una causa PREVENIBLE de discapacidad intelectual, y todo depende de una ventana de días. Iniciado antes de los 15 días de vida, el niño alcanza un desarrollo normal; con semanas de retraso, se pierden puntos de cociente intelectual de forma irreversible. Por eso se trata SIN esperar al estudio etiológico, que puede completarse después.	Farmacoterapia::Pediatría::Endocrinología y metabolismo
¿Cuál es la dosis pediátrica de Levotiroxina (hipotiroidismo congénito)?	Recién nacido: 10-15 µg/kg/día. Lactante 3-12 meses: 6-8 µg/kg/día. 1-5 años: 5-6 µg/kg/día. 6-12 años: 4-5 µg/kg/día. Adolescente: 2-3 µg/kg/día (máx.: 50 µg/día en el recién nacido; en el adolescente, dosis de adulto (habitualmente 100-150 µg/día))	Farmacoterapia::Pediatría::Endocrinología y metabolismo
¿A partir de qué edad puede usarse Levotiroxina (hipotiroidismo congénito)?	Recién nacido: debe iniciarse en las primeras 2 SEMANAS de vida	Farmacoterapia::Pediatría::Endocrinología y metabolismo
¿Qué cambia en Levotiroxina (hipotiroidismo congénito) en el niño respecto al adulto?	Lo que cambia en el niño no es el fármaco sino la URGENCIA y la DOSIS POR KILO. En el recién nacido con hipotiroidismo congénito hay una ventana de días: el tratamiento debe iniciarse antes de los 15 días de vida y normalizar la T4 en 2 semanas, porque el desarrollo cerebral no espera y el daño es irreversible. Además, la dosis por kilo es la mayor de toda la vida (10-15 µg/kg en el neonato frente a 1,6 µg/kg en el adulto) y va DISMINUYENDO con la edad, al revés que la intuición habitual. En cuanto a la administración, el comprimido se tritura y se disuelve en muy poca agua o leche materna, NUNCA en un biberón entero (si no lo termina, no se sabe qué dosis ha recibido) y separado de la fórmula de soja, del hierro y del calcio, que bloquean su absorción.	Farmacoterapia::Pediatría::Endocrinología y metabolismo
¿A qué clase farmacológica pertenece Insulina (diabetes tipo 1 del niño)?	Hormona (Análogos de insulina de acción rápida y basal)	Farmacoterapia::Pediatría::Endocrinología y metabolismo
¿Cuál es el mecanismo de acción de Insulina (diabetes tipo 1 del niño)?	Se une al receptor de insulina, una tirosina cinasa que activa la translocación del transportador GLUT4 a la membrana del músculo y del adipocito, permitiendo la entrada de glucosa; además frena la producción hepática de glucosa, la lipólisis y la cetogénesis. En el niño con diabetes tipo 1 la destrucción autoinmune de la célula beta es completa, de modo que no se trata de mejorar una resistencia sino de SUSTITUIR por completo una hormona ausente, imitando con inyecciones un patrón que el páncreas regula segundo a segundo. Ese es el problema de fondo del tratamiento: no la falta de eficacia del fármaco, sino la imposibilidad de reproducir con precisión un sistema fisiológico continuo en un niño cuya ingesta, actividad y crecimiento cambian todos los días.	Farmacoterapia::Pediatría::Endocrinología y metabolismo
¿Cuál es la dosis de Insulina (diabetes tipo 1 del niño) en DIABETES TIPO 1, tratamiento de mantenimiento?	0,5-1 UI/kg/día, con 40-50% de basal y el resto en bolos según el conteo de hidratos y el factor de sensibilidad — Basal una vez al día más bolos antes de cada comida, o infusión continua con bomba, vía SC	Farmacoterapia::Pediatría::Endocrinología y metabolismo
¿A qué objetivo se ajusta la dosis de Insulina (diabetes tipo 1 del niño) en DIABETES TIPO 1, tratamiento de mantenimiento?	Hemoglobina glucosilada inferior al 7% con MÍNIMAS hipoglucemias, y tiempo en rango superior al 70% en la monitorización continua	Farmacoterapia::Pediatría::Endocrinología y metabolismo
¿Cuál es la dosis de Insulina (diabetes tipo 1 del niño) en CETOACIDOSIS DIABÉTICA del niño?	Insulina rápida en perfusión de 0,05-0,1 UI/kg/h, SIN bolo inicial — Perfusión continua tras la expansión con líquidos, vía IV	Farmacoterapia::Pediatría::Endocrinología y metabolismo
¿A qué objetivo se ajusta la dosis de Insulina (diabetes tipo 1 del niño) en CETOACIDOSIS DIABÉTICA del niño?	Descenso de la glucemia NO superior a 50-90 mg/dL por hora y corrección progresiva de la acidosis	Farmacoterapia::Pediatría::Endocrinología y metabolismo
¿Cuál es la dosis de Insulina (diabetes tipo 1 del niño) en Fase de LUNA DE MIEL?	Reducción de la dosis hasta 0,2-0,3 UI/kg/día, sin suspenderla nunca por completo — Basal y bolos reducidos, vía SC	Farmacoterapia::Pediatría::Endocrinología y metabolismo
¿A qué objetivo se ajusta la dosis de Insulina (diabetes tipo 1 del niño) en Fase de LUNA DE MIEL?	Normoglucemia con dosis mínimas	Farmacoterapia::Pediatría::Endocrinología y metabolismo
¿Cuál es la dosis de Insulina (diabetes tipo 1 del niño) en Manejo del DÍA DE ENFERMEDAD?	NUNCA suspender la insulina basal; ajustar con correcciones adicionales según cetonas — Controles cada 2-4 horas con medición de CETONAS, vía SC	Farmacoterapia::Pediatría::Endocrinología y metabolismo
¿A qué objetivo se ajusta la dosis de Insulina (diabetes tipo 1 del niño) en Manejo del DÍA DE ENFERMEDAD?	Evitar la cetoacidosis manteniendo hidratación y aporte de hidratos	Farmacoterapia::Pediatría::Endocrinología y metabolismo
¿Cuánto dura el tratamiento con Insulina (diabetes tipo 1 del niño)?	De por vida.	Farmacoterapia::Pediatría::Endocrinología y metabolismo
¿Cómo se suspende Insulina (diabetes tipo 1 del niño)?	No se suspende nunca, ni siquiera en la luna de miel ni cuando el niño no come.	Farmacoterapia::Pediatría::Endocrinología y metabolismo
¿Qué hay que monitorizar durante el tratamiento con Insulina (diabetes tipo 1 del niño)?	Monitorización continua de glucosa con tiempo en rango, hemoglobina glucosilada cada 3 meses, crecimiento, tensión, lípidos, tiroides y celiaquía (frecuentemente asociadas), y a partir de los 10-11 años cribado de retinopatía y nefropatía.	Farmacoterapia::Pediatría::Endocrinología y metabolismo
¿Cuál es la vida media de Insulina (diabetes tipo 1 del niño)?	Análogos rápidos 3-5 horas; basales 12-42 horas según el preparado.	Farmacoterapia::Pediatría::Endocrinología y metabolismo
¿Requiere Insulina (diabetes tipo 1 del niño) ajuste en insuficiencia renal?	Las necesidades DISMINUYEN en la insuficiencia renal: la insulina se elimina peor y el riesgo de hipoglucemia aumenta.	Farmacoterapia::Pediatría::Endocrinología y metabolismo
Interacción crítica de Insulina (diabetes tipo 1 del niño) con EJERCICIO: ¿qué ocurre y qué se hace?	Aumenta la sensibilidad a la insulina durante horas, con riesgo de hipoglucemia TARDÍA y NOCTURNA muchas horas después del esfuerzo. Manejo: Es la interacción más importante en la vida real de un niño: hay que reducir la basal o la dosis previa y añadir hidratos, y vigilar la madrugada tras un día de deporte	Farmacoterapia::Pediatría::Endocrinología y metabolismo
Interacción crítica de Insulina (diabetes tipo 1 del niño) con CORTICOIDES (incluidos los ciclos por asma o crup): ¿qué ocurre y qué se hace?	Elevan mucho la glucemia y aumentan las necesidades durante días. Manejo: Anticipar el aumento de dosis al pautar un ciclo corto de corticoide a un niño diabético	Farmacoterapia::Pediatría::Endocrinología y metabolismo
Interacción crítica de Insulina (diabetes tipo 1 del niño) con ALCOHOL en el adolescente: ¿qué ocurre y qué se hace?	HIPOGLUCEMIA prolongada y diferida por inhibición de la gluconeogénesis, que además se confunde con la embriaguez. Manejo: Es una conversación imprescindible en la adolescencia: comer al beber, avisar a los amigos y llevar identificación	Farmacoterapia::Pediatría::Endocrinología y metabolismo
Interacción crítica de Insulina (diabetes tipo 1 del niño) con LIPOHIPERTROFIA por no rotar puntos: ¿qué ocurre y qué se hace?	Absorción errática con hiperglucemias e hipoglucemias inexplicables. Manejo: Hay que PALPAR los puntos de inyección en cada revisión: es una causa muy frecuente de mal control que no se ve si no se busca	Farmacoterapia::Pediatría::Endocrinología y metabolismo
Efecto adverso grave de Insulina (diabetes tipo 1 del niño): HIPOGLUCEMIA GRAVE con convulsión o coma, especialmente peligrosa en el niño pequeño que no la reconoce ni la comunica — ¿en qué consiste?	HIPOGLUCEMIA GRAVE con convulsión o coma, especialmente peligrosa en el niño pequeño que no la reconoce ni la comunica	Farmacoterapia::Pediatría::Endocrinología y metabolismo
Efecto adverso grave de Insulina (diabetes tipo 1 del niño): Hipoglucemias repetidas con posible efecto sobre el desarrollo cognitivo — ¿en qué consiste?	Hipoglucemias repetidas con posible efecto sobre el desarrollo cognitivo	Farmacoterapia::Pediatría::Endocrinología y metabolismo
Efecto adverso grave de Insulina (diabetes tipo 1 del niño): CETOACIDOSIS por omisión de dosis, fallo de la bomba o manejo incorrecto del día de enfermedad — ¿en qué consiste?	CETOACIDOSIS por omisión de dosis, fallo de la bomba o manejo incorrecto del día de enfermedad	Farmacoterapia::Pediatría::Endocrinología y metabolismo
Efecto adverso grave de Insulina (diabetes tipo 1 del niño): EDEMA CEREBRAL durante el tratamiento de la cetoacidosis — ¿en qué consiste?	EDEMA CEREBRAL durante el tratamiento de la cetoacidosis: es la causa principal de muerte y se relaciona con correcciones demasiado rápidas	Farmacoterapia::Pediatría::Endocrinología y metabolismo
Efecto adverso grave de Insulina (diabetes tipo 1 del niño): Trastornos de la conducta alimentaria en la adolescente con omisión deliberada de insulina para perder peso — ¿en qué consiste?	Trastornos de la conducta alimentaria en la adolescente con omisión deliberada de insulina para perder peso	Farmacoterapia::Pediatría::Endocrinología y metabolismo
¿Está contraindicado Insulina (diabetes tipo 1 del niño) en: Ninguna?	Sí — Ninguna: es un tratamiento sustitutivo imprescindible	Farmacoterapia::Pediatría::Endocrinología y metabolismo
¿Está contraindicado Insulina (diabetes tipo 1 del niño) en: NUNCA suspenderla, ni siquiera cuando el niño no come?	Sí — NUNCA suspenderla, ni siquiera cuando el niño no come	Farmacoterapia::Pediatría::Endocrinología y metabolismo
¿Está contraindicado Insulina (diabetes tipo 1 del niño) en: Bolo inicial de insulina en la cetoacidosis pediátrica?	Sí — Bolo inicial de insulina en la cetoacidosis pediátrica	Farmacoterapia::Pediatría::Endocrinología y metabolismo
Particularidad de Insulina (diabetes tipo 1 del niño) que hay que tener en cuenta:	El error que más cetoacidosis causa es SUSPENDER LA INSULINA porque el niño está enfermo y no come. La insulina BASAL se necesita siempre: sin ella el hígado sigue produciendo glucosa y cetonas, y precisamente durante una infección las necesidades SUBEN. Enseñar el manejo del día de enfermedad, con medición de cetonas y correcciones, previene la mayoría de los ingresos.	Farmacoterapia::Pediatría::Endocrinología y metabolismo
¿Cuál es la dosis pediátrica de Insulina (diabetes tipo 1 del niño)?	0,5-1 UI/kg/día como dosis total diaria, repartida en un 40-50% de insulina BASAL y el resto en bolos prandiales (máx.: En la pubertad se alcanzan y superan 1-1,5 UI/kg/día por la resistencia hormonal fisiológica de esa etapa)	Farmacoterapia::Pediatría::Endocrinología y metabolismo
¿A partir de qué edad puede usarse Insulina (diabetes tipo 1 del niño)?	Desde el diagnóstico, a cualquier edad, incluida la lactancia	Farmacoterapia::Pediatría::Endocrinología y metabolismo
¿Qué cambia en Insulina (diabetes tipo 1 del niño) en el niño respecto al adulto?	La diabetes del niño no es la del adulto y su manejo se organiza alrededor de tres hechos propios de la edad. El primero es la LUNA DE MIEL: tras el debut, la célula beta residual recupera parte de su función y las necesidades de insulina caen de forma transitoria durante semanas o meses; si no se explica, la familia cree que el niño se ha curado, y cuando la fase termina y las dosis vuelven a subir lo vive como una recaída. El segundo es la PUBERTAD, en la que la hormona de crecimiento produce una resistencia fisiológica a la insulina que dispara las necesidades y empeora el control, un fenómeno biológico que con demasiada frecuencia se interpreta como falta de responsabilidad del adolescente. El tercero es la HIPOGLUCEMIA, que en el niño pequeño es especialmente peligrosa porque no la reconoce ni la comunica, y porque las hipoglucemias graves y repetidas en un cerebro en desarrollo se asocian a peor rendimiento cognitivo: por eso los objetivos de hemoglobina glucosilada del niño pequeño son deliberadamente menos estrictos que los del adulto, y evitar la hipoglucemia pesa más que apurar la cifra.	Farmacoterapia::Pediatría::Endocrinología y metabolismo
