¿A qué clase farmacológica pertenece Solución de rehidratación oral (SRO de osmolaridad reducida)?	Solución hidroelectrolítica de rehidratación (Fórmula de osmolaridad reducida (60 mmol/L de sodio, 75-90 mOsm/L de glucosa))	Farmacoterapia::Pediatría::Digestivo y hepatología
¿Cuál es el mecanismo de acción de Solución de rehidratación oral (SRO de osmolaridad reducida)?	Aprovecha el COTRANSPORTADOR SODIO-GLUCOSA (SGLT1) del enterocito, que permanece INTACTO en la gastroenteritis vírica pese a la lesión de la vellosidad: por cada molécula de glucosa absorbida entra un ion sodio, y el agua sigue al sodio por arrastre osmótico. Ese es el fundamento fisiológico de que se pueda rehidratar por boca a un niño que está teniendo diarrea secretora. La proporción glucosa-sodio debe ser aproximadamente equimolar: más azúcar del necesario (zumos, refrescos) invierte el gradiente y EMPEORA la diarrea por efecto osmótico.	Farmacoterapia::Pediatría::Digestivo y hepatología
¿Cuál es la dosis de Solución de rehidratación oral (SRO de osmolaridad reducida) en Gastroenteritis aguda con deshidratación leve (3-5%)?	50 mL/kg en 4 h, más reposición de pérdidas — Fraccionada en tomas pequeñas y frecuentes, vía VO	Farmacoterapia::Pediatría::Digestivo y hepatología
¿Cuál es la dosis de Solución de rehidratación oral (SRO de osmolaridad reducida) en Gastroenteritis con deshidratación moderada (6-9%)?	100 mL/kg en 4 h — Fraccionada, con reevaluación a las 4 h, vía VO o por sonda nasogástrica	Farmacoterapia::Pediatría::Digestivo y hepatología
¿Cuál es la dosis de Solución de rehidratación oral (SRO de osmolaridad reducida) en Prevención de la deshidratación en el niño con diarrea sin deshidratación?	10 mL/kg por deposición y 2 mL/kg por vómito — Tras cada pérdida, vía VO	Farmacoterapia::Pediatría::Digestivo y hepatología
¿Cuánto dura el tratamiento con Solución de rehidratación oral (SRO de osmolaridad reducida)?	Mientras duren las pérdidas, habitualmente 3-7 días.	Farmacoterapia::Pediatría::Digestivo y hepatología
¿Cómo se suspende Solución de rehidratación oral (SRO de osmolaridad reducida)?	Se retira al cesar la diarrea. La alimentación normal se reintroduce PRECOZMENTE, a las 4 h, sin esperar a que cese la diarrea.	Farmacoterapia::Pediatría::Digestivo y hepatología
¿Qué hay que monitorizar durante el tratamiento con Solución de rehidratación oral (SRO de osmolaridad reducida)?	PESO (el mejor indicador de la reposición), diuresis, estado de conciencia, relleno capilar y tolerancia oral. Ionograma solo si hay deshidratación grave o sospecha de trastorno del sodio.	Farmacoterapia::Pediatría::Digestivo y hepatología
¿Cuál es la vida media de Solución de rehidratación oral (SRO de osmolaridad reducida)?	No aplicable.	Farmacoterapia::Pediatría::Digestivo y hepatología
¿Requiere Solución de rehidratación oral (SRO de osmolaridad reducida) ajuste en insuficiencia renal?	Precaución en la insuficiencia renal con oliguria por el aporte de potasio.	Farmacoterapia::Pediatría::Digestivo y hepatología
Interacción crítica de Solución de rehidratación oral (SRO de osmolaridad reducida) con Bebidas azucaradas, zumos y bebidas isotónicas de deportistas: ¿qué ocurre y qué se hace?	Carga osmótica alta con sodio insuficiente: EMPEORAN la diarrea y pueden producir hiponatremia. Manejo: Desaconsejarlas expresamente: es el error doméstico más frecuente y hay que nombrarlo de forma explícita	Farmacoterapia::Pediatría::Digestivo y hepatología
Interacción crítica de Solución de rehidratación oral (SRO de osmolaridad reducida) con LOPERAMIDA y otros antidiarreicos: ¿qué ocurre y qué se hace?	Riesgo de íleo, distensión y depresión neurológica en el niño. Manejo: CONTRAINDICADOS en la gastroenteritis del niño	Farmacoterapia::Pediatría::Digestivo y hepatología
Efecto adverso grave de Solución de rehidratación oral (SRO de osmolaridad reducida): HIPERNATREMIA por reconstituir el sobre con menos agua de la indicada — ¿en qué consiste?	HIPERNATREMIA por reconstituir el sobre con menos agua de la indicada	Farmacoterapia::Pediatría::Digestivo y hepatología
Efecto adverso grave de Solución de rehidratación oral (SRO de osmolaridad reducida): HIPONATREMIA por diluirlo en exceso o por sustituirlo por agua o zumos — ¿en qué consiste?	HIPONATREMIA por diluirlo en exceso o por sustituirlo por agua o zumos	Farmacoterapia::Pediatría::Digestivo y hepatología
Efecto adverso grave de Solución de rehidratación oral (SRO de osmolaridad reducida): Sobrecarga de volumen en el cardiópata o el nefrópata — ¿en qué consiste?	Sobrecarga de volumen en el cardiópata o el nefrópata	Farmacoterapia::Pediatría::Digestivo y hepatología
Efecto adverso grave de Solución de rehidratación oral (SRO de osmolaridad reducida): Broncoaspiración si se administra a un niño con disminución del nivel de conciencia — ¿en qué consiste?	Broncoaspiración si se administra a un niño con disminución del nivel de conciencia	Farmacoterapia::Pediatría::Digestivo y hepatología
¿Está contraindicado Solución de rehidratación oral (SRO de osmolaridad reducida) en: SHOCK o deshidratación grave?	Sí — SHOCK o deshidratación grave (requiere vía intravenosa inmediata)	Farmacoterapia::Pediatría::Digestivo y hepatología
¿Está contraindicado Solución de rehidratación oral (SRO de osmolaridad reducida) en: Disminución del nivel de conciencia por riesgo de aspiración?	Sí — Disminución del nivel de conciencia por riesgo de aspiración	Farmacoterapia::Pediatría::Digestivo y hepatología
¿Está contraindicado Solución de rehidratación oral (SRO de osmolaridad reducida) en: Íleo paralítico u obstrucción intestinal?	Sí — Íleo paralítico u obstrucción intestinal	Farmacoterapia::Pediatría::Digestivo y hepatología
¿Está contraindicado Solución de rehidratación oral (SRO de osmolaridad reducida) en: Vómitos incoercibles pese a la técnica correcta y al ondansetrón?	Sí — Vómitos incoercibles pese a la técnica correcta y al ondansetrón	Farmacoterapia::Pediatría::Digestivo y hepatología
Particularidad de Solución de rehidratación oral (SRO de osmolaridad reducida) que hay que tener en cuenta:	Es probablemente la intervención médica que más vidas infantiles ha salvado en el mundo, y su fundamento cabe en una frase: el cotransportador sodio-glucosa sigue funcionando aunque la vellosidad esté destruida. Entender eso explica por qué la glucosa es imprescindible en la fórmula y por qué el agua sola no rehidrata igual.	Farmacoterapia::Pediatría::Digestivo y hepatología
¿Cuál es la dosis pediátrica de Solución de rehidratación oral (SRO de osmolaridad reducida)?	Deshidratación leve: 50 mL/kg en 4 h. Moderada: 100 mL/kg en 4 h. Mantenimiento posterior: 10 mL/kg por cada deposición líquida y 2 mL/kg por cada vómito (máx.: No hay dosis máxima: se administra a demanda; el límite lo pone la tolerancia oral)	Farmacoterapia::Pediatría::Digestivo y hepatología
¿A partir de qué edad puede usarse Solución de rehidratación oral (SRO de osmolaridad reducida)?	Desde el recién nacido	Farmacoterapia::Pediatría::Digestivo y hepatología
¿Qué cambia en Solución de rehidratación oral (SRO de osmolaridad reducida) en el niño respecto al adulto?	El lactante deshidrata mucho más rápido que el adulto por tres motivos: mayor superficie corporal relativa, mayor proporción de agua corporal con recambio diario más alto, y dependencia total de un cuidador para beber. Por eso la deshidratación puede instaurarse en horas. La particularidad de manejo más importante no es la dosis sino la TÉCNICA: volúmenes pequeños y muy frecuentes (5 mL cada 1-2 minutos), porque el estómago tolera 5 mL cuando rechaza 100. El error clásico de los cuidadores es sustituir el suero por bebidas azucaradas o isotónicas de deportistas, que tienen demasiada glucosa y muy poco sodio y empeoran la diarrea; y diluir mal los sobres, lo que puede producir hipernatremia o hiponatremia.	Farmacoterapia::Pediatría::Digestivo y hepatología
¿A qué clase farmacológica pertenece Ondansetrón (pediatría)?	Antiemético: antagonista de los receptores 5-HT3 (Setrón)	Farmacoterapia::Pediatría::Digestivo y hepatología
¿Cuál es el mecanismo de acción de Ondansetrón (pediatría)?	Bloquea los receptores 5-HT3 de los aferentes vagales intestinales y de la zona gatillo quimiorreceptora. En la gastroenteritis, el epitelio dañado libera serotonina que estimula el vago y desencadena el vómito: bloquear ese primer eslabón corta el círculo que impide beber. A diferencia de la metoclopramida, no tiene acción antidopaminérgica, por lo que NO produce reacciones extrapiramidales, algo especialmente relevante en el niño, que es el grupo de máximo riesgo de distonía aguda.	Farmacoterapia::Pediatría::Digestivo y hepatología
¿Cuál es la dosis de Ondansetrón (pediatría) en Vómitos de la gastroenteritis aguda que impiden la rehidratación oral?	0,15 mg/kg (2 mg si 8-15 kg, 4 mg si 15-30 kg, 8 mg si más de 30 kg) en dosis ÚNICA — Dosis única, vía VO (liofilizado bucodispersable)	Farmacoterapia::Pediatría::Digestivo y hepatología
¿Cuál es la dosis de Ondansetrón (pediatría) en Náuseas y vómitos inducidos por quimioterapia en el niño?	5 mg/m² o 0,15 mg/kg antes de la quimioterapia y cada 8-12 h — Cada 8-12 h durante 1-3 días, vía VO o IV	Farmacoterapia::Pediatría::Digestivo y hepatología
¿Cuál es la dosis de Ondansetrón (pediatría) en Vómitos postoperatorios en el niño?	0,1 mg/kg IV (máximo 4 mg) al final de la cirugía — Dosis única, vía IV	Farmacoterapia::Pediatría::Digestivo y hepatología
¿Cuánto dura el tratamiento con Ondansetrón (pediatría)?	Dosis ÚNICA en la gastroenteritis. Si persisten los vómitos tras ella, la conducta correcta es REEVALUAR el diagnóstico, no repetir el fármaco.	Farmacoterapia::Pediatría::Digestivo y hepatología
¿Cómo se suspende Ondansetrón (pediatría)?	No requiere retirada.	Farmacoterapia::Pediatría::Digestivo y hepatología
¿Qué hay que monitorizar durante el tratamiento con Ondansetrón (pediatría)?	Tolerancia oral posterior, número de deposiciones (aumentarán) y estado de hidratación. ECG solo si hay cardiopatía, alteraciones electrolíticas u otros fármacos que prolonguen el QT.	Farmacoterapia::Pediatría::Digestivo y hepatología
¿Cuál es la vida media de Ondansetrón (pediatría)?	2-4 h en el niño, algo más corta que en el adulto.	Farmacoterapia::Pediatría::Digestivo y hepatología
¿Requiere Ondansetrón (pediatría) ajuste en insuficiencia renal?	No precisa ajuste.	Farmacoterapia::Pediatría::Digestivo y hepatología
Interacción crítica de Ondansetrón (pediatría) con Fármacos que prolongan el QT (macrólidos, quinolonas, antipsicóticos, antiarrítmicos): ¿qué ocurre y qué se hace?	Prolongación aditiva del QT con riesgo de torsade de pointes. Manejo: Corregir potasio y magnesio; ECG si hay factores de riesgo	Farmacoterapia::Pediatría::Digestivo y hepatología
Efecto adverso grave de Ondansetrón (pediatría): Prolongación del QT y torsade de pointes — ¿en qué consiste?	Prolongación del QT y torsade de pointes (dosis-dependiente, sobre todo por vía intravenosa rápida)	Farmacoterapia::Pediatría::Digestivo y hepatología
Efecto adverso grave de Ondansetrón (pediatría): ENMASCARAMIENTO de una causa quirúrgica o grave del vómito, con retraso diagnóstico — ¿en qué consiste?	ENMASCARAMIENTO de una causa quirúrgica o grave del vómito, con retraso diagnóstico	Farmacoterapia::Pediatría::Digestivo y hepatología
Efecto adverso grave de Ondansetrón (pediatría): Reacciones de hipersensibilidad — ¿en qué consiste?	Reacciones de hipersensibilidad	Farmacoterapia::Pediatría::Digestivo y hepatología
Efecto adverso grave de Ondansetrón (pediatría): Síndrome serotoninérgico — ¿en qué consiste?	Síndrome serotoninérgico (excepcional en pediatría)	Farmacoterapia::Pediatría::Digestivo y hepatología
¿Está contraindicado Ondansetrón (pediatría) en: Hipersensibilidad a los setrones?	Sí — Hipersensibilidad a los setrones	Farmacoterapia::Pediatría::Digestivo y hepatología
¿Está contraindicado Ondansetrón (pediatría) en: Uso concomitante con APOMORFINA?	Sí — Uso concomitante con APOMORFINA	Farmacoterapia::Pediatría::Digestivo y hepatología
¿Está contraindicado Ondansetrón (pediatría) en: Síndrome de QT largo congénito?	Sí — Síndrome de QT largo congénito	Farmacoterapia::Pediatría::Digestivo y hepatología
¿Está contraindicado Ondansetrón (pediatría) en: Vómito de causa NO aclarada, especialmente con signos de alarma abdominales o neurológicos?	Sí — Vómito de causa NO aclarada, especialmente con signos de alarma abdominales o neurológicos	Farmacoterapia::Pediatría::Digestivo y hepatología
Particularidad de Ondansetrón (pediatría) que hay que tener en cuenta:	Su valor está en una única dosis con un propósito muy definido: permitir que el niño beba. No trata la gastroenteritis; hace posible el tratamiento, que es la rehidratación oral. Entendido así, no tiene sentido pautarlo cada 8 h durante días.	Farmacoterapia::Pediatría::Digestivo y hepatología
¿Cuál es la dosis pediátrica de Ondansetrón (pediatría)?	0,15 mg/kg en dosis ÚNICA, o por tramos de peso: 2 mg si pesa 8-15 kg, 4 mg si 15-30 kg, 8 mg si más de 30 kg (máx.: 8 mg por dosis; máximo 16 mg IV por dosis en oncología)	Farmacoterapia::Pediatría::Digestivo y hepatología
¿A partir de qué edad puede usarse Ondansetrón (pediatría)?	6 meses en la indicación oncológica; en la gastroenteritis se usa habitualmente a partir de los 6 meses y con más respaldo por encima de los 4 años	Farmacoterapia::Pediatría::Digestivo y hepatología
¿Qué cambia en Ondansetrón (pediatría) en el niño respecto al adulto?	Lo característico de su uso pediátrico es que se emplea en DOSIS ÚNICA y con un objetivo muy concreto: romper el círculo del vómito para que el niño pueda beber la solución de rehidratación oral. No es un tratamiento de la gastroenteritis ni se pauta de forma repetida. Dos consecuencias prácticas: la primera es que aumenta la DIARREA en las 24-48 h siguientes, algo esperable que hay que advertir a los padres para que no lo interpreten como empeoramiento; la segunda, más importante, es que su capacidad de suprimir el vómito puede ENMASCARAR una causa quirúrgica o grave. Antes de administrarlo hay que haber descartado invaginación, estenosis pilórica, abdomen agudo, hipertensión intracraneal, cetoacidosis y sepsis: el vómito del niño no siempre es una gastroenteritis.	Farmacoterapia::Pediatría::Digestivo y hepatología
¿A qué clase farmacológica pertenece Macrogol (polietilenglicol) en pediatría?	Laxante (Laxante osmótico de polímero no absorbible)	Farmacoterapia::Pediatría::Digestivo y hepatología
¿Cuál es el mecanismo de acción de Macrogol (polietilenglicol) en pediatría?	Es un polímero inerte de alto peso molecular que NO se absorbe ni se fermenta: retiene agua en la luz intestinal por puentes de hidrógeno, ablandando las heces y aumentando su volumen, lo que estimula el peristaltismo por distensión. Esa inercia química es lo que lo distingue de la lactulosa, que sí se fermenta y produce gas, dolor y flatulencia. En el niño esa diferencia decide el éxito del tratamiento: el estreñimiento funcional infantil se mantiene por un círculo de dolor y RETENCIÓN VOLUNTARIA, en el que el niño aguanta las ganas porque defecar le dolió, las heces se endurecen más y el siguiente episodio duele todavía más. Un laxante que produce dolor abdominal o gases refuerza ese círculo; el macrogol, que no lo produce, permite romperlo.	Farmacoterapia::Pediatría::Digestivo y hepatología
¿Cuál es la dosis de Macrogol (polietilenglicol) en pediatría en ESTREÑIMIENTO FUNCIONAL, mantenimiento?	0,4-0,8 g/kg/día, ajustando por la consistencia de las heces — Una o dos tomas al día, vía VO	Farmacoterapia::Pediatría::Digestivo y hepatología
¿A qué objetivo se ajusta la dosis de Macrogol (polietilenglicol) en pediatría en ESTREÑIMIENTO FUNCIONAL, mantenimiento?	Deposiciones BLANDAS e indoloras a diario o casi a diario, sin escapes	Farmacoterapia::Pediatría::Digestivo y hepatología
¿Cuál es la dosis de Macrogol (polietilenglicol) en pediatría en IMPACTACIÓN FECAL (desimpactación oral)?	1-1,5 g/kg/día durante 3-6 días consecutivos — Repartido a lo largo del día, vía VO	Farmacoterapia::Pediatría::Digestivo y hepatología
¿A qué objetivo se ajusta la dosis de Macrogol (polietilenglicol) en pediatría en IMPACTACIÓN FECAL (desimpactación oral)?	Expulsión del fecaloma y desaparición de los escapes	Farmacoterapia::Pediatría::Digestivo y hepatología
¿Cuál es la dosis de Macrogol (polietilenglicol) en pediatría en Estreñimiento con FISURA ANAL y miedo a defecar?	0,4-0,8 g/kg/día, junto con tratamiento local de la fisura — Diaria, vía VO	Farmacoterapia::Pediatría::Digestivo y hepatología
¿A qué objetivo se ajusta la dosis de Macrogol (polietilenglicol) en pediatría en Estreñimiento con FISURA ANAL y miedo a defecar?	Heces blandas que no reabran la fisura	Farmacoterapia::Pediatría::Digestivo y hepatología
¿Cuál es la dosis de Macrogol (polietilenglicol) en pediatría en Preparación para colonoscopia?	Macrogol con electrolitos según protocolo, habitualmente 1-1,5 g/kg — El día previo, vía VO	Farmacoterapia::Pediatría::Digestivo y hepatología
¿Cuánto dura el tratamiento con Macrogol (polietilenglicol) en pediatría?	Al menos 2-6 MESES tras la normalización, y a menudo más. Es un tratamiento largo por definición.	Farmacoterapia::Pediatría::Digestivo y hepatología
¿Cómo se suspende Macrogol (polietilenglicol) en pediatría?	Retirada MUY gradual a lo largo de semanas. Suspenderlo de golpe cuando el niño va bien es la causa principal de recaída.	Farmacoterapia::Pediatría::Digestivo y hepatología
¿Qué hay que monitorizar durante el tratamiento con Macrogol (polietilenglicol) en pediatría?	Frecuencia y consistencia de las deposiciones (la escala de Bristol es útil para la familia), desaparición de los escapes y del dolor.	Farmacoterapia::Pediatría::Digestivo y hepatología
¿Cuál es la vida media de Macrogol (polietilenglicol) en pediatría?	No aplicable; el efecto aparece en 1-3 días.	Farmacoterapia::Pediatría::Digestivo y hepatología
¿Requiere Macrogol (polietilenglicol) en pediatría ajuste en insuficiencia renal?	No requiere ajuste.	Farmacoterapia::Pediatría::Digestivo y hepatología
Efecto adverso grave de Macrogol (polietilenglicol) en pediatría: Alteraciones hidroelectrolíticas con dosis altas y formulaciones sin electrolitos — ¿en qué consiste?	Alteraciones hidroelectrolíticas con dosis altas y formulaciones sin electrolitos (infrecuentes)	Farmacoterapia::Pediatría::Digestivo y hepatología
Efecto adverso grave de Macrogol (polietilenglicol) en pediatría: Reacciones alérgicas al polietilenglicol — ¿en qué consiste?	Reacciones alérgicas al polietilenglicol (muy raras)	Farmacoterapia::Pediatría::Digestivo y hepatología
Efecto adverso grave de Macrogol (polietilenglicol) en pediatría: Broncoaspiración si se administra a un niño con bajo nivel de conciencia — ¿en qué consiste?	Broncoaspiración si se administra a un niño con bajo nivel de conciencia	Farmacoterapia::Pediatría::Digestivo y hepatología
¿Está contraindicado Macrogol (polietilenglicol) en pediatría en: Obstrucción intestinal, íleo o sospecha de perforación?	Sí — Obstrucción intestinal, íleo o sospecha de perforación	Farmacoterapia::Pediatría::Digestivo y hepatología
¿Está contraindicado Macrogol (polietilenglicol) en pediatría en: Megacolon tóxico y enfermedad inflamatoria intestinal grave activa?	Sí — Megacolon tóxico y enfermedad inflamatoria intestinal grave activa	Farmacoterapia::Pediatría::Digestivo y hepatología
¿Está contraindicado Macrogol (polietilenglicol) en pediatría en: Hipersensibilidad al polietilenglicol?	Sí — Hipersensibilidad al polietilenglicol	Farmacoterapia::Pediatría::Digestivo y hepatología
Particularidad de Macrogol (polietilenglicol) en pediatría que hay que tener en cuenta:	Hay que DESIMPACTAR ANTES de empezar el mantenimiento. Iniciar un laxante suave en un niño con un fecaloma aumenta el rebosamiento, el niño mancha más, la familia concluye que el tratamiento le sienta mal y lo abandona. El orden de los dos pasos decide el resultado.	Farmacoterapia::Pediatría::Digestivo y hepatología
¿Cuál es la dosis pediátrica de Macrogol (polietilenglicol) en pediatría?	Mantenimiento: 0,4-0,8 g/kg/día. Desimpactación: 1-1,5 g/kg/día durante 3-6 días (máx.: Desimpactación hasta 100 g al día en el niño mayor; mantenimiento habitualmente 1-2 sobres al día)	Farmacoterapia::Pediatría::Digestivo y hepatología
¿A partir de qué edad puede usarse Macrogol (polietilenglicol) en pediatría?	Desde los 6 meses (algunos preparados desde los 2 años; en el lactante menor se usa bajo indicación pediátrica)	Farmacoterapia::Pediatría::Digestivo y hepatología
¿Qué cambia en Macrogol (polietilenglicol) en pediatría en el niño respecto al adulto?	Dos rasgos hacen que el estreñimiento del niño no se trate como el del adulto. El primero es la IMPACTACIÓN FECAL con INCONTINENCIA POR REBOSAMIENTO: el recto se dilata alrededor de un fecaloma y las heces líquidas se escapan por los lados, de modo que el niño mancha la ropa interior a diario y la familia y el colegio interpretan que es diarrea o un problema de conducta. Empezar un laxante de mantenimiento sin haber DESIMPACTADO primero empeora el rebosamiento y hunde la confianza de la familia en el tratamiento. El segundo es la DURACIÓN: el recto dilatado tarda MESES en recuperar su sensibilidad, de modo que el tratamiento debe mantenerse al menos 2-6 meses tras la normalización y retirarse muy despacio; el error más frecuente en pediatría es suspenderlo a las dos semanas, cuando el niño ya va bien, y ver reaparecer todo el cuadro. A ello se añade la ventaja práctica de que el macrogol es INSÍPIDO y se puede disolver en cualquier bebida, algo determinante en un tratamiento que un niño debe tomar durante meses.	Farmacoterapia::Pediatría::Digestivo y hepatología
¿A qué clase farmacológica pertenece Omeprazol y otros inhibidores de la bomba de protones (pediatría)?	Antisecretor gástrico (Inhibidor irreversible de la bomba H+/K+ ATPasa)	Farmacoterapia::Pediatría::Digestivo y hepatología
¿Cuál es el mecanismo de acción de Omeprazol y otros inhibidores de la bomba de protones (pediatría)?	Es un profármaco que se activa en el medio ácido del canalículo de la célula parietal y se une de forma IRREVERSIBLE a la bomba de protones, de modo que la secreción solo se recupera cuando se sintetizan bombas nuevas: por eso su efecto dura mucho más que su vida media plasmática. En el niño hay dos particularidades farmacocinéticas relevantes. La primera es que el LACTANTE tiene un pH gástrico más alto y una masa de células parietales menor, de modo que el fármaco se activa peor. La segunda es paradójica y muy práctica: el niño metaboliza el omeprazol por el CYP2C19 MÁS DEPRISA que el adulto, y por eso necesita dosis por kilo SUPERIORES a las del adulto para conseguir el mismo efecto. Ese hecho, poco intuitivo, explica muchos fracasos aparentes.	Farmacoterapia::Pediatría::Digestivo y hepatología
¿Cuál es la dosis de Omeprazol y otros inhibidores de la bomba de protones (pediatría) en ESOFAGITIS por reflujo confirmada y enfermedad por reflujo gastroesofágico con síntomas de alarma?	1-2 mg/kg/día, 30-60 minutos ANTES del desayuno — Una toma diaria antes de la primera comida, vía VO	Farmacoterapia::Pediatría::Digestivo y hepatología
¿A qué objetivo se ajusta la dosis de Omeprazol y otros inhibidores de la bomba de protones (pediatría) en ESOFAGITIS por reflujo confirmada y enfermedad por reflujo gastroesofágico con síntomas de alarma?	Resolución de los síntomas y curación endoscópica de la esofagitis	Farmacoterapia::Pediatría::Digestivo y hepatología
¿Cuál es la dosis de Omeprazol y otros inhibidores de la bomba de protones (pediatría) en ESOFAGITIS EOSINOFÍLICA?	1-2 mg/kg cada 12 horas (dosis altas) durante 8-12 semanas — Cada 12 horas, vía VO	Farmacoterapia::Pediatría::Digestivo y hepatología
¿A qué objetivo se ajusta la dosis de Omeprazol y otros inhibidores de la bomba de protones (pediatría) en ESOFAGITIS EOSINOFÍLICA?	Remisión histológica con menos de 15 eosinófilos por campo	Farmacoterapia::Pediatría::Digestivo y hepatología
¿Cuál es la dosis de Omeprazol y otros inhibidores de la bomba de protones (pediatría) en Úlcera péptica y erradicación de Helicobacter pylori?	1-2 mg/kg/día junto con amoxicilina y claritromicina o metronidazol — Cada 12 horas durante 14 días, vía VO	Farmacoterapia::Pediatría::Digestivo y hepatología
¿Cuál es la dosis de Omeprazol y otros inhibidores de la bomba de protones (pediatría) en Profilaxis de la úlcera de estrés en el niño crítico y gastropatía por AINE o corticoides?	0,5-1 mg/kg/día — Una toma diaria, vía VO	Farmacoterapia::Pediatría::Digestivo y hepatología
¿A qué objetivo se ajusta la dosis de Omeprazol y otros inhibidores de la bomba de protones (pediatría) en Profilaxis de la úlcera de estrés en el niño crítico y gastropatía por AINE o corticoides?	Prevención de la hemorragia digestiva en el paciente de riesgo	Farmacoterapia::Pediatría::Digestivo y hepatología
¿Cuánto dura el tratamiento con Omeprazol y otros inhibidores de la bomba de protones (pediatría)?	4-8 semanas en la esofagitis; 8-12 semanas en la esofagitis eosinofílica. NO es un tratamiento indefinido.	Farmacoterapia::Pediatría::Digestivo y hepatología
¿Cómo se suspende Omeprazol y otros inhibidores de la bomba de protones (pediatría)?	Retirada GRADUAL tras tratamientos prolongados: la suspensión brusca produce HIPERSECRECIÓN DE REBOTE que reproduce los síntomas y hace creer que el fármaco sigue haciendo falta.	Farmacoterapia::Pediatría::Digestivo y hepatología
¿Qué hay que monitorizar durante el tratamiento con Omeprazol y otros inhibidores de la bomba de protones (pediatría)?	Respuesta clínica y crecimiento. En tratamientos prolongados, valorar hierro, B12 y magnesio.	Farmacoterapia::Pediatría::Digestivo y hepatología
¿Cuál es la vida media de Omeprazol y otros inhibidores de la bomba de protones (pediatría)?	Plasmática de 1 hora, pero el efecto dura 24 horas porque el bloqueo de la bomba es irreversible.	Farmacoterapia::Pediatría::Digestivo y hepatología
¿Requiere Omeprazol y otros inhibidores de la bomba de protones (pediatría) ajuste en insuficiencia renal?	No requiere ajuste.	Farmacoterapia::Pediatría::Digestivo y hepatología
Interacción crítica de Omeprazol y otros inhibidores de la bomba de protones (pediatría) con Fármacos que requieren ACIDEZ para absorberse (itraconazol, ketoconazol, hierro, algunos antirretrovirales): ¿qué ocurre y qué se hace?	Reducen su absorción de forma significativa. Manejo: Muy relevante en el niño con ferropenia: dar el hierro separado y con vitamina C, o replantear la necesidad del antisecretor	Farmacoterapia::Pediatría::Digestivo y hepatología
Efecto adverso grave de Omeprazol y otros inhibidores de la bomba de protones (pediatría): AUMENTO DE INFECCIONES respiratorias y gastrointestinales en el lactante, al perder la barrera ácida — ¿en qué consiste?	AUMENTO DE INFECCIONES respiratorias y gastrointestinales en el lactante, al perder la barrera ácida (incluida la gastroenteritis y la neumonía)	Farmacoterapia::Pediatría::Digestivo y hepatología
Efecto adverso grave de Omeprazol y otros inhibidores de la bomba de protones (pediatría): ENTEROCOLITIS NECROSANTE en el prematuro — ¿en qué consiste?	ENTEROCOLITIS NECROSANTE en el prematuro	Farmacoterapia::Pediatría::Digestivo y hepatología
Efecto adverso grave de Omeprazol y otros inhibidores de la bomba de protones (pediatría): Colitis por Clostridioides difficile — ¿en qué consiste?	Colitis por Clostridioides difficile	Farmacoterapia::Pediatría::Digestivo y hepatología
Efecto adverso grave de Omeprazol y otros inhibidores de la bomba de protones (pediatría): HIPOMAGNESEMIA con el uso prolongado, que puede producir tetania y convulsiones — ¿en qué consiste?	HIPOMAGNESEMIA con el uso prolongado, que puede producir tetania y convulsiones	Farmacoterapia::Pediatría::Digestivo y hepatología
Efecto adverso grave de Omeprazol y otros inhibidores de la bomba de protones (pediatría): Déficit de HIERRO y de vitamina B12 en tratamientos de años — ¿en qué consiste?	Déficit de HIERRO y de vitamina B12 en tratamientos de años	Farmacoterapia::Pediatría::Digestivo y hepatología
Efecto adverso grave de Omeprazol y otros inhibidores de la bomba de protones (pediatría): Nefritis intersticial aguda — ¿en qué consiste?	Nefritis intersticial aguda	Farmacoterapia::Pediatría::Digestivo y hepatología
Efecto adverso grave de Omeprazol y otros inhibidores de la bomba de protones (pediatría): Posible asociación con alergia alimentaria por alteración de la digestión proteica — ¿en qué consiste?	Posible asociación con alergia alimentaria por alteración de la digestión proteica (en estudio)	Farmacoterapia::Pediatría::Digestivo y hepatología
¿Está contraindicado Omeprazol y otros inhibidores de la bomba de protones (pediatría) en: Regurgitación FISIOLÓGICA del lactante sano?	Sí — Regurgitación FISIOLÓGICA del lactante sano: no es una indicación	Farmacoterapia::Pediatría::Digestivo y hepatología
¿Está contraindicado Omeprazol y otros inhibidores de la bomba de protones (pediatría) en: Llanto e irritabilidad del lactante sin síntomas de alarma?	Sí — Llanto e irritabilidad del lactante sin síntomas de alarma: los ensayos han demostrado que NO funciona	Farmacoterapia::Pediatría::Digestivo y hepatología
¿Está contraindicado Omeprazol y otros inhibidores de la bomba de protones (pediatría) en: Hipersensibilidad conocida?	Sí — Hipersensibilidad conocida	Farmacoterapia::Pediatría::Digestivo y hepatología
¿Está contraindicado Omeprazol y otros inhibidores de la bomba de protones (pediatría) en: Precaución en el prematuro?	Sí — Precaución en el prematuro	Farmacoterapia::Pediatría::Digestivo y hepatología
Particularidad de Omeprazol y otros inhibidores de la bomba de protones (pediatría) que hay que tener en cuenta:	La pregunta que hay que hacerse antes de prescribirlo es si el lactante REGURGITA o si tiene ENFERMEDAD por reflujo. El bebé que regurgita, come bien, crece y está contento no necesita nada: es un fenómeno fisiológico que se resuelve solo hacia el año. Tranquilizar a la familia, espesar tomas si hace falta y explicar la evolución natural es el tratamiento correcto.	Farmacoterapia::Pediatría::Digestivo y hepatología
¿Cuál es la dosis pediátrica de Omeprazol y otros inhibidores de la bomba de protones (pediatría)?	1-2 mg/kg/día en una o dos tomas (máx.: 40 mg al día (80 mg en la esofagitis eosinofílica del adolescente))	Farmacoterapia::Pediatría::Digestivo y hepatología
¿A partir de qué edad puede usarse Omeprazol y otros inhibidores de la bomba de protones (pediatría)?	Autorizado desde el año de edad y desde los 10 kg en la mayoría de los preparados; su uso por debajo es fuera de indicación autorizada	Farmacoterapia::Pediatría::Digestivo y hepatología
¿Qué cambia en Omeprazol y otros inhibidores de la bomba de protones (pediatría) en el niño respecto al adulto?	El problema clínico principal de este fármaco en pediatría no es cómo dosificarlo sino su SOBREPRESCRIPCIÓN en el lactante. La regurgitación del lactante sano es FISIOLÓGICA: afecta a la mayoría de los bebés, se debe a la inmadurez del esfínter esofágico inferior y a una dieta líquida con un volumen enorme en relación con la capacidad gástrica, y se resuelve sola hacia el año. Los ensayos han demostrado de forma consistente que los inhibidores de la bomba de protones NO mejoran el llanto ni la irritabilidad del lactante que regurgita, porque ese llanto no es ácido. Y no son inocuos: en el lactante se han asociado a más infecciones respiratorias y gastrointestinales, a enterocolitis necrosante en el prematuro y a posible alteración de la microbiota y sensibilización alimentaria. A ello se añade el detalle práctico de que el niño metaboliza el fármaco MÁS DEPRISA y necesita más miligramos por kilo, de modo que quien sí tiene indicación real suele estar infradosificado mientras quien no la tiene está sobretratado.	Farmacoterapia::Pediatría::Digestivo y hepatología
¿A qué clase farmacológica pertenece Lactobacillus reuteri DSM 17938 (cólico del lactante)?	Probiótico (Lactobacilo)	Farmacoterapia::Pediatría::Digestivo y hepatología
¿Cuál es el mecanismo de acción de Lactobacillus reuteri DSM 17938 (cólico del lactante)?	Modula la microbiota y la motilidad intestinal y reduce la hipersensibilidad visceral.	Farmacoterapia::Pediatría::Digestivo y hepatología
¿Cuál es la dosis de Lactobacillus reuteri DSM 17938 (cólico del lactante) en Cólico del lactante (lactancia materna)?	5 gotas (10⁸ UFC) — Cada 24 h, vía VO	Farmacoterapia::Pediatría::Digestivo y hepatología
¿Cuánto dura el tratamiento con Lactobacillus reuteri DSM 17938 (cólico del lactante)?	21 días.	Farmacoterapia::Pediatría::Digestivo y hepatología
¿Cómo se suspende Lactobacillus reuteri DSM 17938 (cólico del lactante)?	—	Farmacoterapia::Pediatría::Digestivo y hepatología
¿Qué hay que monitorizar durante el tratamiento con Lactobacillus reuteri DSM 17938 (cólico del lactante)?	Tiempo de llanto.	Farmacoterapia::Pediatría::Digestivo y hepatología
¿Cuál es la vida media de Lactobacillus reuteri DSM 17938 (cólico del lactante)?	—	Farmacoterapia::Pediatría::Digestivo y hepatología
¿Requiere Lactobacillus reuteri DSM 17938 (cólico del lactante) ajuste en insuficiencia renal?	No precisa.	Farmacoterapia::Pediatría::Digestivo y hepatología
Efecto adverso grave de Lactobacillus reuteri DSM 17938 (cólico del lactante): Bacteriemia en inmunodeprimidos o prematuros con catéter — ¿en qué consiste?	Bacteriemia en inmunodeprimidos o prematuros con catéter (excepcional)	Farmacoterapia::Pediatría::Digestivo y hepatología
¿Está contraindicado Lactobacillus reuteri DSM 17938 (cólico del lactante) en: Inmunodepresión grave?	Sí — Inmunodepresión grave	Farmacoterapia::Pediatría::Digestivo y hepatología
¿Está contraindicado Lactobacillus reuteri DSM 17938 (cólico del lactante) en: Prematuros con catéter central?	Sí — Prematuros con catéter central	Farmacoterapia::Pediatría::Digestivo y hepatología
Particularidad de Lactobacillus reuteri DSM 17938 (cólico del lactante) que hay que tener en cuenta:	Llanto excesivo con regurgitaciones y rechazo de tomas en lactancia artificial: valorar alergia a proteínas de leche de vaca.	Farmacoterapia::Pediatría::Digestivo y hepatología
¿Cuál es la dosis pediátrica de Lactobacillus reuteri DSM 17938 (cólico del lactante)?	5 gotas (10⁸ UFC) al día (dosis FIJA, no ponderal) (máx.: 5 gotas al día)	Farmacoterapia::Pediatría::Digestivo y hepatología
¿A partir de qué edad puede usarse Lactobacillus reuteri DSM 17938 (cólico del lactante)?	Recién nacido a término	Farmacoterapia::Pediatría::Digestivo y hepatología
¿Qué cambia en Lactobacillus reuteri DSM 17938 (cólico del lactante) en el niño respecto al adulto?	El cólico del lactante es <b>benigno y autolimitado</b> (cede hacia los 3-4 meses). Ningún fármaco es claramente eficaz: <b>simeticona no supera al placebo</b> y los anticolinérgicos están <b>contraindicados</b> por su toxicidad. Este probiótico reduce el tiempo de llanto sobre todo en lactantes <b>con lactancia materna</b>. Lo fundamental es tranquilizar a la familia y descartar signos de alarma.	Farmacoterapia::Pediatría::Digestivo y hepatología
