¿A qué clase farmacológica pertenece Melatonina (insomnio infantil)?	Cronobiótico (Agonista de los receptores MT1 y MT2 de melatonina)	Farmacoterapia::Pediatría::Psiquiatría
¿Cuál es el mecanismo de acción de Melatonina (insomnio infantil)?	Es la hormona que la glándula pineal secreta en respuesta a la OSCURIDAD y que informa al organismo de que es de noche. Actúa sobre los receptores MT1 y MT2 del núcleo supraquiasmático, el reloj central del hipotálamo, produciendo dos efectos distintos que conviene no confundir: a dosis bajas y administrada VARIAS HORAS ANTES de dormir actúa como CRONOBIÓTICO, adelantando la fase del sueño; a dosis mayores y cerca de la hora de acostarse tiene un efecto HIPNÓTICO leve. En el niño ese matiz es determinante: la mayoría de los insomnios infantiles no son un problema de falta de sueño sino de RETRASO DE FASE (el niño no tiene sueño a la hora que la familia quiere que se duerma), y ahí lo que funciona es la dosis baja administrada temprano, no una dosis alta a las once de la noche.	Farmacoterapia::Pediatría::Psiquiatría
¿Cuál es la dosis de Melatonina (insomnio infantil) en INSOMNIO de conciliación en el niño con TRASTORNO DEL ESPECTRO AUTISTA o TDAH?	1-5 mg, 30-60 minutos antes de acostarse — Una toma nocturna, vía VO	Farmacoterapia::Pediatría::Psiquiatría
¿A qué objetivo se ajusta la dosis de Melatonina (insomnio infantil) en INSOMNIO de conciliación en el niño con TRASTORNO DEL ESPECTRO AUTISTA o TDAH?	Reducción de la latencia de sueño y aumento del tiempo total, con mejoría del funcionamiento diurno	Farmacoterapia::Pediatría::Psiquiatría
¿Cuál es la dosis de Melatonina (insomnio infantil) en SÍNDROME DE RETRASO DE FASE del adolescente?	0,5 mg administrados 3-5 HORAS ANTES de la hora objetivo de dormir — Una toma vespertina, no al acostarse, vía VO	Farmacoterapia::Pediatría::Psiquiatría
¿A qué objetivo se ajusta la dosis de Melatonina (insomnio infantil) en SÍNDROME DE RETRASO DE FASE del adolescente?	ADELANTO progresivo de la fase de sueño	Farmacoterapia::Pediatría::Psiquiatría
¿Cuál es la dosis de Melatonina (insomnio infantil) en Insomnio de conciliación del niño sano tras fracasar las medidas conductuales?	0,5-3 mg, 30-60 minutos antes de acostarse, durante periodos limitados — Una toma nocturna, vía VO	Farmacoterapia::Pediatría::Psiquiatría
¿Cuál es la dosis de Melatonina (insomnio infantil) en Facilitación de pruebas diagnósticas (electroencefalograma de sueño, resonancia)?	3-6 mg antes de la prueba — Dosis única, vía VO	Farmacoterapia::Pediatría::Psiquiatría
¿A qué objetivo se ajusta la dosis de Melatonina (insomnio infantil) en Facilitación de pruebas diagnósticas (electroencefalograma de sueño, resonancia)?	Inducción de sueño espontáneo que permita realizar la prueba sin sedación	Farmacoterapia::Pediatría::Psiquiatría
¿Cuánto dura el tratamiento con Melatonina (insomnio infantil)?	Periodos limitados con reevaluación periódica; en el niño con trastorno del neurodesarrollo puede ser prolongada.	Farmacoterapia::Pediatría::Psiquiatría
¿Cómo se suspende Melatonina (insomnio infantil)?	Se intenta retirar periódicamente para comprobar si sigue siendo necesaria. No produce dependencia ni efecto rebote significativo.	Farmacoterapia::Pediatría::Psiquiatría
¿Qué hay que monitorizar durante el tratamiento con Melatonina (insomnio infantil)?	Latencia de sueño, número de despertares y funcionamiento diurno. Un DIARIO DE SUEÑO de dos semanas aporta más información que cualquier descripción retrospectiva.	Farmacoterapia::Pediatría::Psiquiatría
¿Cuál es la vida media de Melatonina (insomnio infantil)?	30-60 minutos en la formulación inmediata, lo que la hace útil para conciliar el sueño pero poco para mantenerlo. Las formulaciones de liberación prolongada cubren mejor la noche completa.	Farmacoterapia::Pediatría::Psiquiatría
¿Requiere Melatonina (insomnio infantil) ajuste en insuficiencia renal?	Sin ajuste.	Farmacoterapia::Pediatría::Psiquiatría
Interacción crítica de Melatonina (insomnio infantil) con LUZ, especialmente la de PANTALLAS por la noche: ¿qué ocurre y qué se hace?	SUPRIME la secreción endógena de melatonina y ANTAGONIZA el efecto del tratamiento. Manejo: Es la interacción más importante y la que menos se aborda: dar melatonina a un adolescente que usa el móvil hasta las dos de la madrugada es intentar corregir con un comprimido lo que la luz está deshaciendo	Farmacoterapia::Pediatría::Psiquiatría
Efecto adverso grave de Melatonina (insomnio infantil): Muy pocos — ¿en qué consiste?	Muy pocos: es un fármaco notablemente seguro a corto plazo	Farmacoterapia::Pediatría::Psiquiatría
Efecto adverso grave de Melatonina (insomnio infantil): Agravamiento de crisis en algunos niños con epilepsia — ¿en qué consiste?	Agravamiento de crisis en algunos niños con epilepsia (descrito, con datos contradictorios)	Farmacoterapia::Pediatría::Psiquiatría
Efecto adverso grave de Melatonina (insomnio infantil): Preocupación teórica no confirmada sobre el eje puberal con el uso prolongado, que es el motivo por el que se recomienda reevaluar periódicamente — ¿en qué consiste?	Preocupación teórica no confirmada sobre el eje puberal con el uso prolongado, que es el motivo por el que se recomienda reevaluar periódicamente	Farmacoterapia::Pediatría::Psiquiatría
Efecto adverso grave de Melatonina (insomnio infantil): SOBREDOSIS accidental por productos de venta libre con gominolas atractivas para los niños — ¿en qué consiste?	SOBREDOSIS accidental por productos de venta libre con gominolas atractivas para los niños: es un motivo creciente de consulta en toxicología	Farmacoterapia::Pediatría::Psiquiatría
¿Está contraindicado Melatonina (insomnio infantil) en: Hipersensibilidad conocida?	Sí — Hipersensibilidad conocida	Farmacoterapia::Pediatría::Psiquiatría
¿Está contraindicado Melatonina (insomnio infantil) en: Uso como sustituto de las medidas conductuales, que son el tratamiento de fondo?	Sí — Uso como sustituto de las medidas conductuales, que son el tratamiento de fondo	Farmacoterapia::Pediatría::Psiquiatría
¿Está contraindicado Melatonina (insomnio infantil) en: Enfermedad autoinmune?	Sí — Enfermedad autoinmune (relativa, por su efecto inmunomodulador teórico)	Farmacoterapia::Pediatría::Psiquiatría
Particularidad de Melatonina (insomnio infantil) que hay que tener en cuenta:	El MOMENTO importa más que la dosis, y esa es la clave que casi nadie explica: administrada 30-60 minutos antes de acostarse actúa como hipnótico leve; administrada 3-5 HORAS antes actúa como CRONOBIÓTICO y adelanta la fase del sueño. En el adolescente que no se duerme hasta las dos de la madrugada, lo segundo es lo que funciona.	Farmacoterapia::Pediatría::Psiquiatría
¿Cuál es la dosis pediátrica de Melatonina (insomnio infantil)?	0,5-3 mg administrados 30-60 minutos antes de la hora deseada de dormir; como cronobiótico, 0,5 mg administrados 3-5 horas antes (dosis FIJA por franja de edad, no ponderal) (máx.: 5-10 mg en el niño con trastorno del neurodesarrollo; por encima no hay más beneficio)	Farmacoterapia::Pediatría::Psiquiatría
¿A partir de qué edad puede usarse Melatonina (insomnio infantil)?	Uso habitual a partir de los 2 años; por debajo, solo con indicación específica y tras descartar causas orgánicas	Farmacoterapia::Pediatría::Psiquiatría
¿Qué cambia en Melatonina (insomnio infantil) en el niño respecto al adulto?	Es el fármaco más prescrito y más automedicado para el sueño infantil, y su uso está lleno de malentendidos que conviene deshacer. El primero es de INDICACIÓN: el despertar nocturno del lactante y la resistencia a acostarse del preescolar son problemas CONDUCTUALES y de higiene del sueño, no un déficit de melatonina, y en ellos el fármaco añade poco a lo que consiguen las rutinas, los horarios estables y la retirada de pantallas. El segundo es de MOMENTO: administrada al acostarse actúa como hipnótico leve, pero administrada 3-5 horas antes actúa como cronobiótico y adelanta la fase, que es lo que necesita el adolescente que no se duerme hasta las dos de la madrugada. El tercero es de CALIDAD: buena parte de los productos disponibles son complementos alimenticios sin garantía farmacéutica, y los análisis independientes han encontrado contenidos que van desde una fracción hasta varias veces la dosis declarada. Donde la evidencia sí es sólida es en el niño con TRASTORNO DEL ESPECTRO AUTISTA o TDAH, en los que el insomnio es de base neurobiológica y la respuesta suele ser buena.	Farmacoterapia::Pediatría::Psiquiatría
¿A qué clase farmacológica pertenece Metilfenidato?	Psicoestimulante (Inhibidor de la recaptación de dopamina y noradrenalina)	Farmacoterapia::Pediatría::Psiquiatría
¿Cuál es el mecanismo de acción de Metilfenidato?	Bloquea los transportadores de recaptación de DOPAMINA y NORADRENALINA, aumentando su disponibilidad en la corteza prefrontal y en los circuitos frontoestriatales, que son los implicados en la atención sostenida, la inhibición de respuestas y la función ejecutiva. La paradoja aparente de que un estimulante calme a un niño hiperactivo se resuelve al entender que el problema del TDAH es una HIPOFUNCIÓN de los circuitos inhibitorios prefrontales: el fármaco no seda, potencia el control inhibitorio que falta.	Farmacoterapia::Pediatría::Psiquiatría
¿Cuál es la dosis de Metilfenidato en Trastorno por déficit de atención e hiperactividad (TDAH)?	0,5-1 mg/kg/día, iniciando con 5-10 mg y subiendo semanalmente — 1 vez al día (liberación prolongada) o 2-3 veces al día (liberación inmediata), vía VO	Farmacoterapia::Pediatría::Psiquiatría
¿Cuál es la dosis de Metilfenidato en TDAH con trastorno de conducta o comorbilidad asociada?	0,5-1 mg/kg/día — 1-2 veces al día, vía VO	Farmacoterapia::Pediatría::Psiquiatría
¿Cuál es la dosis de Metilfenidato en Narcolepsia con somnolencia diurna excesiva?	10-60 mg/día — 2-3 veces al día, vía VO	Farmacoterapia::Pediatría::Psiquiatría
¿Cuánto dura el tratamiento con Metilfenidato?	Mientras persista el beneficio funcional. Se reevalúa al menos anualmente.	Farmacoterapia::Pediatría::Psiquiatría
¿Cómo se suspende Metilfenidato?	Puede suspenderse sin descenso progresivo. Las VACACIONES TERAPÉUTICAS en fines de semana o verano son una opción individualizada: ayudan al apetito y al crecimiento, pero el TDAH no desaparece los fines de semana y la conducta puede empeorar.	Farmacoterapia::Pediatría::Psiquiatría
¿Qué hay que monitorizar durante el tratamiento con Metilfenidato?	TALLA Y PESO en cada visita, con registro en la curva de crecimiento; tensión arterial y frecuencia cardiaca; sueño; apetito; escalas de padres y profesores; en el adolescente, cribado de consumo de sustancias y de desvío del fármaco.	Farmacoterapia::Pediatría::Psiquiatría
¿Cuál es la vida media de Metilfenidato?	2-3 h del fármaco; la duración del EFECTO depende de la formulación: 3-4 h la inmediata, 8-12 h la prolongada.	Farmacoterapia::Pediatría::Psiquiatría
¿Requiere Metilfenidato ajuste en insuficiencia renal?	No precisa ajuste.	Farmacoterapia::Pediatría::Psiquiatría
Interacción crítica de Metilfenidato con IMAO: ¿qué ocurre y qué se hace?	CRISIS HIPERTENSIVA. Manejo: CONTRAINDICADO durante el tratamiento y las 2 semanas siguientes a su retirada	Farmacoterapia::Pediatría::Psiquiatría
Efecto adverso grave de Metilfenidato: Reducción de la VELOCIDAD DE CRECIMIENTO, con un efecto de 1-2 cm sobre la talla final en tratamientos prolongados — ¿en qué consiste?	Reducción de la VELOCIDAD DE CRECIMIENTO, con un efecto de 1-2 cm sobre la talla final en tratamientos prolongados	Farmacoterapia::Pediatría::Psiquiatría
Efecto adverso grave de Metilfenidato: Síntomas PSICÓTICOS o maníacos de nueva aparición — ¿en qué consiste?	Síntomas PSICÓTICOS o maníacos de nueva aparición (poco frecuentes, obligan a suspender)	Farmacoterapia::Pediatría::Psiquiatría
Efecto adverso grave de Metilfenidato: Aparición o empeoramiento de TICS — ¿en qué consiste?	Aparición o empeoramiento de TICS (no es una contraindicación absoluta: se valora caso a caso)	Farmacoterapia::Pediatría::Psiquiatría
Efecto adverso grave de Metilfenidato: Eventos cardiovasculares en el niño con cardiopatía estructural no diagnosticada — ¿en qué consiste?	Eventos cardiovasculares en el niño con cardiopatía estructural no diagnosticada	Farmacoterapia::Pediatría::Psiquiatría
Efecto adverso grave de Metilfenidato: DESVÍO Y ABUSO del fármaco en el entorno adolescente — ¿en qué consiste?	DESVÍO Y ABUSO del fármaco en el entorno adolescente	Farmacoterapia::Pediatría::Psiquiatría
Efecto adverso grave de Metilfenidato: Empeoramiento de ansiedad preexistente — ¿en qué consiste?	Empeoramiento de ansiedad preexistente	Farmacoterapia::Pediatría::Psiquiatría
¿Está contraindicado Metilfenidato en: Uso concomitante o reciente de IMAO?	Sí — Uso concomitante o reciente de IMAO	Farmacoterapia::Pediatría::Psiquiatría
¿Está contraindicado Metilfenidato en: Cardiopatía estructural grave, arritmias significativas o miocardiopatía?	Sí — Cardiopatía estructural grave, arritmias significativas o miocardiopatía	Farmacoterapia::Pediatría::Psiquiatría
¿Está contraindicado Metilfenidato en: Hipertiroidismo no controlado?	Sí — Hipertiroidismo no controlado	Farmacoterapia::Pediatría::Psiquiatría
¿Está contraindicado Metilfenidato en: Glaucoma?	Sí — Glaucoma	Farmacoterapia::Pediatría::Psiquiatría
¿Está contraindicado Metilfenidato en: Psicosis activa?	Sí — Psicosis activa	Farmacoterapia::Pediatría::Psiquiatría
¿Está contraindicado Metilfenidato en: Antecedente de abuso de sustancias?	Sí — Antecedente de abuso de sustancias (contraindicación relativa: valorar formulaciones de menor potencial de abuso)	Farmacoterapia::Pediatría::Psiquiatría
Particularidad de Metilfenidato que hay que tener en cuenta:	La respuesta al tratamiento NO se evalúa en la consulta: se evalúa con escalas cumplimentadas por los PADRES y por el PROFESOR. Un niño puede estar tranquilo en un despacho durante 20 minutos y ser incapaz de sostener la atención en el aula. Sin información del colegio, la titulación va a ciegas.	Farmacoterapia::Pediatría::Psiquiatría
¿Cuál es la dosis pediátrica de Metilfenidato?	Inicio 0,3 mg/kg/día (5 mg 1-2 veces al día); mantenimiento 0,5-1 mg/kg/día (máx.: 60 mg/día (hasta 2 mg/kg/día en casos seleccionados))	Farmacoterapia::Pediatría::Psiquiatría
¿A partir de qué edad puede usarse Metilfenidato?	6 años (por debajo, solo por especialista y en casos excepcionales)	Farmacoterapia::Pediatría::Psiquiatría
¿Qué cambia en Metilfenidato en el niño respecto al adulto?	Es un fármaco casi exclusivamente pediátrico y con particularidades que no tienen equivalente en el adulto. La primera es que el efecto se mide FUERA de la consulta: la evaluación de la respuesta requiere escalas cumplimentadas por los PADRES y por el PROFESOR, porque el rendimiento escolar y la conducta en el aula son los desenlaces reales. La segunda es la monitorización del CRECIMIENTO: la anorexia es el efecto adverso más frecuente y puede reducir la velocidad de crecimiento, por lo que talla y peso se registran en cada visita y se aprovechan las horas de menor efecto (desayuno abundante y cena tardía) para compensar. La tercera es que la formulación se elige por la COBERTURA HORARIA que necesita el niño: si solo se cubre el horario escolar, la conducta en casa por la tarde y los deberes quedan sin tratar. La cuarta es que el fármaco NUNCA es el tratamiento completo: sin intervención psicoeducativa con la familia y el colegio, el beneficio es parcial.	Farmacoterapia::Pediatría::Psiquiatría
