¿A qué clase farmacológica pertenece Amoxicilina (pediatría)?	Betalactámico — aminopenicilina (Antibiótico de primera línea en infección respiratoria pediátrica)	Farmacoterapia::Pediatría::Antiinfecciosos
¿Cuál es el mecanismo de acción de Amoxicilina (pediatría)?	Inhibe la síntesis del peptidoglucano uniéndose a las PBP. Bactericida tiempo-dependiente: su eficacia depende del tiempo que la concentración se mantiene por encima de la CMI, lo que justifica repartir la dosis y, frente a neumococo con sensibilidad disminuida, SUBIR la dosis en lugar de cambiar de familia.	Farmacoterapia::Pediatría::Antiinfecciosos
¿Cuál es el espectro de Amoxicilina (pediatría)?	Streptococcus pneumoniae (incluidas cepas con sensibilidad intermedia si se usa dosis alta), Streptococcus pyogenes, Haemophilus influenzae no productor de betalactamasa, Listeria, Enterococcus. NO cubre S. aureus, NO cubre productores de betalactamasa, NO cubre atípicas (Mycoplasma) ni Bordetella.	Farmacoterapia::Pediatría::Antiinfecciosos
¿Cuál es la dosis de Amoxicilina (pediatría) en Otitis media aguda?	80-90 mg/kg/día — Repartidos cada 8-12 h, vía VO	Farmacoterapia::Pediatría::Antiinfecciosos
¿Cuál es la dosis de Amoxicilina (pediatría) en Faringoamigdalitis estreptocócica?	50 mg/kg/día (máx. 1 g/día) — Cada 12-24 h, 10 días, vía VO	Farmacoterapia::Pediatría::Antiinfecciosos
¿Cuál es la dosis de Amoxicilina (pediatría) en Neumonía adquirida en la comunidad típica?	80-90 mg/kg/día — Cada 8 h, 5-7 días, vía VO	Farmacoterapia::Pediatría::Antiinfecciosos
¿Cuál es la dosis de Amoxicilina (pediatría) en Sinusitis bacteriana aguda?	80-90 mg/kg/día — Cada 8-12 h, 10 días, vía VO	Farmacoterapia::Pediatría::Antiinfecciosos
¿Cuál es la dosis de Amoxicilina (pediatría) en Profilaxis de endocarditis en cardiopatía de alto riesgo?	50 mg/kg (máx. 2 g) — Dosis única 30-60 min antes del procedimiento, vía VO	Farmacoterapia::Pediatría::Antiinfecciosos
¿Cuánto dura el tratamiento con Amoxicilina (pediatría)?	10 días en faringitis estreptocócica y en otitis del menor de 2 años; 5-7 días en la mayoría del resto de indicaciones.	Farmacoterapia::Pediatría::Antiinfecciosos
¿Cómo se suspende Amoxicilina (pediatría)?	Suspensión brusca al completar la pauta. Insistir a la familia en completar el ciclo aunque el niño esté bien a las 48 h.	Farmacoterapia::Pediatría::Antiinfecciosos
¿Qué hay que monitorizar durante el tratamiento con Amoxicilina (pediatría)?	Clínica. Reevaluar si no hay mejoría en 48-72 h: puede indicar productor de betalactamasa (pasar a amoxicilina-clavulánico) o etiología no bacteriana.	Farmacoterapia::Pediatría::Antiinfecciosos
¿Cuál es la vida media de Amoxicilina (pediatría)?	1-1,3 h en el niño; 3-4 h en el neonato.	Farmacoterapia::Pediatría::Antiinfecciosos
¿Requiere Amoxicilina (pediatría) ajuste en insuficiencia renal?	FG 10-30: cada 12 h. FG <10: cada 24 h.	Farmacoterapia::Pediatría::Antiinfecciosos
Interacción crítica de Amoxicilina (pediatría) con Metotrexato (en oncología o reumatología pediátrica): ¿qué ocurre y qué se hace?	Reduce su aclaramiento renal y eleva su toxicidad. Manejo: Evitar o vigilar niveles y hemograma	Farmacoterapia::Pediatría::Antiinfecciosos
Efecto adverso grave de Amoxicilina (pediatría): Anafilaxia — ¿en qué consiste?	Anafilaxia (rara)	Farmacoterapia::Pediatría::Antiinfecciosos
Efecto adverso grave de Amoxicilina (pediatría): Colitis por C. difficile — ¿en qué consiste?	Colitis por C. difficile	Farmacoterapia::Pediatría::Antiinfecciosos
Efecto adverso grave de Amoxicilina (pediatría): Nefritis intersticial — ¿en qué consiste?	Nefritis intersticial	Farmacoterapia::Pediatría::Antiinfecciosos
Efecto adverso grave de Amoxicilina (pediatría): Reacciones cutáneas graves — ¿en qué consiste?	Reacciones cutáneas graves (Stevens-Johnson), excepcionales	Farmacoterapia::Pediatría::Antiinfecciosos
¿Está contraindicado Amoxicilina (pediatría) en: Alergia mediada por IgE a betalactámicos?	Sí — Alergia mediada por IgE a betalactámicos	Farmacoterapia::Pediatría::Antiinfecciosos
¿Está contraindicado Amoxicilina (pediatría) en: Mononucleosis infecciosa?	Sí — Mononucleosis infecciosa (contraindicación relativa por el exantema, no por peligro real)	Farmacoterapia::Pediatría::Antiinfecciosos
Particularidad de Amoxicilina (pediatría) que hay que tener en cuenta:	El exantema por amoxicilina en la mononucleosis NO es alergia: es un fenómeno inmunológico ligado al VEB. Etiquetar al niño como «alérgico a la penicilina» por este motivo lo condena de por vida a antibióticos de segunda línea, más caros, más tóxicos y ecológicamente peores. La mayoría de los adultos etiquetados como alérgicos a penicilina en la infancia NO lo son.	Farmacoterapia::Pediatría::Antiinfecciosos
¿Cuál es la dosis pediátrica de Amoxicilina (pediatría)?	80-90 mg/kg/día repartidos en 2-3 tomas (dosis alta); 40-50 mg/kg/día en indicaciones que no requieren cubrir neumococo resistente (máx.: No superar la dosis de adulto: 2-3 g/día (hasta 4 g/día en dosis alta para otitis))	Farmacoterapia::Pediatría::Antiinfecciosos
¿A partir de qué edad puede usarse Amoxicilina (pediatría)?	Desde el nacimiento (con ajuste de intervalo en el neonato)	Farmacoterapia::Pediatría::Antiinfecciosos
¿Qué cambia en Amoxicilina (pediatría) en el niño respecto al adulto?	En pediatría se usa la DOSIS ALTA (80-90 mg/kg/día) como estándar en otitis, sinusitis y neumonía, mientras que en el adulto la dosis alta es una decisión selectiva. El motivo es la elevada prevalencia de neumococo con sensibilidad intermedia a penicilina en la población infantil, sobre todo en niños que acuden a guardería o han recibido antibióticos en los 3 meses previos. Además, el niño con MONONUCLEOSIS INFECCIOSA desarrolla exantema en el 80-100% de los casos si recibe amoxicilina: es un fenómeno inmunológico transitorio, NO una alergia, y etiquetarlo como alérgico condiciona erróneamente toda su vida terapéutica.	Farmacoterapia::Pediatría::Antiinfecciosos
¿A qué clase farmacológica pertenece Azitromicina (pediatría)?	Macrólido (azálido) (Macrólido de elección en el lactante)	Farmacoterapia::Pediatría::Antiinfecciosos
¿Cuál es el mecanismo de acción de Azitromicina (pediatría)?	Se une a la subunidad 50S ribosómica e inhibe la síntesis proteica. Su enorme volumen de distribución y su acumulación intracelular en fagocitos permiten pautas cortas de 3-5 días con concentraciones tisulares activas durante varios días más.	Farmacoterapia::Pediatría::Antiinfecciosos
¿Cuál es el espectro de Azitromicina (pediatría)?	Atípicas (Mycoplasma pneumoniae, Chlamydia trachomatis), Bordetella pertussis, Campylobacter. Cobertura de neumococo poco fiable donde la resistencia por metilación ribosómica es alta.	Farmacoterapia::Pediatría::Antiinfecciosos
¿Cuál es la dosis de Azitromicina (pediatría) en Tos ferina (tratamiento y profilaxis de contactos)?	10 mg/kg día 1 y 5 mg/kg días 2-5 (neonato: 10 mg/kg/día 5 días) — Cada 24 h, 5 días, vía VO	Farmacoterapia::Pediatría::Antiinfecciosos
¿Cuál es la dosis de Azitromicina (pediatría) en Neumonía atípica por Mycoplasma en el escolar?	10 mg/kg día 1 y 5 mg/kg días 2-5 — Cada 24 h, vía VO	Farmacoterapia::Pediatría::Antiinfecciosos
¿Cuál es la dosis de Azitromicina (pediatría) en Conjuntivitis y neumonía del lactante por Chlamydia trachomatis?	20 mg/kg/día — Cada 24 h, 3 días, vía VO	Farmacoterapia::Pediatría::Antiinfecciosos
¿Cuál es la dosis de Azitromicina (pediatría) en Faringoamigdalitis estreptocócica en alérgicos a betalactámicos?	12 mg/kg/día (máx. 500 mg) — Cada 24 h, 5 días, vía VO	Farmacoterapia::Pediatría::Antiinfecciosos
¿Cuál es la dosis de Azitromicina (pediatría) en Gastroenteritis por Campylobacter con criterios de tratamiento?	10 mg/kg/día — Cada 24 h, 3 días, vía VO	Farmacoterapia::Pediatría::Antiinfecciosos
¿Cuánto dura el tratamiento con Azitromicina (pediatría)?	3-5 días. Explicar a la familia que el efecto persiste días tras la última dosis, para que la pauta corta no se interprete como tratamiento insuficiente.	Farmacoterapia::Pediatría::Antiinfecciosos
¿Cómo se suspende Azitromicina (pediatría)?	Suspensión brusca al completar los días pautados.	Farmacoterapia::Pediatría::Antiinfecciosos
¿Qué hay que monitorizar durante el tratamiento con Azitromicina (pediatría)?	En el neonato, vigilar la aparición de VÓMITOS PROYECTIVOS (estenosis hipertrófica de píloro). ECG solo si hay cardiopatía o QT largo conocido.	Farmacoterapia::Pediatría::Antiinfecciosos
¿Cuál es la vida media de Azitromicina (pediatría)?	68 h (tisular aún mayor).	Farmacoterapia::Pediatría::Antiinfecciosos
¿Requiere Azitromicina (pediatría) ajuste en insuficiencia renal?	No precisa ajuste.	Farmacoterapia::Pediatría::Antiinfecciosos
Interacción crítica de Azitromicina (pediatría) con Fármacos que prolongan el QT: ¿qué ocurre y qué se hace?	Riesgo aditivo de arritmia. Manejo: Relevante en el niño con cardiopatía congénita o QT largo; hacer ECG previo	Farmacoterapia::Pediatría::Antiinfecciosos
Efecto adverso grave de Azitromicina (pediatría): ESTENOSIS HIPERTRÓFICA DE PÍLORO en el lactante menor de 1 mes — ¿en qué consiste?	ESTENOSIS HIPERTRÓFICA DE PÍLORO en el lactante menor de 1 mes	Farmacoterapia::Pediatría::Antiinfecciosos
Efecto adverso grave de Azitromicina (pediatría): Prolongación del QT — ¿en qué consiste?	Prolongación del QT	Farmacoterapia::Pediatría::Antiinfecciosos
Efecto adverso grave de Azitromicina (pediatría): Hepatotoxicidad — ¿en qué consiste?	Hepatotoxicidad	Farmacoterapia::Pediatría::Antiinfecciosos
Efecto adverso grave de Azitromicina (pediatría): Reacciones cutáneas graves — ¿en qué consiste?	Reacciones cutáneas graves	Farmacoterapia::Pediatría::Antiinfecciosos
Efecto adverso grave de Azitromicina (pediatría): Colitis por C. difficile — ¿en qué consiste?	Colitis por C. difficile (poco frecuente en el niño)	Farmacoterapia::Pediatría::Antiinfecciosos
¿Está contraindicado Azitromicina (pediatría) en: Alergia a macrólidos?	Sí — Alergia a macrólidos	Farmacoterapia::Pediatría::Antiinfecciosos
¿Está contraindicado Azitromicina (pediatría) en: QT largo congénito o adquirido significativo?	Sí — QT largo congénito o adquirido significativo	Farmacoterapia::Pediatría::Antiinfecciosos
¿Está contraindicado Azitromicina (pediatría) en: Antecedente de hepatotoxicidad por macrólidos?	Sí — Antecedente de hepatotoxicidad por macrólidos	Farmacoterapia::Pediatría::Antiinfecciosos
Particularidad de Azitromicina (pediatría) que hay que tener en cuenta:	En el lactante menor de 1 mes que recibe un macrólido hay que advertir a la familia sobre los VÓMITOS PROYECTIVOS: la estenosis hipertrófica de píloro asociada a macrólidos es una complicación real y quirúrgica, y detectarla pronto evita la deshidratación grave.	Farmacoterapia::Pediatría::Antiinfecciosos
¿Cuál es la dosis pediátrica de Azitromicina (pediatría)?	10 mg/kg/día el primer día y 5 mg/kg/día los días 2-5 (o 10 mg/kg/día durante 3 días) (máx.: 500 mg/día (dosis de adulto))	Farmacoterapia::Pediatría::Antiinfecciosos
¿A partir de qué edad puede usarse Azitromicina (pediatría)?	Desde el nacimiento cuando está indicada (tos ferina); es el macrólido de elección en el menor de 1 mes	Farmacoterapia::Pediatría::Antiinfecciosos
¿Qué cambia en Azitromicina (pediatría) en el niño respecto al adulto?	Los macrólidos en el lactante menor de 1 mes se asocian a ESTENOSIS HIPERTRÓFICA DE PÍLORO, con un riesgo claramente demostrado para la ERITROMICINA y bastante menor para la azitromicina: por eso, cuando un neonato necesita un macrólido (esencialmente por tos ferina o por infección por Chlamydia), la elección es la azitromicina, y hay que advertir a la familia de que consulte si el niño empieza con vómitos proyectivos. Además, en pediatría la azitromicina es el fármaco de la TOS FERINA, donde su papel principal no es acortar la enfermedad (que en la fase paroxística ya no se modifica) sino CORTAR LA TRANSMISIÓN, especialmente hacia lactantes no vacunados.	Farmacoterapia::Pediatría::Antiinfecciosos
¿A qué clase farmacológica pertenece Amoxicilina-clavulánico (pediatría)?	Antibiótico (Aminopenicilina con inhibidor de betalactamasas)	Farmacoterapia::Pediatría::Antiinfecciosos
¿Cuál es el mecanismo de acción de Amoxicilina-clavulánico (pediatría)?	La amoxicilina inhibe la transpeptidación de la pared bacteriana; el CLAVULÁNICO no tiene actividad antibiótica propia sino que actúa como INHIBIDOR SUICIDA de las betalactamasas, uniéndose irreversiblemente a ellas y protegiendo a la amoxicilina de su destrucción. Eso amplía el espectro a Haemophilus y Moraxella productores de betalactamasa, a S. aureus sensible a meticilina y a anaerobios. La consecuencia práctica en pediatría es que TODA la toxicidad añadida procede del clavulánico: la diarrea, el dolor abdominal y la hepatotoxicidad son suyos, no de la amoxicilina. De ahí la lógica de las formulaciones pediátricas de proporción ALTA (8:1 o 14:1): permiten subir la amoxicilina hasta los 80-90 mg/kg/día que exige el neumococo con sensibilidad disminuida SIN subir en la misma proporción el clavulánico, que es lo que produce la diarrea.	Farmacoterapia::Pediatría::Antiinfecciosos
¿Cuál es el espectro de Amoxicilina-clavulánico (pediatría)?	Streptococcus pneumoniae (incluidas cepas con sensibilidad intermedia a penicilina, a dosis altas), Streptococcus pyogenes, Haemophilus influenzae y Moraxella catarrhalis productores de betalactamasa, S. aureus sensible a meticilina, anaerobios de la boca. NO cubre: SARM, Pseudomonas, atípicas (Mycoplasma, Chlamydia) ni enterobacterias productoras de betalactamasas de espectro extendido.	Farmacoterapia::Pediatría::Antiinfecciosos
¿Cuál es la dosis de Amoxicilina-clavulánico (pediatría) en OTITIS MEDIA AGUDA con criterios de tratamiento antibiótico?	80-90 mg/kg/día de amoxicilina en 3 tomas, formulación 8:1 — Cada 8 horas durante 5-7 días (10 días en el menor de 2 años), vía VO	Farmacoterapia::Pediatría::Antiinfecciosos
¿A qué objetivo se ajusta la dosis de Amoxicilina-clavulánico (pediatría) en OTITIS MEDIA AGUDA con criterios de tratamiento antibiótico?	Resolución de la otalgia y de la fiebre en 48-72 horas	Farmacoterapia::Pediatría::Antiinfecciosos
¿Cuál es la dosis de Amoxicilina-clavulánico (pediatría) en NEUMONÍA adquirida en la comunidad del niño?	80-90 mg/kg/día de amoxicilina en 3 tomas — Cada 8 horas durante 5-7 días, vía VO	Farmacoterapia::Pediatría::Antiinfecciosos
¿Cuál es la dosis de Amoxicilina-clavulánico (pediatría) en SINUSITIS bacteriana y adenitis cervical supurada?	80-90 mg/kg/día en 3 tomas — Cada 8 horas durante 10 días, vía VO	Farmacoterapia::Pediatría::Antiinfecciosos
¿Cuál es la dosis de Amoxicilina-clavulánico (pediatría) en MORDEDURA de perro, gato o humana?	45-50 mg/kg/día en 3 tomas — Cada 8 horas durante 5-7 días, vía VO	Farmacoterapia::Pediatría::Antiinfecciosos
¿A qué objetivo se ajusta la dosis de Amoxicilina-clavulánico (pediatría) en MORDEDURA de perro, gato o humana?	Profilaxis o tratamiento de la infección de la herida	Farmacoterapia::Pediatría::Antiinfecciosos
¿Cuál es la dosis de Amoxicilina-clavulánico (pediatría) en Infección urinaria y neumonía por aspiración?	50 mg/kg/día en 3 tomas — Cada 8 horas, vía VO	Farmacoterapia::Pediatría::Antiinfecciosos
¿Cuánto dura el tratamiento con Amoxicilina-clavulánico (pediatría)?	Ciclos CORTOS de 5-7 días en la mayoría de los casos, con evidencia sólida de no inferioridad; 10 días en el menor de 2 años con otitis y en la faringitis estreptocócica.	Farmacoterapia::Pediatría::Antiinfecciosos
¿Cómo se suspende Amoxicilina-clavulánico (pediatría)?	Al completar el ciclo. No se prolonga por la persistencia de tos o mocos, que son residuales.	Farmacoterapia::Pediatría::Antiinfecciosos
¿Qué hay que monitorizar durante el tratamiento con Amoxicilina-clavulánico (pediatría)?	Respuesta clínica en 48-72 horas. Vigilar la aparición de diarrea y de exantema.	Farmacoterapia::Pediatría::Antiinfecciosos
¿Cuál es la vida media de Amoxicilina-clavulánico (pediatría)?	1-1,5 horas, más prolongada en el neonato por inmadurez renal.	Farmacoterapia::Pediatría::Antiinfecciosos
¿Requiere Amoxicilina-clavulánico (pediatría) ajuste en insuficiencia renal?	Ajustar el intervalo por filtrado glomerular.	Farmacoterapia::Pediatría::Antiinfecciosos
Efecto adverso grave de Amoxicilina-clavulánico (pediatría): ANAFILAXIA — ¿en qué consiste?	ANAFILAXIA (rara pero posible)	Farmacoterapia::Pediatría::Antiinfecciosos
Efecto adverso grave de Amoxicilina-clavulánico (pediatría): HEPATOTOXICIDAD colestásica por el clavulánico, que puede aparecer SEMANAS DESPUÉS de terminar el tratamiento — ¿en qué consiste?	HEPATOTOXICIDAD colestásica por el clavulánico, que puede aparecer SEMANAS DESPUÉS de terminar el tratamiento	Farmacoterapia::Pediatría::Antiinfecciosos
Efecto adverso grave de Amoxicilina-clavulánico (pediatría): Colitis por Clostridioides difficile — ¿en qué consiste?	Colitis por Clostridioides difficile	Farmacoterapia::Pediatría::Antiinfecciosos
Efecto adverso grave de Amoxicilina-clavulánico (pediatría): Síndrome de Stevens-Johnson y DRESS — ¿en qué consiste?	Síndrome de Stevens-Johnson y DRESS	Farmacoterapia::Pediatría::Antiinfecciosos
Efecto adverso grave de Amoxicilina-clavulánico (pediatría): Cristaluria y nefritis intersticial — ¿en qué consiste?	Cristaluria y nefritis intersticial	Farmacoterapia::Pediatría::Antiinfecciosos
Efecto adverso grave de Amoxicilina-clavulánico (pediatría): Convulsiones por acumulación en la insuficiencia renal sin ajuste — ¿en qué consiste?	Convulsiones por acumulación en la insuficiencia renal sin ajuste	Farmacoterapia::Pediatría::Antiinfecciosos
¿Está contraindicado Amoxicilina-clavulánico (pediatría) en: Anafilaxia previa a penicilinas?	Sí — Anafilaxia previa a penicilinas	Farmacoterapia::Pediatría::Antiinfecciosos
¿Está contraindicado Amoxicilina-clavulánico (pediatría) en: Antecedente de ictericia o hepatotoxicidad por amoxicilina-clavulánico?	Sí — Antecedente de ictericia o hepatotoxicidad por amoxicilina-clavulánico	Farmacoterapia::Pediatría::Antiinfecciosos
¿Está contraindicado Amoxicilina-clavulánico (pediatría) en: Uso rutinario en infecciones respiratorias VÍRICAS?	Sí — Uso rutinario en infecciones respiratorias VÍRICAS	Farmacoterapia::Pediatría::Antiinfecciosos
¿Está contraindicado Amoxicilina-clavulánico (pediatría) en: Prematuro?	Sí — Prematuro: precaución por la asociación descrita con enterocolitis necrosante	Farmacoterapia::Pediatría::Antiinfecciosos
Particularidad de Amoxicilina-clavulánico (pediatría) que hay que tener en cuenta:	La PROPORCIÓN es lo que distingue la prescripción pediátrica de la del adulto: para alcanzar los 80-90 mg/kg/día de amoxicilina que exige el neumococo hay que usar una formulación 8:1 o 14:1. Si se usa la de 4:1, el niño recibe demasiado clavulánico y tendrá diarrea, que es la causa principal de abandono del tratamiento.	Farmacoterapia::Pediatría::Antiinfecciosos
¿Cuál es la dosis pediátrica de Amoxicilina-clavulánico (pediatría)?	80-90 mg/kg/día de amoxicilina repartidos en 3 tomas, con formulación de proporción 8:1; 45 mg/kg/día en las infecciones que no requieren dosis alta (máx.: 3 g al día de amoxicilina; el clavulánico no debe superar los 10 mg/kg/día)	Farmacoterapia::Pediatría::Antiinfecciosos
¿A partir de qué edad puede usarse Amoxicilina-clavulánico (pediatría)?	Desde el recién nacido, con dosis y proporción específicas	Farmacoterapia::Pediatría::Antiinfecciosos
¿Qué cambia en Amoxicilina-clavulánico (pediatría) en el niño respecto al adulto?	La particularidad decisiva es la PROPORCIÓN entre amoxicilina y clavulánico, un concepto que solo existe en pediatría. En el adulto se usa un comprimido con una relación fija; en el niño se necesitan dosis ALTAS de amoxicilina (80-90 mg/kg/día) para vencer al neumococo con sensibilidad disminuida, y si se alcanzan usando una formulación de proporción baja (4:1), el niño recibe una cantidad de clavulánico que le producirá diarrea, dolor abdominal y, con frecuencia, el abandono del tratamiento. Por eso existen las formulaciones 8:1 y 14:1. A esto se añaden dos rasgos propios de la edad: la reconstitución de la SUSPENSIÓN (que requiere agitar bien, conservar en nevera y desechar a los 7-10 días, y que se hace mal con frecuencia) y el hecho de que la mayoría de las infecciones respiratorias del niño son VÍRICAS, de modo que el problema más común con este antibiótico no es cómo dosificarlo sino cuándo NO prescribirlo.	Farmacoterapia::Pediatría::Antiinfecciosos
¿A qué clase farmacológica pertenece Nirsevimab y palivizumab (profilaxis del VRS)?	Inmunización pasiva (Anticuerpos monoclonales frente a la proteína F del VRS)	Farmacoterapia::Pediatría::Antiinfecciosos
¿Cuál es el mecanismo de acción de Nirsevimab y palivizumab (profilaxis del VRS)?	Son anticuerpos monoclonales que se unen a la proteína F de FUSIÓN del virus respiratorio sincitial y la bloquean en su conformación de PREFUSIÓN, impidiendo que el virus fusione su envoltura con la membrana de la célula respiratoria y entre en ella. No es una vacuna: no estimula al sistema inmunitario del niño, sino que le proporciona el anticuerpo ya fabricado, de modo que la protección es INMEDIATA y no requiere respuesta inmunitaria propia, lo cual es decisivo en un recién nacido. La diferencia entre ambos es de ingeniería: el PALIVIZUMAB tiene una vida media normal y exige una inyección MENSUAL durante toda la estación; el NIRSEVIMAB lleva una modificación en su fragmento Fc que aumenta su afinidad por el receptor FcRn de reciclaje, prolongando su vida media hasta unos 70 días y permitiendo proteger toda la temporada con UNA SOLA dosis.	Farmacoterapia::Pediatría::Antiinfecciosos
¿Cuál es el espectro de Nirsevimab y palivizumab (profilaxis del VRS)?	Virus respiratorio sincitial (subtipos A y B). No cubre ningún otro virus respiratorio.	Farmacoterapia::Pediatría::Antiinfecciosos
¿Cuál es la dosis de Nirsevimab y palivizumab (profilaxis del VRS) en PROFILAXIS universal de la bronquiolitis por VRS en el lactante?	Nirsevimab 50 mg IM si pesa menos de 5 kg, o 100 mg si pesa 5 kg o más, en dosis única — Dosis única por temporada, vía IM	Farmacoterapia::Pediatría::Antiinfecciosos
¿A qué objetivo se ajusta la dosis de Nirsevimab y palivizumab (profilaxis del VRS) en PROFILAXIS universal de la bronquiolitis por VRS en el lactante?	Protección durante toda la temporada de VRS (unos 5 meses)	Farmacoterapia::Pediatría::Antiinfecciosos
¿Cuál es la dosis de Nirsevimab y palivizumab (profilaxis del VRS) en Profilaxis en el prematuro y en el niño con displasia broncopulmonar?	Nirsevimab en dosis única; alternativamente palivizumab 15 mg/kg IM mensual durante 5 meses — Dosis única o mensual según el producto, vía IM	Farmacoterapia::Pediatría::Antiinfecciosos
¿Cuál es la dosis de Nirsevimab y palivizumab (profilaxis del VRS) en Cardiopatía congénita hemodinámicamente significativa e inmunodeficiencia?	Nirsevimab 200 mg en la segunda temporada en los de mayor riesgo — Dosis única por temporada, vía IM	Farmacoterapia::Pediatría::Antiinfecciosos
¿Cuánto dura el tratamiento con Nirsevimab y palivizumab (profilaxis del VRS)?	Protección de unos 5 meses, que cubre toda la temporada.	Farmacoterapia::Pediatría::Antiinfecciosos
¿Cómo se suspende Nirsevimab y palivizumab (profilaxis del VRS)?	No requiere seguimiento.	Farmacoterapia::Pediatría::Antiinfecciosos
¿Qué hay que monitorizar durante el tratamiento con Nirsevimab y palivizumab (profilaxis del VRS)?	Observación breve tras la administración. No requiere control analítico.	Farmacoterapia::Pediatría::Antiinfecciosos
¿Cuál es la vida media de Nirsevimab y palivizumab (profilaxis del VRS)?	NIRSEVIMAB unos 70 días (frente a los 20 del palivizumab), gracias a la modificación del Fc que aumenta su reciclaje por el receptor FcRn.	Farmacoterapia::Pediatría::Antiinfecciosos
¿Requiere Nirsevimab y palivizumab (profilaxis del VRS) ajuste en insuficiencia renal?	No requiere ajuste.	Farmacoterapia::Pediatría::Antiinfecciosos
Efecto adverso grave de Nirsevimab y palivizumab (profilaxis del VRS): Reacciones de hipersensibilidad y anafilaxia — ¿en qué consiste?	Reacciones de hipersensibilidad y anafilaxia (muy raras)	Farmacoterapia::Pediatría::Antiinfecciosos
Efecto adverso grave de Nirsevimab y palivizumab (profilaxis del VRS): Precaución en el niño con trombocitopenia o trastorno de la coagulación por la vía intramuscular — ¿en qué consiste?	Precaución en el niño con trombocitopenia o trastorno de la coagulación por la vía intramuscular	Farmacoterapia::Pediatría::Antiinfecciosos
¿Está contraindicado Nirsevimab y palivizumab (profilaxis del VRS) en: Hipersensibilidad conocida al principio activo?	Sí — Hipersensibilidad conocida al principio activo	Farmacoterapia::Pediatría::Antiinfecciosos
¿Está contraindicado Nirsevimab y palivizumab (profilaxis del VRS) en: Precaución en trastornos graves de la coagulación?	Sí — Precaución en trastornos graves de la coagulación (vía intramuscular)	Farmacoterapia::Pediatría::Antiinfecciosos
Particularidad de Nirsevimab y palivizumab (profilaxis del VRS) que hay que tener en cuenta:	NO es una vacuna: es inmunización PASIVA. Se le da al niño el anticuerpo ya fabricado en lugar de pedirle que lo produzca, y esa distinción importa porque el lactante menor de 3 meses, que es el que más riesgo tiene, es precisamente el que peor responde a las vacunas.	Farmacoterapia::Pediatría::Antiinfecciosos
¿Cuál es la dosis pediátrica de Nirsevimab y palivizumab (profilaxis del VRS)?	Nirsevimab 50 mg IM en dosis ÚNICA si pesa menos de 5 kg, y 100 mg si pesa 5 kg o más (dosis por FRANJA de peso, no ponderal estricta) (máx.: 200 mg en el segundo año de vida en niños de alto riesgo; palivizumab 15 mg/kg mensual)	Farmacoterapia::Pediatría::Antiinfecciosos
¿A partir de qué edad puede usarse Nirsevimab y palivizumab (profilaxis del VRS)?	Desde el NACIMIENTO: se administra en la maternidad a los nacidos durante la temporada de VRS	Farmacoterapia::Pediatría::Antiinfecciosos
¿Qué cambia en Nirsevimab y palivizumab (profilaxis del VRS) en el niño respecto al adulto?	Es un fármaco que solo tiene sentido en pediatría, y su lógica es enteramente pediátrica. El VRS produce en el adulto un catarro y en el LACTANTE una bronquiolitis que es la primera causa de hospitalización en el primer año de vida, y esa diferencia se debe a la anatomía: la vía aérea del lactante tiene un calibre tan pequeño que el edema y el detritus celular que el virus produce la obstruyen, mientras que en un bronquio adulto ese mismo grosor de moco es irrelevante. A ello se añade que el lactante menor de 3 meses tiene una respuesta inmunitaria inmadura y no responde bien a las vacunas, razón por la que aquí se recurre a la inmunización PASIVA: se le da el anticuerpo hecho en lugar de pedirle que lo fabrique. La incorporación del nirsevimab a los calendarios ha reducido de forma drástica los ingresos por bronquiolitis, y representa uno de los cambios más visibles de la pediatría hospitalaria en décadas.	Farmacoterapia::Pediatría::Antiinfecciosos
¿A qué clase farmacológica pertenece Ceftriaxona (pediatría)?	Antibiótico betalactámico: cefalosporina de 3.ª generación (Cefalosporina parenteral de vida media larga)	Farmacoterapia::Pediatría::Antiinfecciosos
¿Cuál es el mecanismo de acción de Ceftriaxona (pediatría)?	Inhibe las proteínas fijadoras de penicilina y con ellas la síntesis del peptidoglucano de la pared bacteriana, produciendo lisis osmótica. Su vida media prolongada permite una sola dosis diaria y su excelente penetración en el LCR inflamado la convierte en el pilar del tratamiento empírico de la meningitis bacteriana a partir del mes de vida.	Farmacoterapia::Pediatría::Antiinfecciosos
¿Cuál es el espectro de Ceftriaxona (pediatría)?	Excelente frente a Streptococcus pneumoniae (incluidas cepas con sensibilidad disminuida a penicilina), Neisseria meningitidis, Haemophilus influenzae y enterobacterias. NO cubre Listeria monocytogenes, Enterococcus, SARM ni Pseudomonas.	Farmacoterapia::Pediatría::Antiinfecciosos
¿Cuál es la dosis de Ceftriaxona (pediatría) en Meningitis bacteriana en el mayor de 1 mes?	100 mg/kg/día repartidos cada 12 h (máximo 4 g/día) — Cada 12 h, vía IV	Farmacoterapia::Pediatría::Antiinfecciosos
¿Cuál es la dosis de Ceftriaxona (pediatría) en Sepsis y fiebre sin foco en el lactante mayor de 1 mes con criterios de riesgo?	50-75 mg/kg/día — Una vez al día, vía IV o IM	Farmacoterapia::Pediatría::Antiinfecciosos
¿Cuál es la dosis de Ceftriaxona (pediatría) en Neumonía adquirida en la comunidad que requiere ingreso?	50-75 mg/kg/día — Una vez al día, vía IV	Farmacoterapia::Pediatría::Antiinfecciosos
¿Cuál es la dosis de Ceftriaxona (pediatría) en Pielonefritis aguda del lactante y del niño?	50-75 mg/kg/día — Una vez al día, vía IV o IM	Farmacoterapia::Pediatría::Antiinfecciosos
¿Cuál es la dosis de Ceftriaxona (pediatría) en Artritis séptica y osteomielitis aguda?	50-100 mg/kg/día — Una vez al día, vía IV	Farmacoterapia::Pediatría::Antiinfecciosos
¿Cuánto dura el tratamiento con Ceftriaxona (pediatría)?	7 días en la meningitis meningocócica, 10-14 días en la neumocócica, 7-10 días en la pielonefritis, 2-4 semanas en la osteomielitis.	Farmacoterapia::Pediatría::Antiinfecciosos
¿Cómo se suspende Ceftriaxona (pediatría)?	Terapia secuencial a vía oral en cuanto el niño esté afebril, estable y tolere, con el antibiótico dirigido según el antibiograma.	Farmacoterapia::Pediatría::Antiinfecciosos
¿Qué hay que monitorizar durante el tratamiento con Ceftriaxona (pediatría)?	Respuesta clínica, hemograma, PCR o procalcitonina, función renal y hepática en tratamientos prolongados. Ecografía abdominal si aparece dolor por sospecha de barro biliar.	Farmacoterapia::Pediatría::Antiinfecciosos
¿Cuál es la vida media de Ceftriaxona (pediatría)?	6-9 h, larga para un betalactámico: por eso se administra una vez al día.	Farmacoterapia::Pediatría::Antiinfecciosos
¿Requiere Ceftriaxona (pediatría) ajuste en insuficiencia renal?	No precisa ajuste salvo insuficiencia renal grave combinada con hepática, gracias a su doble vía de eliminación.	Farmacoterapia::Pediatría::Antiinfecciosos
Interacción crítica de Ceftriaxona (pediatría) con SOLUCIONES CON CALCIO (Ringer lactato, nutrición parenteral): ¿qué ocurre y qué se hace?	PRECIPITACIÓN de sales de ceftriaxona-calcio con embolias pulmonares y renales MORTALES descritas en neonatos. Manejo: CONTRAINDICADA en el neonato. En el niño mayor, no administrar simultáneamente ni por la misma vía, y separar 48 h	Farmacoterapia::Pediatría::Antiinfecciosos
Interacción crítica de Ceftriaxona (pediatría) con Bilirrubina (neonato ictérico): ¿qué ocurre y qué se hace?	Desplazamiento de la unión a albúmina con aumento de la bilirrubina libre y riesgo de KERNÍCTERUS. Manejo: Contraindicada en el neonato: usar cefotaxima	Farmacoterapia::Pediatría::Antiinfecciosos
Efecto adverso grave de Ceftriaxona (pediatría): BARRO BILIAR — ¿en qué consiste?	BARRO BILIAR (pseudolitiasis) con dolor abdominal, reversible al suspenderla; frecuente en tratamientos prolongados a dosis altas	Farmacoterapia::Pediatría::Antiinfecciosos
Efecto adverso grave de Ceftriaxona (pediatría): KERNÍCTERUS en el neonato ictérico — ¿en qué consiste?	KERNÍCTERUS en el neonato ictérico	Farmacoterapia::Pediatría::Antiinfecciosos
Efecto adverso grave de Ceftriaxona (pediatría): PRECIPITACIÓN con calcio con embolias mortales en el neonato — ¿en qué consiste?	PRECIPITACIÓN con calcio con embolias mortales en el neonato	Farmacoterapia::Pediatría::Antiinfecciosos
Efecto adverso grave de Ceftriaxona (pediatría): Colitis por Clostridioides difficile — ¿en qué consiste?	Colitis por Clostridioides difficile	Farmacoterapia::Pediatría::Antiinfecciosos
Efecto adverso grave de Ceftriaxona (pediatría): Anemia hemolítica inmune y neutropenia — ¿en qué consiste?	Anemia hemolítica inmune y neutropenia	Farmacoterapia::Pediatría::Antiinfecciosos
Efecto adverso grave de Ceftriaxona (pediatría): Anafilaxia y reacciones cutáneas graves — ¿en qué consiste?	Anafilaxia y reacciones cutáneas graves	Farmacoterapia::Pediatría::Antiinfecciosos
¿Está contraindicado Ceftriaxona (pediatría) en: RECIÉN NACIDO?	Sí — RECIÉN NACIDO (menor de 28 días), especialmente si es prematuro, ictérico o recibe soluciones con calcio	Farmacoterapia::Pediatría::Antiinfecciosos
¿Está contraindicado Ceftriaxona (pediatría) en: Alergia inmediata?	Sí — Alergia inmediata (anafilaxia) a betalactámicos	Farmacoterapia::Pediatría::Antiinfecciosos
¿Está contraindicado Ceftriaxona (pediatría) en: Administración conjunta con soluciones que contengan calcio?	Sí — Administración conjunta con soluciones que contengan calcio	Farmacoterapia::Pediatría::Antiinfecciosos
Particularidad de Ceftriaxona (pediatría) que hay que tener en cuenta:	Las dos contraindicaciones neonatales no son farmacológicas sino FISICOQUÍMICAS, y por eso resultan fáciles de olvidar: desplaza la bilirrubina de la albúmina (kernícterus) y precipita con el calcio (embolias mortales). Ambas se resuelven con una regla sencilla: en el menor de 28 días, CEFOTAXIMA.	Farmacoterapia::Pediatría::Antiinfecciosos
¿Cuál es la dosis pediátrica de Ceftriaxona (pediatría)?	50-100 mg/kg/día; en meningitis, 100 mg/kg/día (máx.: 4 g/día (2 g por dosis en meningitis, cada 12 h))	Farmacoterapia::Pediatría::Antiinfecciosos
¿A partir de qué edad puede usarse Ceftriaxona (pediatría)?	A partir del MES de vida. En el neonato se sustituye por CEFOTAXIMA	Farmacoterapia::Pediatría::Antiinfecciosos
¿Qué cambia en Ceftriaxona (pediatría) en el niño respecto al adulto?	Dos contraindicaciones neonatales, ambas por mecanismos fisicoquímicos y no farmacológicos, definen su uso en pediatría. La primera: desplaza la BILIRRUBINA de su unión a la albúmina, y en un neonato con ictericia eso aumenta la bilirrubina libre capaz de atravesar la barrera hematoencefálica, con riesgo de KERNÍCTERUS. La segunda: PRECIPITA con el CALCIO formando sales insolubles que se han asociado a embolias pulmonares y renales mortales en recién nacidos, por lo que no debe administrarse con soluciones que contengan calcio (incluida la nutrición parenteral) ni en las 48 h siguientes. Por ambos motivos, en el menor de 28 días se usa CEFOTAXIMA. La tercera particularidad es de estrategia: en el lactante de 1 a 3 meses con meningitis hay que añadir AMPICILINA para cubrir Listeria, un hueco del espectro que se olvida con facilidad.	Farmacoterapia::Pediatría::Antiinfecciosos
